model,overlap_ratio,misalign_level,repeat,seed,gt_rotation_deg,gt_translation_pct_diag,source_point_count,method,rotation_error_deg,translation_error_raw,translation_error_pct_diag,rmse,converged,iterations,esa_cost,esa_time_ms,icp_total_time_ms,total_time_ms,corr_avg_ms,corr_total_ms,solve_avg_ms,solve_total_ms,iter_avg_ms,iter_total_ms
"Bunny",1,"Small",0,2026,14.1301,7.81435,72027,"ESA+SparseICP PointToPlane (p=0.400000)",0,4.50129e-08,2.25064e-06,4.58442e-08,1,2,2.64883e-05,1938.63,42.7064,1981.34,3.5492,7.0984,16.3286,32.6572,20.995,41.9901
"Bunny",1,"Small",0,2026,14.1301,7.81435,72027,"SparseICP PointToPlane (p=0.400000)",0.0279765,2.79397e-08,1.39698e-06,6.03649e-08,1,5,0,0,138.177,138.177,9.32078,46.6039,17.1442,85.7211,27.5585,137.792
"Bunny",1,"Small",1,2027,19.0395,5.65384,72027,"ESA+SparseICP PointToPlane (p=0.400000)",0,9.49766e-09,4.74883e-07,4.29403e-08,1,2,3.1148e-05,1860.65,43.3577,1904.01,4.12675,8.2535,16.2514,32.5027,21.4907,42.9815
"Bunny",1,"Small",1,2027,19.0395,5.65384,72027,"SparseICP PointToPlane (p=0.400000)",0,3.6118e-08,1.8059e-06,5.73142e-08,1,5,0,0,147.733,147.733,10.4806,52.403,17.8713,89.3564,29.4833,147.417
"Bunny",1,"Small",2,2028,11.7509,4.25935,72027,"ESA+SparseICP PointToPlane (p=0.400000)",0,5.63739e-08,2.81869e-06,4.85948e-08,1,2,2.84604e-05,1801.18,54.6068,1855.78,3.2572,6.5144,22.5042,45.0083,27.0896,54.1793
"Bunny",1,"Small",2,2028,11.7509,4.25935,72027,"SparseICP PointToPlane (p=0.400000)",0,7.82311e-08,3.91155e-06,5.70069e-08,1,4,0,0,96.4325,96.4325,6.15872,24.6349,16.504,66.016,24.0143,96.057
"Bunny",1,"Small",3,2029,12.6401,3.72874,72027,"ESA+SparseICP PointToPlane (p=0.400000)",0,1.40627e-08,7.03133e-07,4.64164e-08,1,2,2.96038e-05,1908.46,44.1486,1952.61,4.0572,8.1144,16.058,32.116,21.834,43.6681
"Bunny",1,"Small",3,2029,12.6401,3.72874,72027,"SparseICP PointToPlane (p=0.400000)",0,5.0678e-08,2.5339e-06,5.30629e-08,1,4,0,0,106.881,106.881,8.8217,35.2868,16.6533,66.6132,26.637,106.548
"Bunny",1,"Small",4,2030,16.7399,4.18538,72027,"ESA+SparseICP PointToPlane (p=0.400000)",173.468,0.48841,24.4205,0.088618,1,22,0.00752743,2562.67,1591.77,4154.44,30.2902,666.384,39.313,864.887,72.3347,1591.36
"Bunny",1,"Small",4,2030,16.7399,4.18538,72027,"SparseICP PointToPlane (p=0.400000)",0,4.45869e-08,2.22935e-06,5.68184e-08,1,5,0,0,159.483,159.483,8.09184,40.4592,21.6492,108.246,31.7881,158.941
"Bunny",1,"Small",5,2031,16.7843,4.28326,72027,"ESA+SparseICP PointToPlane (p=0.400000)",0,1.25297e-07,6.26483e-06,8.18714e-08,1,9,0.00616128,2367.57,369.201,2736.77,12.0402,108.362,26.706,240.354,40.9874,368.887
"Bunny",1,"Small",5,2031,16.7843,4.28326,72027,"SparseICP PointToPlane (p=0.400000)",0,7.56381e-08,3.7819e-06,6.92661e-08,1,4,0,0,131.748,131.748,9.79605,39.1842,21.199,84.7961,32.8396,131.359
"Bunny",1,"Small",6,2032,18.8492,5.38875,72027,"ESA+SparseICP PointToPlane (p=0.400000)",0,3.24763e-08,1.62382e-06,4.91368e-08,1,2,2.80839e-05,2195.43,57.9987,2253.43,3.70895,7.4179,22.7576,45.5153,28.7511,57.5023
"Bunny",1,"Small",6,2032,18.8492,5.38875,72027,"SparseICP PointToPlane (p=0.400000)",0.0279765,5.61581e-08,2.8079e-06,6.32589e-08,1,5,0,0,198.716,198.716,11.8978,59.4891,24.7587,123.794,39.6495,198.248
"Bunny",1,"Small",7,2033,19.6787,5.949,72027,"ESA+SparseICP PointToPlane (p=0.400000)",0,3.43581e-08,1.71791e-06,4.35546e-08,1,3,3.31086e-05,2663.63,70.1829,2733.81,3.61573,10.8472,17.7828,53.3485,23.3026,69.9078
"Bunny",1,"Small",7,2033,19.6787,5.949,72027,"SparseICP PointToPlane (p=0.400000)",0,6.89493e-08,3.44747e-06,5.36651e-08,1,4,0,0,110.27,110.27,8.30957,33.2383,17.7679,71.0717,27.4043,109.617
"Bunny",1,"Small",8,2034,18.8645,7.60209,72027,"ESA+SparseICP PointToPlane (p=0.400000)",0,3.07195e-08,1.53598e-06,4.8992e-08,1,2,2.84523e-05,2019.65,44.622,2064.27,3.55445,7.1089,16.7743,33.5485,22.1792,44.3585
"Bunny",1,"Small",8,2034,18.8645,7.60209,72027,"SparseICP PointToPlane (p=0.400000)",0,7.33383e-08,3.66692e-06,6.01486e-08,1,5,0,0,172.611,172.611,13.1755,65.8773,19.9206,99.603,34.4437,172.219
"Bunny",1,"Small",9,2035,18.2461,6.55628,72027,"ESA+SparseICP PointToPlane (p=0.400000)",0,1.67395e-08,8.36977e-07,4.33121e-08,1,2,2.6146e-05,2046.76,50.7761,2097.54,3.82085,7.6417,19.4369,38.8739,25.2271,50.4542
"Bunny",1,"Small",9,2035,18.2461,6.55628,72027,"SparseICP PointToPlane (p=0.400000)",0,8.18942e-08,4.09471e-06,5.96739e-08,1,5,0,0,154.547,154.547,10.7985,53.9924,18.7775,93.8877,30.8531,154.265
"Bunny",1,"Small",10,2036,12.1494,5.93533,72027,"ESA+SparseICP PointToPlane (p=0.400000)",0,1.39388e-08,6.96938e-07,4.3967e-08,1,2,2.64931e-05,2231.48,44.0256,2275.5,3.30055,6.6011,16.9181,33.8361,21.8865,43.773
"Bunny",1,"Small",10,2036,12.1494,5.93533,72027,"SparseICP PointToPlane (p=0.400000)",0,2.00613e-08,1.00307e-06,4.95001e-08,1,4,0,0,100.527,100.527,6.688,26.752,17.1036,68.4143,25.0578,100.231
"Bunny",1,"Small",11,2037,15.2081,3.57859,72027,"ESA+SparseICP PointToPlane (p=0.400000)",0,1.95578e-08,9.77889e-07,4.64352e-08,1,2,2.84988e-05,2008.03,51.4023,2059.43,4.16085,8.3217,19.0031,38.0062,25.5427,51.0855
"Bunny",1,"Small",11,2037,15.2081,3.57859,72027,"SparseICP PointToPlane (p=0.400000)",0,4.51763e-08,2.25882e-06,4.9806e-08,1,4,0,0,120.391,120.391,10.2582,41.0329,18.3517,73.4067,30.0271,120.108
"Bunny",1,"Small",12,2038,12.2256,7.12411,72027,"ESA+SparseICP PointToPlane (p=0.400000)",0,3.09446e-08,1.54723e-06,4.43944e-08,1,2,2.86809e-05,1976.64,43.6015,2020.24,3.6186,7.2372,16.298,32.5959,21.6652,43.3304
"Bunny",1,"Small",12,2038,12.2256,7.12411,72027,"SparseICP PointToPlane (p=0.400000)",0,3.74387e-08,1.87194e-06,5.54202e-08,1,5,0,0,148.37,148.37,10.7416,53.7079,17.6715,88.3574,29.6038,148.019
"Bunny",1,"Small",13,2039,19.3916,3.76912,72027,"ESA+SparseICP PointToPlane (p=0.400000)",0,1.54723e-08,7.73615e-07,4.49022e-08,1,2,2.57167e-05,1756.49,44.3784,1800.87,3.3119,6.6238,17.0088,34.0176,22.0635,44.1271
"Bunny",1,"Small",13,2039,19.3916,3.76912,72027,"SparseICP PointToPlane (p=0.400000)",0,1.05367e-08,5.26836e-07,5.11762e-08,1,5,0,0,142.054,142.054,9.68026,48.4013,17.4596,87.2982,28.3374,141.687
"Bunny",1,"Small",14,2040,11.6577,5.187,72027,"ESA+SparseICP PointToPlane (p=0.400000)",0,1.39388e-08,6.96938e-07,4.65874e-08,1,2,2.62541e-05,1966.36,42.9045,2009.27,3.33875,6.6775,16.2941,32.5882,21.3068,42.6135
"Bunny",1,"Small",14,2040,11.6577,5.187,72027,"SparseICP PointToPlane (p=0.400000)",0,1.10148e-07,5.50742e-06,6.5071e-08,1,5,0,0,142.395,142.395,9.56376,47.8188,17.6741,88.3703,28.4148,142.074
"Bunny",1,"Small",15,2041,13.4028,3.52032,72027,"ESA+SparseICP PointToPlane (p=0.400000)",0,4.23521e-08,2.11761e-06,5.03729e-08,1,2,2.75529e-05,1921.24,43.5913,1964.83,3.44235,6.8847,16.3873,32.7746,21.6681,43.3362
"Bunny",1,"Small",15,2041,13.4028,3.52032,72027,"SparseICP PointToPlane (p=0.400000)",0,2.499e-08,1.2495e-06,5.3798e-08,1,5,0,0,135.002,135.002,8.62346,43.1173,17.1327,85.6636,26.9283,134.642
"Bunny",1,"Small",16,2042,16.2111,5.28156,72027,"ESA+SparseICP PointToPlane (p=0.400000)",0,2.0825e-08,1.04125e-06,4.67609e-08,1,2,2.67076e-05,1858.63,42.716,1901.35,3.33125,6.6625,16.2137,32.4274,21.2305,42.461
"Bunny",1,"Small",16,2042,16.2111,5.28156,72027,"SparseICP PointToPlane (p=0.400000)",0.0279765,7.01157e-08,3.50578e-06,6.7608e-08,1,5,0,0,149.042,149.042,10.3811,51.9053,18.1385,90.6923,29.7104,148.552
"Bunny",1,"Small",17,2043,12.5898,3.25575,72027,"ESA+SparseICP PointToPlane (p=0.400000)",0,3.43959e-08,1.7198e-06,5.00256e-08,1,2,2.81273e-05,2073.15,44.7636,2117.92,3.63825,7.2765,16.8374,33.6747,22.2065,44.413
"Bunny",1,"Small",17,2043,12.5898,3.25575,72027,"SparseICP PointToPlane (p=0.400000)",0,3.43959e-08,1.7198e-06,6.16948e-08,1,5,0,0,154.111,154.111,9.99796,49.9898,19.1064,95.5322,30.7362,153.681
"Bunny",1,"Small",18,2044,12.5283,3.94527,72027,"ESA+SparseICP PointToPlane (p=0.400000)",0,3.45595e-08,1.72797e-06,5.27644e-08,1,2,2.76836e-05,1876.24,43.2327,1919.47,3.2687,6.5374,16.5164,33.0328,21.4911,42.9822
"Bunny",1,"Small",18,2044,12.5283,3.94527,72027,"SparseICP PointToPlane (p=0.400000)",0,5.39705e-08,2.69853e-06,4.98529e-08,1,4,0,0,101.116,101.116,7.26222,29.0489,16.7513,67.0054,25.1975,100.79
"Bunny",1,"Small",19,2045,18.8556,6.80954,72027,"ESA+SparseICP PointToPlane (p=0.400000)",0,2.58096e-08,1.29048e-06,5.15375e-08,1,3,3.25651e-05,1789.47,64.5616,1854.03,3.2789,9.8367,16.4552,49.3655,21.4146,64.2439
"Bunny",1,"Small",19,2045,18.8556,6.80954,72027,"SparseICP PointToPlane (p=0.400000)",0,6.75706e-08,3.37853e-06,6.10351e-08,1,5,0,0,138.163,138.163,8.9497,44.7485,17.3835,86.9176,27.5654,137.827
"Bunny",1,"Medium",0,3026,57.1524,24.6465,72027,"ESA+SparseICP PointToPlane (p=0.400000)",0.0279765,4.21468e-08,2.10734e-06,4.82808e-08,1,3,3.25744e-05,1742.19,65.1351,1807.32,3.32253,9.9676,16.5741,49.7224,21.5876,64.7627
"Bunny",1,"Medium",0,3026,57.1524,24.6465,72027,"SparseICP PointToPlane (p=0.400000)",0.0484566,4.11779e-07,2.0589e-05,1.1514e-07,1,17,0,0,798.157,798.157,18.8702,320.794,26.893,457.18,46.9246,797.719
"Bunny",1,"Medium",1,3027,67.3658,15.7881,72027,"ESA+SparseICP PointToPlane (p=0.400000)",0,4.165e-08,2.0825e-06,4.38506e-08,1,2,2.65308e-05,1857.31,43.1776,1900.49,3.3152,6.6304,16.4855,32.9711,21.4626,42.9252
"Bunny",1,"Medium",1,3027,67.3658,15.7881,72027,"SparseICP PointToPlane (p=0.400000)",0,4.01226e-08,2.00613e-06,6.31123e-08,1,7,0,0,279.305,279.305,16.9315,118.521,21.711,151.977,39.8538,278.977
"Bunny",1,"Medium",2,3028,49.7066,26.9083,72027,"ESA+SparseICP PointToPlane (p=0.400000)",0,3.332e-08,1.666e-06,5.63235e-08,1,2,2.62742e-05,1807.8,42.2037,1850.01,3.1364,6.2728,16.1037,32.2075,20.9178,41.8356
"Bunny",1,"Medium",2,3028,49.7066,26.9083,72027,"SparseICP PointToPlane (p=0.400000)",0,6.70552e-08,3.35276e-06,9.23665e-08,1,8,0,0,322.332,322.332,16.4427,131.542,22.6384,181.108,40.264,322.112
"Bunny",1,"Medium",3,3029,85.6268,18.8046,72027,"ESA+SparseICP PointToPlane (p=0.400000)",0,3.66899e-08,1.83449e-06,4.79129e-08,1,2,2.87256e-05,1939.92,44.181,1984.1,3.57995,7.1599,16.517,33.034,21.9597,43.9195
"Bunny",1,"Medium",3,3029,85.6268,18.8046,72027,"SparseICP PointToPlane (p=0.400000)",64.5196,0.239839,11.9919,0.0822759,1,5,0,0,262.79,262.79,22.7015,113.507,28.5827,142.913,52.4682,262.341
"Bunny",1,"Medium",4,3030,45.6806,20.5136,72027,"ESA+SparseICP PointToPlane (p=0.400000)",0,2.82417e-08,1.41208e-06,4.74165e-08,1,2,3.30409e-05,1904.28,43.5256,1947.8,3.58865,7.1773,16.0988,32.1976,21.6112,43.2224
"Bunny",1,"Medium",4,3030,45.6806,20.5136,72027,"SparseICP PointToPlane (p=0.400000)",0,4.00367e-08,2.00184e-06,7.24618e-08,1,5,0,0,189.915,189.915,14.8188,74.094,21.9307,109.653,37.9233,189.616
"Bunny",1,"Medium",5,3031,45.1718,28.918,72027,"ESA+SparseICP PointToPlane (p=0.400000)",0,7.30005e-08,3.65002e-06,5.26989e-08,1,2,2.79287e-05,1799.58,42.0439,1841.62,3.23695,6.4739,15.9501,31.9001,20.8879,41.7757
"Bunny",1,"Medium",5,3031,45.1718,28.918,72027,"SparseICP PointToPlane (p=0.400000)",168.162,1.11064,55.5318,0.0976983,1,34,0,0,4075.69,4075.69,60.4771,2056.22,58.2456,1980.35,119.864,4075.36
"Bunny",1,"Medium",6,3032,63.1696,17.0578,72027,"ESA+SparseICP PointToPlane (p=0.400000)",0,1.666e-08,8.33e-07,5.38527e-08,1,3,3.6676e-05,1871.55,66.0715,1937.62,3.32873,9.9862,16.7671,50.3012,21.9106,65.7318
"Bunny",1,"Medium",6,3032,63.1696,17.0578,72027,"SparseICP PointToPlane (p=0.400000)",173.787,1.01958,50.9789,0.103664,1,50,0,0,5028.62,5028.62,35.9967,1799.84,63.4813,3174.07,100.564,5028.21
"Bunny",1,"Medium",7,3033,49.7042,21.2889,72027,"ESA+SparseICP PointToPlane (p=0.400000)",0,4.47035e-08,2.23517e-06,4.45165e-08,1,2,2.67878e-05,1910.82,43.504,1954.32,3.23405,6.4681,16.7242,33.4483,21.6187,43.2375
"Bunny",1,"Medium",7,3033,49.7042,21.2889,72027,"SparseICP PointToPlane (p=0.400000)",0,9.996e-08,4.998e-06,7.58203e-08,1,7,0,0,257.444,257.444,14.8647,104.053,20.6974,144.882,36.7405,257.183
"Bunny",1,"Medium",8,3034,58.2658,15.7199,72027,"ESA+SparseICP PointToPlane (p=0.400000)",0,4.7707e-08,2.38535e-06,4.98376e-08,1,2,2.80815e-05,1929.95,42.9589,1972.91,3.46695,6.9339,16.1172,32.2344,21.3379,42.6759
"Bunny",1,"Medium",8,3034,58.2658,15.7199,72027,"SparseICP PointToPlane (p=0.400000)",45.861,0.413711,20.6856,0.0835329,1,11,0,0,568.433,568.433,21.7937,239.73,28.67,315.37,51.6477,568.125
"Bunny",1,"Medium",9,3035,60.7431,28.1603,72027,"ESA+SparseICP PointToPlane (p=0.400000)",0,5.16191e-08,2.58096e-06,5.49447e-08,1,3,6.46874e-05,1822.5,67.489,1889.99,3.65177,10.9553,16.9478,50.8434,22.375,67.1249
"Bunny",1,"Medium",9,3035,60.7431,28.1603,72027,"SparseICP PointToPlane (p=0.400000)",54.4171,0.785246,39.2623,0.0881499,1,7,0,0,403.369,403.369,26.8169,187.718,29.5709,206.996,57.5867,403.107
"Bunny",1,"Medium",10,3036,51.1803,26.0924,72027,"ESA+SparseICP PointToPlane (p=0.400000)",0,3.72529e-08,1.86265e-06,4.52665e-08,1,2,2.92442e-05,1813.34,44.1491,1857.49,3.66545,7.3309,16.5308,33.0616,21.9396,43.8792
"Bunny",1,"Medium",10,3036,51.1803,26.0924,72027,"SparseICP PointToPlane (p=0.400000)",0,9.45373e-08,4.72686e-06,7.28334e-08,1,7,0,0,279.599,279.599,17.0171,119.12,21.7308,152.116,39.8981,279.287
"Bunny",1,"Medium",11,3037,63.4831,27.0134,72027,"ESA+SparseICP PointToPlane (p=0.400000)",0,3.332e-08,1.666e-06,5.01799e-08,1,3,6.34387e-05,2807.54,68.4706,2876.01,4.12753,12.3826,16.7272,50.1816,22.7165,68.1494
"Bunny",1,"Medium",11,3037,63.4831,27.0134,72027,"SparseICP PointToPlane (p=0.400000)",0.0279765,1.49012e-07,7.45058e-06,1.15729e-07,1,24,0,0,1204.73,1204.73,20.3502,488.404,28.3658,680.779,50.1836,1204.41
"Bunny",1,"Medium",12,3038,84.7809,21.5531,72027,"ESA+SparseICP PointToPlane (p=0.400000)",0,3.07195e-08,1.53598e-06,5.07555e-08,1,3,5.58105e-05,2881.52,69.8711,2951.39,4.1555,12.4665,17.1644,51.4933,23.1725,69.5174
"Bunny",1,"Medium",12,3038,84.7809,21.5531,72027,"SparseICP PointToPlane (p=0.400000)",162.736,0.428652,21.4326,0.0973838,1,58,0,0,3895.48,3895.48,28.1129,1630.55,37.5721,2179.18,67.1556,3895.02
"Bunny",1,"Medium",13,3039,81.2007,18.1579,72027,"ESA+SparseICP PointToPlane (p=0.400000)",0,7.45058e-09,3.72529e-07,6.08323e-08,1,3,0.0001416,2179.3,68.3963,2247.69,4.1204,12.3612,16.6678,50.0034,22.7129,68.1387
"Bunny",1,"Medium",13,3039,81.2007,18.1579,72027,"SparseICP PointToPlane (p=0.400000)",48.8553,0.64415,32.2075,0.0811437,1,14,0,0,743.771,743.771,21.8969,306.556,29.9686,419.56,53.1066,743.492
"Bunny",1,"Medium",14,3040,49.627,22.4378,72027,"ESA+SparseICP PointToPlane (p=0.400000)",0,5.37269e-08,2.68634e-06,8.09722e-08,1,11,0.00684154,1936.63,430.891,2367.52,13.2208,145.429,24.0635,264.699,39.1473,430.621
"Bunny",1,"Medium",14,3040,49.627,22.4378,72027,"SparseICP PointToPlane (p=0.400000)",0,1.59101e-07,7.95504e-06,6.3102e-08,1,5,0,0,195.875,195.875,14.2697,71.3483,23.4658,117.329,39.1092,195.546
"Bunny",1,"Medium",15,3041,84.3973,16.0895,72027,"ESA+SparseICP PointToPlane (p=0.400000)",0,9.996e-08,4.998e-06,7.01971e-08,1,3,4.01923e-05,2406.12,67.6181,2473.74,3.51163,10.5349,17.0628,51.1885,22.4487,67.3461
"Bunny",1,"Medium",15,3041,84.3973,16.0895,72027,"SparseICP PointToPlane (p=0.400000)",0,9.18569e-08,4.59285e-06,8.71586e-08,1,12,0,0,534.407,534.407,17.9188,215.025,25.241,302.891,44.5106,534.128
"Bunny",1,"Medium",16,3042,55.3541,26.8132,72027,"ESA+SparseICP PointToPlane (p=0.400000)",0,1.03238e-07,5.16191e-06,5.84201e-08,1,3,4.31392e-05,2185.96,66.8651,2252.82,3.4472,10.3416,16.9805,50.9415,22.1649,66.4948
"Bunny",1,"Medium",16,3042,55.3541,26.8132,72027,"SparseICP PointToPlane (p=0.400000)",0,1.51963e-07,7.59813e-06,8.31683e-08,1,12,0,0,516.393,516.393,17.0933,205.12,24.6424,295.709,43.0104,516.125
"Bunny",1,"Medium",17,3043,75.129,27.892,72027,"ESA+SparseICP PointToPlane (p=0.400000)",0,3.72529e-08,1.86265e-06,5.32299e-08,1,3,5.93254e-05,1875.42,68.6805,1944.1,3.8738,11.6214,17.0129,51.0388,22.8095,68.4284
"Bunny",1,"Medium",17,3043,75.129,27.892,72027,"SparseICP PointToPlane (p=0.400000)",164.295,0.726569,36.3285,0.0974871,0,100,0,0,5824.57,5824.57,25.7111,2571.11,31.2601,3126.01,58.2404,5824.04
"Bunny",1,"Medium",18,3044,53.687,22.7869,72027,"ESA+SparseICP PointToPlane (p=0.400000)",0,9.5414e-08,4.7707e-06,5.74693e-08,1,3,0.000124341,2384.9,79.7024,2464.6,3.9665,11.8995,20.6148,61.8445,26.4818,79.4455
"Bunny",1,"Medium",18,3044,53.687,22.7869,72027,"SparseICP PointToPlane (p=0.400000)",0,3.07195e-08,1.53598e-06,9.41387e-08,1,11,0,0,586.531,586.531,20.1354,221.489,31.8109,349.92,53.2737,586.011
"Bunny",1,"Medium",19,3045,76.2329,28.3615,72027,"ESA+SparseICP PointToPlane (p=0.400000)",0,9.5414e-08,4.7707e-06,6.08542e-08,1,3,7.58598e-05,2259.41,69.3869,2328.79,3.66667,11,17.4372,52.3115,23.0424,69.1272
"Bunny",1,"Medium",19,3045,76.2329,28.3615,72027,"SparseICP PointToPlane (p=0.400000)",0,1.52691e-07,7.63457e-06,8.36816e-08,1,10,0,0,453.632,453.632,18.0944,180.944,25.9014,259.014,45.3381,453.381
"Bunny",1,"Large",0,4026,161.662,44.0725,72027,"ESA+SparseICP PointToPlane (p=0.400000)",0,8.42937e-08,4.21468e-06,5.6862e-08,1,4,0.00085873,2020.73,95.9281,2116.65,5.22077,20.8831,16.8679,67.4715,23.8891,95.5566
"Bunny",1,"Large",0,4026,161.662,44.0725,72027,"SparseICP PointToPlane (p=0.400000)",173.636,1.10287,55.1436,0.0877593,1,26,0,0,1421.36,1421.36,23.3497,607.093,29.9998,779.994,54.6574,1421.09
"Bunny",1,"Large",1,4027,133.888,53.2678,72027,"ESA+SparseICP PointToPlane (p=0.400000)",0,8.42937e-08,4.21468e-06,5.42699e-08,1,3,4.22118e-05,2173.57,71.2288,2244.8,3.64687,10.9406,18.2535,54.7605,23.6586,70.9759
"Bunny",1,"Large",1,4027,133.888,53.2678,72027,"SparseICP PointToPlane (p=0.400000)",137.725,1.60126,80.0632,0.112867,1,7,0,0,468.212,468.212,29.1337,203.936,36.4348,255.043,66.8497,467.948
"Bunny",1,"Large",2,4028,178.925,41.9142,72027,"ESA+SparseICP PointToPlane (p=0.400000)",0,1.05696e-07,5.28479e-06,6.28014e-08,1,4,0.000407983,2103.64,93.7315,2197.38,4.71913,18.8765,16.8552,67.4207,23.3655,93.4622
"Bunny",1,"Large",2,4028,178.925,41.9142,72027,"SparseICP PointToPlane (p=0.400000)",162.814,2.01773,100.887,0.105986,1,30,0,0,1684.69,1684.69,22.6427,679.28,32.177,965.309,56.1467,1684.4
"Bunny",1,"Large",3,4029,140.983,52.901,72027,"ESA+SparseICP PointToPlane (p=0.400000)",0,1.97686e-07,9.88431e-06,7.6995e-08,1,4,0.000591089,2020.6,96.9692,2117.57,5.16155,20.6462,17.0783,68.3133,24.1709,96.6834
"Bunny",1,"Large",3,4029,140.983,52.901,72027,"SparseICP PointToPlane (p=0.400000)",0,2.9951e-07,1.49755e-05,3.60827e-07,1,39,0,0,2776.55,2776.55,20.5702,802.236,49.3392,1924.23,71.184,2776.18
"Bunny",1,"Large",4,4030,127.182,54.8245,72027,"ESA+SparseICP PointToPlane (p=0.400000)",0,6.00685e-08,3.00343e-06,6.10663e-08,1,4,0.00101227,1922.53,101.895,2024.42,5.51135,22.0454,18.0626,72.2502,25.4102,101.641
"Bunny",1,"Large",4,4030,127.182,54.8245,72027,"SparseICP PointToPlane (p=0.400000)",163.763,1.95238,97.6191,0.0873694,1,38,0,0,3154.61,3154.61,23.636,898.168,58.1171,2208.45,83.0082,3154.31
"Bunny",1,"Large",5,4031,132.553,65.0281,72027,"ESA+SparseICP PointToPlane (p=0.400000)",0,2.55067e-07,1.27533e-05,8.50264e-08,1,6,0.00575638,1983.03,183.964,2167,9.6507,57.9042,19.1407,114.844,30.6142,183.685
"Bunny",1,"Large",5,4031,132.553,65.0281,72027,"SparseICP PointToPlane (p=0.400000)",172.554,2.7215,136.075,0.0883806,1,71,0,0,3917.5,3917.5,22.7413,1614.63,31.1175,2209.34,55.1707,3917.12
"Bunny",1,"Large",6,4032,178.064,51.6715,72027,"ESA+SparseICP PointToPlane (p=0.400000)",0,1.07454e-07,5.37269e-06,6.55641e-08,1,3,7.46385e-05,1817.58,79.706,1897.28,3.98137,11.9441,19.9135,59.7405,26.4823,79.4469
"Bunny",1,"Large",6,4032,178.064,51.6715,72027,"SparseICP PointToPlane (p=0.400000)",174.418,2.54694,127.347,0.0913041,0,100,0,0,5420.44,5420.44,22.2419,2224.19,30.4051,3040.51,54.1994,5419.94
"Bunny",1,"Large",7,4033,150.943,59.9059,72027,"ESA+SparseICP PointToPlane (p=0.400000)",0.0279765,1.36571e-07,6.82857e-06,6.3956e-08,1,3,0.000154007,2077.98,68.0506,2146.03,4.08187,12.2456,16.7136,50.1407,22.5674,67.7022
"Bunny",1,"Large",7,4033,150.943,59.9059,72027,"SparseICP PointToPlane (p=0.400000)",155.799,1.64476,82.2379,0.105094,1,10,0,0,691.918,691.918,30.864,308.64,37.017,370.17,69.1571,691.571
"Bunny",1,"Large",8,4034,123.177,66.3001,72027,"ESA+SparseICP PointToPlane (p=0.400000)",0,1.84317e-07,9.21586e-06,7.00236e-08,1,3,7.88901e-05,2645.76,101.352,2747.11,4.76763,14.3029,26.0611,78.1834,33.5733,100.72
"Bunny",1,"Large",8,4034,123.177,66.3001,72027,"SparseICP PointToPlane (p=0.400000)",162.24,0.477298,23.8649,0.0888554,1,20,0,0,1348.55,1348.55,29.978,599.559,35.8988,717.975,67.3136,1346.27
"Bunny",1,"Large",9,4035,178.047,57.5918,72027,"ESA+SparseICP PointToPlane (p=0.400000)",0.0279765,2.14908e-07,1.07454e-05,7.11494e-08,1,3,0.000277318,1572.13,73.1375,1645.27,5.82227,17.4668,16.6839,50.0518,24.2655,72.7965
"Bunny",1,"Large",9,4035,178.047,57.5918,72027,"SparseICP PointToPlane (p=0.400000)",0.0395647,4.80548e-07,2.40274e-05,6.15659e-07,1,49,0,0,5939.44,5939.44,49.8439,2442.35,70.1609,3437.88,121.203,5938.97
"Bunny",1,"Large",10,4036,175.898,51.8581,72027,"ESA+SparseICP PointToPlane (p=0.400000)",172.699,1.28852,64.4262,0.0857983,0,25,0.00919084,2021.94,1493.78,3515.72,27.3967,684.919,30.24,756.001,59.7366,1493.41
"Bunny",1,"Large",10,4036,175.898,51.8581,72027,"SparseICP PointToPlane (p=0.400000)",163.792,2.44954,122.477,0.10004,0,100,0,0,6192.99,6192.99,26.1988,2619.88,34.3543,3435.43,61.9258,6192.58
"Bunny",1,"Large",11,4037,129.481,60.3966,72027,"ESA+SparseICP PointToPlane (p=0.400000)",0,1.8128e-07,9.06402e-06,6.25941e-08,1,3,0.000169616,2074.43,68.9796,2143.4,4.3725,13.1175,16.8141,50.4423,22.9027,68.708
"Bunny",1,"Large",11,4037,129.481,60.3966,72027,"SparseICP PointToPlane (p=0.400000)",167.268,1.87912,93.956,0.127784,0,100,0,0,13630.3,13630.3,52.3808,5238.08,82.6861,8268.61,136.299,13629.9
"Bunny",1,"Large",12,4038,171.94,51.3333,72027,"ESA+SparseICP PointToPlane (p=0.400000)",0,2.58525e-07,1.29263e-05,1.52002e-07,1,3,0.000364347,2029.12,79.475,2108.6,5.19957,15.5987,19.0717,57.215,26.3283,78.9848
"Bunny",1,"Large",12,4038,171.94,51.3333,72027,"SparseICP PointToPlane (p=0.400000)",173.899,2.46928,123.464,0.0862732,1,14,0,0,891.725,891.725,26.902,376.628,35.1929,492.701,63.6492,891.089
"Bunny",1,"Large",13,4039,167.955,52.1149,72027,"ESA+SparseICP PointToPlane (p=0.400000)",0,8.9407e-08,4.47035e-06,4.74823e-08,1,2,2.60491e-05,2184.98,42.5609,2227.54,3.18015,6.3603,16.2513,32.5026,21.1549,42.3098
"Bunny",1,"Large",13,4039,167.955,52.1149,72027,"SparseICP PointToPlane (p=0.400000)",179.403,1.04628,52.3141,0.11416,0,100,0,0,5755.18,5755.18,24.2263,2422.63,31.8887,3188.87,57.5478,5754.78
"Bunny",1,"Large",14,4040,125.925,50.4884,72027,"ESA+SparseICP PointToPlane (p=0.400000)",0,2.31358e-07,1.15679e-05,7.24637e-08,1,4,0.000658299,1783.91,95.1989,1879.1,5.46817,21.8727,16.5065,66.026,23.7066,94.8262
"Bunny",1,"Large",14,4040,125.925,50.4884,72027,"SparseICP PointToPlane (p=0.400000)",142.251,1.77124,88.5621,0.111487,0,100,0,0,6125.72,6125.72,26.0559,2605.59,33.9033,3390.33,61.2533,6125.33
"Bunny",1,"Large",15,4041,155.401,44.2104,72027,"ESA+SparseICP PointToPlane (p=0.400000)",0,1.76941e-07,8.84707e-06,8.0423e-08,1,4,0.000302321,1943.53,94.5804,2038.11,4.86282,19.4513,16.9708,67.8832,23.5674,94.2697
"Bunny",1,"Large",15,4041,155.401,44.2104,72027,"SparseICP PointToPlane (p=0.400000)",167.561,1.40866,70.4329,0.116533,1,17,0,0,999.998,999.998,24.1987,411.379,33.2579,565.385,58.791,999.448
"Bunny",1,"Large",16,4042,152.314,53.3387,72027,"ESA+SparseICP PointToPlane (p=0.400000)",0,8.6888e-08,4.3444e-06,7.28803e-08,1,4,0.000544854,2414.12,94.9513,2509.07,5.02415,20.0966,16.8613,67.4451,23.6204,94.4815
"Bunny",1,"Large",16,4042,152.314,53.3387,72027,"SparseICP PointToPlane (p=0.400000)",166.297,2.16912,108.456,0.0960553,1,16,0,0,1282.57,1282.57,37.9113,606.581,40.7797,652.475,80.1452,1282.32
"Bunny",1,"Large",17,4043,120.131,65.0289,72027,"ESA+SparseICP PointToPlane (p=0.400000)",0,1.03238e-07,5.16191e-06,6.80879e-08,1,4,0.00188366,2216.36,104.607,2320.97,6.63338,26.5335,17.4619,69.8477,26.0843,104.337
"Bunny",1,"Large",17,4043,120.131,65.0289,72027,"SparseICP PointToPlane (p=0.400000)",146.323,9.57168,478.584,6.3984,1,44,0,0,5786.61,5786.61,49.932,2197.01,80.3237,3534.24,131.506,5786.27
"Bunny",1,"Large",18,4044,170.923,54.74,72027,"ESA+SparseICP PointToPlane (p=0.400000)",0,2.20139e-07,1.1007e-05,7.87242e-08,1,4,0.00102629,2057,97.7646,2154.76,5.70612,22.8245,16.9041,67.6164,24.3155,97.2621
"Bunny",1,"Large",18,4044,170.923,54.74,72027,"SparseICP PointToPlane (p=0.400000)",162.717,3.05358,152.679,0.120762,1,64,0,0,4124.55,4124.55,27.7718,1777.4,35.1399,2248.96,64.4388,4124.08
"Bunny",1,"Large",19,4045,143.91,58.7192,72027,"ESA+SparseICP PointToPlane (p=0.400000)",0,1.19209e-07,5.96046e-06,7.22394e-08,1,4,0.00150421,1966.98,101.507,2068.49,5.977,23.908,17.511,70.044,25.3123,101.249
"Bunny",1,"Large",19,4045,143.91,58.7192,72027,"SparseICP PointToPlane (p=0.400000)",0,3.10073e-07,1.55037e-05,1.18285e-07,1,23,0,0,1325.69,1325.69,23.1953,533.492,32.9955,758.897,57.6201,1325.26
"Bunny",0.75,"Small",0,12026,15.8647,5.88111,54024,"ESA+SparseICP PointToPlane (p=0.400000)",0,5.05323e-08,2.52661e-06,5.14787e-08,1,3,3.82989e-05,1925.76,48.4406,1974.2,2.57923,7.7377,12.5686,37.7058,16.0869,48.2607
"Bunny",0.75,"Small",0,12026,15.8647,5.88111,54024,"SparseICP PointToPlane (p=0.400000)",0,9.71437e-08,4.85718e-06,7.0528e-08,1,5,0,0,116.809,116.809,8.1673,40.8365,14.3274,71.6368,23.3182,116.591
"Bunny",0.75,"Small",1,12027,10.8474,5.78967,54024,"ESA+SparseICP PointToPlane (p=0.400000)",0,3.0092e-08,1.5046e-06,4.36397e-08,1,2,2.88294e-05,2079.75,31.7311,2111.48,2.4283,4.8566,12.4768,24.9537,15.7775,31.555
"Bunny",0.75,"Small",1,12027,10.8474,5.78967,54024,"SparseICP PointToPlane (p=0.400000)",0,4.97103e-08,2.48551e-06,5.99141e-08,1,5,0,0,96.4014,96.4014,5.42692,27.1346,12.9735,64.8674,19.2395,96.1974
"Bunny",0.75,"Small",2,12028,19.0197,4.80839,54024,"ESA+SparseICP PointToPlane (p=0.400000)",76.167,0.704249,35.2125,0.0673447,0,25,0.00526283,2045.7,953.936,2999.64,15.6091,390.228,21.4001,535.003,38.1489,953.723
"Bunny",0.75,"Small",2,12028,19.0197,4.80839,54024,"SparseICP PointToPlane (p=0.400000)",0,5.22869e-08,2.61435e-06,5.79193e-08,1,5,0,0,112.456,112.456,6.65982,33.2991,14.6814,73.407,22.3866,111.933
"Bunny",0.75,"Small",3,12029,16.1135,6.59332,54024,"ESA+SparseICP PointToPlane (p=0.400000)",0,5.47504e-08,2.73752e-06,5.35568e-08,1,3,0.00011831,2224.8,48.807,2273.61,3.02167,9.065,12.108,36.3241,16.2074,48.6222
"Bunny",0.75,"Small",3,12029,16.1135,6.59332,54024,"SparseICP PointToPlane (p=0.400000)",0,5.81909e-08,2.90954e-06,6.90604e-08,1,5,0,0,101.262,101.262,6.541,32.705,12.7131,63.5657,20.1968,100.984
"Bunny",0.75,"Small",4,12030,19.9121,3.5562,54024,"ESA+SparseICP PointToPlane (p=0.400000)",0,1.17804e-08,5.8902e-07,4.92975e-08,1,2,2.73332e-05,2092.38,37.0455,2129.43,2.7576,5.5152,14.2915,28.583,18.3489,36.6978
"Bunny",0.75,"Small",4,12030,19.9121,3.5562,54024,"SparseICP PointToPlane (p=0.400000)",0,1.67638e-08,8.3819e-07,6.26352e-08,1,5,0,0,115.88,115.88,7.85376,39.2688,14.241,71.205,23.14,115.7
"Bunny",0.75,"Small",5,12031,13.8276,4.65549,54024,"ESA+SparseICP PointToPlane (p=0.400000)",0,2.64732e-08,1.32366e-06,5.39399e-08,1,3,3.27325e-05,1892.02,47.6391,1939.66,2.64743,7.9423,12.2808,36.8425,15.8196,47.4588
"Bunny",0.75,"Small",5,12031,13.8276,4.65549,54024,"SparseICP PointToPlane (p=0.400000)",0,4.45577e-08,2.22789e-06,5.18411e-08,1,4,0,0,80.5252,80.5252,6.3952,25.5808,12.8014,51.2058,20.0322,80.1288
"Bunny",0.75,"Small",6,12032,10.3788,5.96914,54024,"ESA+SparseICP PointToPlane (p=0.400000)",0,2.2969e-08,1.14845e-06,4.46282e-08,1,3,3.52407e-05,1787.28,48.2764,1835.56,2.44533,7.336,12.7128,38.1385,16.0316,48.0948
"Bunny",0.75,"Small",6,12032,10.3788,5.96914,54024,"SparseICP PointToPlane (p=0.400000)",0,5.53569e-08,2.76785e-06,5.72512e-08,1,5,0,0,106.219,106.219,7.03858,35.1929,13.2681,66.3407,21.1967,105.983
"Bunny",0.75,"Small",7,12033,16.0594,7.75146,54024,"ESA+SparseICP PointToPlane (p=0.400000)",0,1.82501e-08,9.12506e-07,4.71029e-08,1,2,2.71175e-05,1898.25,31.3417,1929.59,2.51995,5.0399,12.1625,24.3251,15.5781,31.1562
"Bunny",0.75,"Small",7,12033,16.0594,7.75146,54024,"SparseICP PointToPlane (p=0.400000)",0,6.00685e-08,3.00343e-06,6.76305e-08,1,5,0,0,120.622,120.622,9.12128,45.6064,14.075,70.3749,24.042,120.21
"Bunny",0.75,"Small",8,12034,17.4235,7.85751,54024,"ESA+SparseICP PointToPlane (p=0.400000)",0,3.93053e-08,1.96527e-06,5.26689e-08,1,3,4.35504e-05,1997.55,47.0006,2044.55,2.5099,7.5297,12.1877,36.5631,15.58,46.74
"Bunny",0.75,"Small",8,12034,17.4235,7.85751,54024,"SparseICP PointToPlane (p=0.400000)",0,9.06301e-08,4.53151e-06,6.17633e-08,1,5,0,0,107.974,107.974,7.34274,36.7137,13.3412,66.7059,21.5288,107.644
"Bunny",0.75,"Small",9,12035,18.3983,7.83131,54024,"ESA+SparseICP PointToPlane (p=0.400000)",0,2.58096e-08,1.29048e-06,4.78878e-08,1,2,2.83986e-05,1878.18,31.9885,1910.17,2.63475,5.2695,12.3431,24.6863,15.8986,31.7973
"Bunny",0.75,"Small",9,12035,18.3983,7.83131,54024,"SparseICP PointToPlane (p=0.400000)",0,1.94466e-08,9.72329e-07,6.13999e-08,1,6,0,0,137.903,137.903,8.329,49.974,13.6956,82.1734,22.9413,137.648
"Bunny",0.75,"Small",10,12036,18.4915,6.59783,54024,"ESA+SparseICP PointToPlane (p=0.400000)",0,2.81253e-08,1.40627e-06,4.51705e-08,1,2,2.81152e-05,1863.48,32.9519,1896.43,2.7054,5.4108,12.4732,24.9464,16.3576,32.7152
"Bunny",0.75,"Small",10,12036,18.4915,6.59783,54024,"SparseICP PointToPlane (p=0.400000)",0,6.74743e-08,3.37372e-06,6.10377e-08,1,5,0,0,105.054,105.054,6.99362,34.9681,13.0775,65.3874,20.9505,104.752
"Bunny",0.75,"Small",11,12037,13.2457,7.40193,54024,"ESA+SparseICP PointToPlane (p=0.400000)",0.0395647,8.21163e-08,4.10582e-06,1.0135e-07,1,17,0.00501175,1801.41,507.223,2308.64,11.4283,194.282,17.416,296.072,29.8182,506.91
"Bunny",0.75,"Small",11,12037,13.2457,7.40193,54024,"SparseICP PointToPlane (p=0.400000)",0,3.55097e-08,1.77549e-06,6.43384e-08,1,6,0,0,142.526,142.526,8.75508,52.5305,14.1103,84.6619,23.715,142.29
"Bunny",0.75,"Small",12,12038,13.9121,4.03845,54024,"ESA+SparseICP PointToPlane (p=0.400000)",0,5.12143e-08,2.56071e-06,5.26311e-08,1,3,6.16659e-05,2065.38,54.5219,2119.9,3.65517,10.9655,13.2833,39.8498,18.0265,54.0795
"Bunny",0.75,"Small",12,12038,13.9121,4.03845,54024,"SparseICP PointToPlane (p=0.400000)",0.0279765,5.33706e-08,2.66853e-06,5.48795e-08,1,5,0,0,104.329,104.329,6.68514,33.4257,13.0736,65.3681,20.8105,104.053
"Bunny",0.75,"Small",13,12039,11.4651,3.04618,54024,"ESA+SparseICP PointToPlane (p=0.400000)",0,4.7825e-08,2.39125e-06,5.82658e-08,1,3,3.69617e-05,2037.54,50.2812,2087.82,2.5182,7.5546,13.2912,39.8735,16.7014,50.1042
"Bunny",0.75,"Small",13,12039,11.4651,3.04618,54024,"SparseICP PointToPlane (p=0.400000)",0,3.49091e-08,1.74545e-06,5.53127e-08,1,5,0,0,105.712,105.712,6.90804,34.5402,13.2735,66.3674,21.0998,105.499
"Bunny",0.75,"Small",14,12040,17.8845,6.02022,54024,"ESA+SparseICP PointToPlane (p=0.400000)",0,3.16101e-08,1.58051e-06,5.22242e-08,1,2,2.76314e-05,2676.63,36.8501,2713.48,3.023,6.046,14.0323,28.0645,18.3141,36.6283
"Bunny",0.75,"Small",14,12040,17.8845,6.02022,54024,"SparseICP PointToPlane (p=0.400000)",0,4.53201e-08,2.26601e-06,6.52214e-08,1,6,0,0,140.73,140.73,8.52677,51.1606,13.9926,83.9554,23.4184,140.511
"Bunny",0.75,"Small",15,12041,15.0547,6.30689,54024,"ESA+SparseICP PointToPlane (p=0.400000)",0,3.50455e-08,1.75227e-06,4.75343e-08,1,2,2.82314e-05,2045.96,32.6839,2078.65,2.6416,5.2832,12.497,24.994,16.254,32.508
"Bunny",0.75,"Small",15,12041,15.0547,6.30689,54024,"SparseICP PointToPlane (p=0.400000)",0,7.49006e-08,3.74503e-06,6.48032e-08,1,5,0,0,109.367,109.367,6.75654,33.7827,14.0685,70.3427,21.8412,109.206
"Bunny",0.75,"Small",16,12042,10.1881,5.75882,54024,"ESA+SparseICP PointToPlane (p=0.400000)",0,5.55388e-08,2.77694e-06,5.10403e-08,1,2,2.85893e-05,2156.25,33.7605,2190.01,2.70175,5.4035,13.0511,26.1023,16.728,33.4561
"Bunny",0.75,"Small",16,12042,10.1881,5.75882,54024,"SparseICP PointToPlane (p=0.400000)",0,7.80438e-08,3.90219e-06,5.96034e-08,1,5,0,0,106.087,106.087,7.22682,36.1341,13.1405,65.7025,21.1886,105.943
"Bunny",0.75,"Small",17,12043,11.4917,3.0728,54024,"ESA+SparseICP PointToPlane (p=0.400000)",0,5.83472e-08,2.91736e-06,7.06421e-08,1,3,3.5236e-05,2007.84,49.9092,2057.75,2.79723,8.3917,12.8205,38.4614,16.5759,49.7277
"Bunny",0.75,"Small",17,12043,11.4917,3.0728,54024,"SparseICP PointToPlane (p=0.400000)",0,7.29113e-08,3.64557e-06,5.95691e-08,1,4,0,0,83.9153,83.9153,7.19963,28.7985,12.8422,51.3686,20.9339,83.7358
"Bunny",0.75,"Small",18,12044,12.5881,4.29165,54024,"ESA+SparseICP PointToPlane (p=0.400000)",0,2.00613e-08,1.00307e-06,4.76608e-08,1,2,2.70299e-05,2074.48,32.9346,2107.42,2.806,5.612,12.6376,25.2751,16.377,32.754
"Bunny",0.75,"Small",18,12044,12.5881,4.29165,54024,"SparseICP PointToPlane (p=0.400000)",0,4.66778e-08,2.33389e-06,5.92803e-08,1,4,0,0,93.2761,93.2761,8.36055,33.4422,13.8138,55.2554,23.2644,93.0576
"Bunny",0.75,"Small",19,12045,14.019,5.49846,54024,"ESA+SparseICP PointToPlane (p=0.400000)",0.0279765,2.30396e-08,1.15198e-06,4.69753e-08,1,2,2.95103e-05,2141.11,34.9879,2176.1,3.315,6.63,12.8662,25.7324,17.3834,34.7669
"Bunny",0.75,"Small",19,12045,14.019,5.49846,54024,"SparseICP PointToPlane (p=0.400000)",0,5.52864e-08,2.76432e-06,5.61252e-08,1,4,0,0,81.9253,81.9253,6.28648,25.1459,12.8643,51.4571,20.4353,81.7414
"Bunny",0.75,"Medium",0,13026,69.9581,29.1115,54024,"ESA+SparseICP PointToPlane (p=0.400000)",0,1.96074e-07,9.80369e-06,8.70938e-08,1,4,0.000335606,2150.54,67.4257,2217.97,3.45918,13.8367,12.3907,49.5626,16.8033,67.2134
"Bunny",0.75,"Medium",0,13026,69.9581,29.1115,54024,"SparseICP PointToPlane (p=0.400000)",76.3547,1.3223,66.1149,0.0690014,1,83,0,0,3137.72,3137.72,15.6195,1296.42,21.1753,1757.55,37.8006,3137.45
"Bunny",0.75,"Medium",1,13027,50.2276,22.1164,54024,"ESA+SparseICP PointToPlane (p=0.400000)",0,7.45058e-09,3.72529e-07,4.62386e-08,1,2,2.62812e-05,2245.94,31.8609,2277.8,2.48875,4.9775,12.1568,24.3136,15.8405,31.681
"Bunny",0.75,"Medium",1,13027,50.2276,22.1164,54024,"SparseICP PointToPlane (p=0.400000)",0,5.37269e-08,2.68634e-06,7.06225e-08,1,10,0,0,354.46,354.46,14.5709,145.709,19.8272,198.272,35.4248,354.248
"Bunny",0.75,"Medium",2,13028,86.2226,18.1784,54024,"ESA+SparseICP PointToPlane (p=0.400000)",0,1.46441e-07,7.32203e-06,7.45418e-08,1,3,5.46803e-05,2247.34,55.5193,2302.86,2.88887,8.6666,14.3497,43.0492,18.4469,55.3406
"Bunny",0.75,"Medium",2,13028,86.2226,18.1784,54024,"SparseICP PointToPlane (p=0.400000)",153.54,1.37159,68.5796,0.109288,0,100,0,0,9610.98,9610.98,43.2257,4322.57,52.013,5201.3,96.1065,9610.65
"Bunny",0.75,"Medium",3,13029,88.7985,25.1644,54024,"ESA+SparseICP PointToPlane (p=0.400000)",0.0279765,1.66099e-07,8.30497e-06,1.07703e-07,1,18,0.00441149,1701.19,612.074,2313.26,12.3012,221.422,20.7104,372.788,33.9926,611.867
"Bunny",0.75,"Medium",3,13029,88.7985,25.1644,54024,"SparseICP PointToPlane (p=0.400000)",75.4399,1.08934,54.467,0.0686653,1,50,0,0,3426.29,3426.29,31.628,1581.4,35.953,1797.65,68.5215,3426.07
"Bunny",0.75,"Medium",4,13030,89.5673,20.075,54024,"ESA+SparseICP PointToPlane (p=0.400000)",0,5.62506e-08,2.81253e-06,5.50144e-08,1,3,0.00012316,2150,49.6037,2199.6,2.92277,8.7683,12.6348,37.9045,16.4749,49.4247
"Bunny",0.75,"Medium",4,13030,89.5673,20.075,54024,"SparseICP PointToPlane (p=0.400000)",78.4545,0.926207,46.3103,0.0682326,0,100,0,0,3706.65,3706.65,15.3146,1531.46,20.7944,2079.44,37.0628,3706.28
"Bunny",0.75,"Medium",5,13031,51.0547,16.8699,54024,"ESA+SparseICP PointToPlane (p=0.400000)",0,1.06416e-07,5.32078e-06,5.9134e-08,1,3,3.76248e-05,1762.7,46.7818,1809.48,2.47567,7.427,12.1897,36.5692,15.5341,46.6024
"Bunny",0.75,"Medium",5,13031,51.0547,16.8699,54024,"SparseICP PointToPlane (p=0.400000)",0,8.02452e-08,4.01226e-06,6.77439e-08,1,7,0,0,200.882,200.882,11.4338,80.0367,16.3112,114.178,28.6474,200.532
"Bunny",0.75,"Medium",6,13032,61.0638,25.6107,54024,"ESA+SparseICP PointToPlane (p=0.400000)",0,4.21468e-08,2.10734e-06,5.19868e-08,1,2,2.82738e-05,1813.71,32.5372,1846.25,2.67035,5.3407,12.4954,24.9909,16.1595,32.319
"Bunny",0.75,"Medium",6,13032,61.0638,25.6107,54024,"SparseICP PointToPlane (p=0.400000)",89.8282,0.909999,45.4999,0.112701,1,12,0,0,641.904,641.904,27.4686,329.623,25.017,300.204,53.4794,641.753
"Bunny",0.75,"Medium",7,13033,63.9116,20.9335,54024,"ESA+SparseICP PointToPlane (p=0.400000)",0,1.08739e-07,5.43693e-06,5.14907e-08,1,3,4.97593e-05,2295.43,47.7629,2343.2,2.6372,7.9116,12.327,36.981,15.8609,47.5826
"Bunny",0.75,"Medium",7,13033,63.9116,20.9335,54024,"SparseICP PointToPlane (p=0.400000)",0.0279765,8.9271e-08,4.46355e-06,7.31987e-08,1,7,0,0,209.75,209.75,11.5227,80.6591,17.5374,122.762,29.9308,209.516
"Bunny",0.75,"Medium",8,13034,86.437,20.1871,54024,"ESA+SparseICP PointToPlane (p=0.400000)",0,8.56007e-08,4.28003e-06,5.63327e-08,1,3,4.02072e-05,1891.91,51.0665,1942.97,2.6281,7.8843,13.4319,40.2957,16.9622,50.8867
"Bunny",0.75,"Medium",8,13034,86.437,20.1871,54024,"SparseICP PointToPlane (p=0.400000)",149.158,0.790863,39.5432,0.0962354,0,100,0,0,4223.08,4223.08,18.814,1881.4,22.5282,2252.82,42.2275,4222.75
"Bunny",0.75,"Medium",9,13035,55.0903,28.6931,54024,"ESA+SparseICP PointToPlane (p=0.400000)",0,4.21468e-08,2.10734e-06,5.87369e-08,1,3,4.39386e-05,2390.43,55.3271,2445.76,3.06883,9.2065,14.3291,42.9874,18.3663,55.099
"Bunny",0.75,"Medium",9,13035,55.0903,28.6931,54024,"SparseICP PointToPlane (p=0.400000)",0,1.23778e-07,6.18892e-06,7.14113e-08,1,7,0,0,235.887,235.887,14.7991,103.593,17.842,124.894,33.6627,235.639
"Bunny",0.75,"Medium",10,13036,64.9978,29.7446,54024,"ESA+SparseICP PointToPlane (p=0.400000)",0,4.47035e-08,2.23517e-06,5.94992e-08,1,3,9.73713e-05,2168.21,58.8301,2227.04,3.28293,9.8488,14.8465,44.5396,19.4654,58.3961
"Bunny",0.75,"Medium",10,13036,64.9978,29.7446,54024,"SparseICP PointToPlane (p=0.400000)",51.6047,0.279109,13.9555,0.0689235,1,17,0,0,677.947,677.947,16.7917,285.458,22.1432,376.434,39.8617,677.649
"Bunny",0.75,"Medium",11,13037,47.6147,23.5944,54024,"ESA+SparseICP PointToPlane (p=0.400000)",0,6.70552e-08,3.35276e-06,7.2416e-08,1,5,0.0025117,2123.94,102.584,2226.52,6.22174,31.1087,13.2894,66.447,20.4769,102.385
"Bunny",0.75,"Medium",11,13037,47.6147,23.5944,54024,"SparseICP PointToPlane (p=0.400000)",159.598,1.48277,74.1387,0.111485,1,35,0,0,2420.1,2420.1,31.6622,1108.18,36.6492,1282.72,69.14,2419.9
"Bunny",0.75,"Medium",12,13038,56.0191,19.9986,54024,"ESA+SparseICP PointToPlane (p=0.400000)",0,4.71216e-08,2.35608e-06,5.07467e-08,1,2,2.5927e-05,1975.95,33.8603,2009.81,2.57555,5.1511,13.4059,26.8117,16.8411,33.6823
"Bunny",0.75,"Medium",12,13038,56.0191,19.9986,54024,"SparseICP PointToPlane (p=0.400000)",0,4.47035e-08,2.23517e-06,7.5566e-08,1,12,0,0,412.753,412.753,16.4275,197.13,17.0698,204.838,34.3699,412.439
"Bunny",0.75,"Medium",13,13039,75.6583,18.0597,54024,"ESA+SparseICP PointToPlane (p=0.400000)",0.0279765,9.57044e-08,4.78522e-06,6.04288e-08,1,3,0.000165689,1873.48,50.1977,1923.67,3.41727,10.2518,12.1666,36.4999,16.6393,49.9179
"Bunny",0.75,"Medium",13,13039,75.6583,18.0597,54024,"SparseICP PointToPlane (p=0.400000)",143.784,1.31765,65.8825,0.0991911,0,100,0,0,9426.7,9426.7,34.6015,3460.15,58.7845,5878.45,94.2636,9426.36
"Bunny",0.75,"Medium",14,13040,84.7154,27.1224,54024,"ESA+SparseICP PointToPlane (p=0.400000)",0,8.50313e-08,4.25157e-06,5.59472e-08,1,3,4.43123e-05,1968.16,51.3118,2019.47,3.3052,9.9156,12.818,38.4541,17.0439,51.1317
"Bunny",0.75,"Medium",14,13040,84.7154,27.1224,54024,"SparseICP PointToPlane (p=0.400000)",168.206,13.2561,662.803,13.2463,1,4,0,0,407.67,407.67,46.319,185.276,54.6981,218.793,101.856,407.424
"Bunny",0.75,"Medium",15,13041,55.1424,24.9405,54024,"ESA+SparseICP PointToPlane (p=0.400000)",80.8594,0.468804,23.4402,0.0677619,1,5,0.004761,2031.09,193.056,2224.14,17.4098,87.0491,20.2025,101.012,38.5703,192.851
"Bunny",0.75,"Medium",15,13041,55.1424,24.9405,54024,"SparseICP PointToPlane (p=0.400000)",61.5815,0.296891,14.8446,0.0672755,1,6,0,0,263.935,263.935,21.0668,126.401,21.7678,130.607,43.9438,263.663
"Bunny",0.75,"Medium",16,13042,63.3518,15.7744,54024,"ESA+SparseICP PointToPlane (p=0.400000)",0,7.28339e-08,3.6417e-06,6.09718e-08,1,2,3.66995e-05,2417.65,34.4939,2452.15,2.80175,5.6035,13.3946,26.7892,17.1419,34.2838
"Bunny",0.75,"Medium",16,13042,63.3518,15.7744,54024,"SparseICP PointToPlane (p=0.400000)",74.4233,0.551341,27.567,0.0680426,1,54,0,0,2586.55,2586.55,19.5957,1058.17,27.3301,1475.83,47.8952,2586.34
"Bunny",0.75,"Medium",17,13043,80.7028,25.1667,54024,"ESA+SparseICP PointToPlane (p=0.400000)",0,5.37269e-08,2.68634e-06,5.61705e-08,1,2,2.93481e-05,2319.86,37.4079,2357.27,2.71145,5.4229,14.8667,29.7335,18.5916,37.1832
"Bunny",0.75,"Medium",17,13043,80.7028,25.1667,54024,"SparseICP PointToPlane (p=0.400000)",152.567,0.155089,7.75443,0.105526,1,30,0,0,1509.6,1509.6,24.7246,741.737,24.5815,737.446,50.3114,1509.34
"Bunny",0.75,"Medium",18,13044,50.6317,21.6535,54024,"ESA+SparseICP PointToPlane (p=0.400000)",0,3.72994e-08,1.86497e-06,4.74276e-08,1,2,3.05607e-05,1979.59,37.4371,2017.02,3.2991,6.5982,14.2917,28.5834,18.4901,36.9801
"Bunny",0.75,"Medium",18,13044,50.6317,21.6535,54024,"SparseICP PointToPlane (p=0.400000)",0,4.89985e-08,2.44993e-06,8.62512e-08,1,11,0,0,353.236,353.236,13.6048,149.653,17.6092,193.701,32.1,353.101
"Bunny",0.75,"Medium",19,13045,82.3875,22.9585,54024,"ESA+SparseICP PointToPlane (p=0.400000)",0,8.56007e-08,4.28003e-06,7.98395e-08,1,4,0.00118489,1700.72,73.1232,1773.84,4.55583,18.2233,12.7563,51.025,18.2365,72.9461
"Bunny",0.75,"Medium",19,13045,82.3875,22.9585,54024,"SparseICP PointToPlane (p=0.400000)",73.1314,1.02894,51.4471,0.0726315,1,52,0,0,3837.31,3837.31,33.8902,1762.29,39.1171,2034.09,73.7872,3836.94
"Bunny",0.75,"Large",0,14026,158.667,52.808,54024,"ESA+SparseICP PointToPlane (p=0.400000)",0,5.96046e-08,2.98023e-06,6.98632e-08,1,3,0.000145325,1683.64,48.4695,1732.11,3.06877,9.2063,12.1341,36.4022,16.0948,48.2843
"Bunny",0.75,"Large",0,14026,158.667,52.808,54024,"SparseICP PointToPlane (p=0.400000)",141.764,2.61943,130.971,0.0902454,1,26,0,0,1105.53,1105.53,17.7277,460.92,23.9627,623.03,42.5089,1105.23
"Bunny",0.75,"Large",1,14027,173.844,62.8918,54024,"ESA+SparseICP PointToPlane (p=0.400000)",79.6604,1.23472,61.7359,0.0665109,1,2,0.00465616,1619.26,68.1949,1687.46,14.5514,29.1029,18.5067,37.0134,34.0092,68.0184
"Bunny",0.75,"Large",1,14027,173.844,62.8918,54024,"SparseICP PointToPlane (p=0.400000)",178.121,0.545513,27.2756,0.106592,1,55,0,0,5077.5,5077.5,39.5272,2173.99,52.0399,2862.19,92.3145,5077.3
"Bunny",0.75,"Large",2,14028,128.661,54.4745,54024,"ESA+SparseICP PointToPlane (p=0.400000)",0,5.96046e-08,2.98023e-06,4.9081e-08,1,2,4.11214e-05,1769.01,32.7068,1801.72,2.7521,5.5042,12.5804,25.1609,16.2567,32.5134
"Bunny",0.75,"Large",2,14028,128.661,54.4745,54024,"SparseICP PointToPlane (p=0.400000)",92.0819,0.612379,30.619,0.0955721,1,20,0,0,886.423,886.423,17.4468,348.937,26.0885,521.771,44.312,886.24
"Bunny",0.75,"Large",3,14029,125.799,59.4763,54024,"ESA+SparseICP PointToPlane (p=0.400000)",0,1.03238e-07,5.16191e-06,1.15397e-07,1,22,0.00511767,1641.23,659.123,2300.35,11.5275,253.604,17.5373,385.82,29.9513,658.929
"Bunny",0.75,"Large",3,14029,125.799,59.4763,54024,"SparseICP PointToPlane (p=0.400000)",0.0279765,3.53883e-07,1.76941e-05,1.97321e-07,1,25,0,0,1296.38,1296.38,22.0442,551.105,29.0036,725.09,51.8477,1296.19
"Bunny",0.75,"Large",4,14030,149.2,58.5426,54024,"ESA+SparseICP PointToPlane (p=0.400000)",0,1.88486e-07,9.42432e-06,7.14441e-08,1,6,0.00248103,1663.75,121.565,1785.32,5.9401,35.6406,13.3481,80.0889,20.2243,121.346
"Bunny",0.75,"Large",4,14030,149.2,58.5426,54024,"SparseICP PointToPlane (p=0.400000)",158.946,2.67686,133.843,0.094731,1,60,0,0,3142.27,3142.27,20.9483,1256.9,30.3394,1820.36,52.367,3142.02
"Bunny",0.75,"Large",5,14031,176.11,59.5564,54024,"ESA+SparseICP PointToPlane (p=0.400000)",0,1.78814e-07,8.9407e-06,6.74505e-08,1,4,0.00103506,2028.83,87.9824,2116.81,4.80558,19.2223,16.0047,64.0187,21.8882,87.5527
"Bunny",0.75,"Large",5,14031,176.11,59.5564,54024,"SparseICP PointToPlane (p=0.400000)",179.685,0.502719,25.1359,0.100872,1,41,0,0,1750.76,1750.76,18.4686,757.213,23.3077,955.616,42.6936,1750.44
"Bunny",0.75,"Large",6,14032,164.926,54.8462,54024,"ESA+SparseICP PointToPlane (p=0.400000)",0,1.20137e-07,6.00685e-06,6.91161e-08,1,3,0.000171631,2348.61,52.0309,2400.64,3.06037,9.1811,13.265,39.7951,17.2827,51.8482
"Bunny",0.75,"Large",6,14032,164.926,54.8462,54024,"SparseICP PointToPlane (p=0.400000)",132.594,2.09859,104.93,0.0998023,1,43,0,0,4268.51,4268.51,48.2673,2075.49,50.1935,2158.32,99.2616,4268.25
"Bunny",0.75,"Large",7,14033,139.187,62.6431,54024,"ESA+SparseICP PointToPlane (p=0.400000)",0,8.42937e-08,4.21468e-06,5.75654e-08,1,3,0.000175626,1785.54,49.2696,1834.81,3.32453,9.9736,12.1106,36.3317,16.3533,49.06
"Bunny",0.75,"Large",7,14033,139.187,62.6431,54024,"SparseICP PointToPlane (p=0.400000)",176.014,1.82807,91.4034,0.10049,0,100,0,0,4111.72,4111.72,17.4964,1749.64,22.7092,2270.92,41.1132,4111.32
"Bunny",0.75,"Large",8,14034,132.464,52.1106,54024,"ESA+SparseICP PointToPlane (p=0.400000)",0.0395647,2.66976e-07,1.33488e-05,7.78279e-08,1,5,0.00288446,1812.72,101.382,1914.1,5.3825,26.9125,13.5511,67.7554,20.2388,101.194
"Bunny",0.75,"Large",8,14034,132.464,52.1106,54024,"SparseICP PointToPlane (p=0.400000)",144.141,1.34471,67.2355,0.0899059,1,52,0,0,2384.18,2384.18,18.4356,958.651,26.5347,1379.81,45.8441,2383.89
"Bunny",0.75,"Large",9,14035,149.474,62.9003,54024,"ESA+SparseICP PointToPlane (p=0.400000)",150.771,2.09621,104.811,0.0779136,1,15,0.00612828,1715.99,587.445,2303.44,16.945,254.174,21.2023,318.034,39.1501,587.251
"Bunny",0.75,"Large",9,14035,149.474,62.9003,54024,"SparseICP PointToPlane (p=0.400000)",164.132,2.26974,113.487,0.0978456,0,100,0,0,5000.7,5000.7,20.7631,2076.31,28.231,2823.1,50.0041,5000.41
"Bunny",0.75,"Large",10,14036,140.384,47.2957,54024,"ESA+SparseICP PointToPlane (p=0.400000)",0,6.70552e-08,3.35276e-06,7.09582e-08,1,4,0.000381646,2332.97,74.8987,2407.87,3.29718,13.1887,14.4044,57.6175,18.6761,74.7043
"Bunny",0.75,"Large",10,14036,140.384,47.2957,54024,"SparseICP PointToPlane (p=0.400000)",0.0395647,3.78149e-07,1.89075e-05,1.38687e-07,1,33,0,0,1349.65,1349.65,17.4214,574.906,22.3765,738.426,40.8911,1349.41
"Bunny",0.75,"Large",11,14037,153.995,41.7514,54024,"ESA+SparseICP PointToPlane (p=0.400000)",0,2.87403e-07,1.43702e-05,7.3541e-08,1,3,5.12747e-05,2051.34,49.2778,2100.62,2.8546,8.5638,12.5446,37.6339,16.3639,49.0918
"Bunny",0.75,"Large",11,14037,153.995,41.7514,54024,"SparseICP PointToPlane (p=0.400000)",77.9348,0.41745,20.8725,0.0699175,1,20,0,0,822.837,822.837,17.817,356.341,22.363,447.261,41.131,822.621
"Bunny",0.75,"Large",12,14038,158.953,60.6992,54024,"ESA+SparseICP PointToPlane (p=0.400000)",0,1.93715e-07,9.68575e-06,9.54099e-08,1,4,0.000530945,1911.36,67.8775,1979.24,3.36192,13.4477,12.6832,50.7329,16.9244,67.6976
"Bunny",0.75,"Large",12,14038,158.953,60.6992,54024,"SparseICP PointToPlane (p=0.400000)",0,2.40274e-07,1.20137e-05,1.46218e-07,1,12,0,0,530.411,530.411,15.2394,182.873,28.0079,336.095,44.1714,530.057
"Bunny",0.75,"Large",13,14039,162.08,68.0899,54024,"ESA+SparseICP PointToPlane (p=0.400000)",80.0647,0.755344,37.7672,0.0723898,1,6,0.00799838,1734.67,229.95,1964.62,16.5085,99.0509,20.6931,124.159,38.2939,229.763
"Bunny",0.75,"Large",13,14039,162.08,68.0899,54024,"SparseICP PointToPlane (p=0.400000)",153.598,1.74264,87.1319,0.117838,1,89,0,0,3898.51,3898.51,18.52,1648.28,24.3311,2165.47,43.7982,3898.04
"Bunny",0.75,"Large",14,14040,141.659,64.1948,54024,"ESA+SparseICP PointToPlane (p=0.400000)",0,5.01408e-07,2.50704e-05,8.34089e-08,1,5,0.00433892,1864.39,202.079,2066.47,12.0622,60.3108,26.3279,131.639,40.3784,201.892
"Bunny",0.75,"Large",14,14040,141.659,64.1948,54024,"SparseICP PointToPlane (p=0.400000)",149.016,2.22706,111.353,0.105277,1,34,0,0,1553.9,1553.9,19.9115,676.99,24.8665,845.46,45.6899,1553.46
"Bunny",0.75,"Large",15,14041,131.993,51.9629,54024,"ESA+SparseICP PointToPlane (p=0.400000)",0,8.42937e-08,4.21468e-06,6.87817e-08,1,3,0.000135509,1803.9,48.7772,1852.68,2.9462,8.8386,12.3759,37.1276,16.1994,48.5982
"Bunny",0.75,"Large",15,14041,131.993,51.9629,54024,"SparseICP PointToPlane (p=0.400000)",82.9529,1.30477,65.2387,0.0668071,1,13,0,0,607.513,607.513,22.0545,286.709,23.652,307.476,46.7151,607.297
"Bunny",0.75,"Large",16,14042,176.239,63.6713,54024,"ESA+SparseICP PointToPlane (p=0.400000)",0,1.34575e-07,6.72877e-06,8.04383e-08,1,2,3.93246e-05,2287.9,32.4845,2320.38,3.0092,6.0184,12.122,24.2441,16.153,32.306
"Bunny",0.75,"Large",16,14042,176.239,63.6713,54024,"SparseICP PointToPlane (p=0.400000)",153.842,1.73972,86.9858,0.0782581,1,16,0,0,673.151,673.151,19.0272,304.435,22.145,354.32,42.0576,672.922
"Bunny",0.75,"Large",17,14043,168.636,41.1487,54024,"ESA+SparseICP PointToPlane (p=0.400000)",0,2.47557e-07,1.23778e-05,5.98412e-08,1,3,2.90935e-05,1997.53,69.817,2067.35,3.66523,10.9957,17.9598,53.8794,23.1996,69.5987
"Bunny",0.75,"Large",17,14043,168.636,41.1487,54024,"SparseICP PointToPlane (p=0.400000)",153.815,1.19446,59.7232,0.108054,0,100,0,0,10459.6,10459.6,51.598,5159.8,52.0957,5209.57,104.591,10459.1
"Bunny",0.75,"Large",18,14044,146.549,57.6249,54024,"ESA+SparseICP PointToPlane (p=0.400000)",75.6482,1.54012,77.0061,0.069211,0,25,0.00591949,1795.83,1066.95,2862.78,18.2877,457.193,23.0104,575.26,42.6551,1066.38
"Bunny",0.75,"Large",18,14044,146.549,57.6249,54024,"SparseICP PointToPlane (p=0.400000)",91.7963,2.06386,103.193,0.0965053,1,51,0,0,2434.02,2434.02,20.1425,1027.27,26.7133,1362.38,47.7204,2433.74
"Bunny",0.75,"Large",19,14045,172.871,45.0611,54024,"ESA+SparseICP PointToPlane (p=0.400000)",0,1.71201e-07,8.56006e-06,9.66544e-08,1,8,0.00408671,1783.75,188.044,1971.8,7.87854,63.0283,14.5632,116.505,23.4751,187.801
"Bunny",0.75,"Large",19,14045,172.871,45.0611,54024,"SparseICP PointToPlane (p=0.400000)",178.459,1.50006,75.0031,0.101405,1,17,0,0,769.939,769.939,17.578,298.827,26.7646,454.997,45.2793,769.748
"Bunny",0.5,"Small",0,22026,14.2498,6.45575,36017,"ESA+SparseICP PointToPlane (p=0.400000)",0,7.63457e-08,3.81729e-06,6.50272e-08,1,3,5.87717e-05,1665.67,34.35,1700.02,2.28627,6.8588,8.5628,25.6884,11.4144,34.2431
"Bunny",0.5,"Small",0,22026,14.2498,6.45575,36017,"SparseICP PointToPlane (p=0.400000)",0,1.46948e-07,7.34742e-06,7.4215e-08,1,6,0,0,93.1527,93.1527,5.6439,33.8634,9.2842,55.7052,15.5094,93.0565
"Bunny",0.5,"Small",1,22027,18.4985,5.23016,36017,"ESA+SparseICP PointToPlane (p=0.400000)",0,3.21542e-08,1.60771e-06,4.98387e-08,1,3,3.2312e-05,1895.57,41.5635,1937.13,2.12507,6.3752,10.9268,32.7803,13.8144,41.4433
"Bunny",0.5,"Small",1,22027,18.4985,5.23016,36017,"SparseICP PointToPlane (p=0.400000)",0,1.57955e-07,7.89773e-06,6.84739e-08,1,5,0,0,99.2832,99.2832,7.4352,37.176,11.5122,57.5608,19.8037,99.0183
"Bunny",0.5,"Small",2,22028,10.0486,7.66712,36017,"ESA+SparseICP PointToPlane (p=0.400000)",0,4.81864e-08,2.40932e-06,5.25157e-08,1,3,4.71901e-05,2022.08,31.3548,2053.44,1.81047,5.4314,8.02743,24.0823,10.4163,31.2488
"Bunny",0.5,"Small",2,22028,10.0486,7.66712,36017,"SparseICP PointToPlane (p=0.400000)",0,2.01487e-07,1.00743e-05,7.54451e-08,1,5,0,0,68.7329,68.7329,4.47708,22.3854,8.67714,43.3857,13.7308,68.654
"Bunny",0.5,"Small",3,22029,10.8965,6.14706,36017,"ESA+SparseICP PointToPlane (p=0.400000)",0,1.83449e-08,9.17246e-07,6.14023e-08,1,3,4.55057e-05,1598.82,32.1438,1630.97,1.7439,5.2317,8.41087,25.2326,10.6787,32.0362
"Bunny",0.5,"Small",3,22029,10.8965,6.14706,36017,"SparseICP PointToPlane (p=0.400000)",0,9.06594e-08,4.53297e-06,6.96129e-08,1,5,0,0,66.6247,66.6247,4.11326,20.5663,8.63386,43.1693,13.3036,66.5179
"Bunny",0.5,"Small",4,22030,14.7814,5.10277,36017,"ESA+SparseICP PointToPlane (p=0.400000)",0,5.27185e-08,2.63593e-06,5.26159e-08,1,3,5.02127e-05,1521.27,33.7411,1555.01,2.0602,6.1806,8.4825,25.4475,11.2068,33.6205
"Bunny",0.5,"Small",4,22030,14.7814,5.10277,36017,"SparseICP PointToPlane (p=0.400000)",0,1.03646e-07,5.1823e-06,7.43826e-08,1,5,0,0,71.3265,71.3265,4.87322,24.3661,8.79246,43.9623,14.2421,71.2103
"Bunny",0.5,"Small",5,22031,18.5961,5.08792,36017,"ESA+SparseICP PointToPlane (p=0.400000)",0.0279765,1.87194e-08,9.35968e-07,6.19488e-08,1,3,5.67825e-05,1488.49,37.1782,1525.67,1.88707,5.6612,9.72883,29.1865,12.3559,37.0678
"Bunny",0.5,"Small",5,22031,18.5961,5.08792,36017,"SparseICP PointToPlane (p=0.400000)",0,7.28399e-08,3.642e-06,6.95701e-08,1,5,0,0,73.0637,73.0637,5.00328,25.0164,9.02734,45.1367,14.5928,72.9638
"Bunny",0.5,"Small",6,22032,14.7787,3.92197,36017,"ESA+SparseICP PointToPlane (p=0.400000)",0.0279765,1.10526e-07,5.52628e-06,9.21265e-08,1,10,0.00372605,1545.89,171.767,1717.66,6.29714,62.9714,10.3089,103.089,17.162,171.62
"Bunny",0.5,"Small",6,22032,14.7787,3.92197,36017,"SparseICP PointToPlane (p=0.400000)",0,1.07405e-07,5.37027e-06,6.86442e-08,1,4,0,0,53.9548,53.9548,4.32205,17.2882,8.56015,34.2406,13.4435,53.7739
"Bunny",0.5,"Small",7,22033,10.0756,4.9408,36017,"ESA+SparseICP PointToPlane (p=0.400000)",0,8.58637e-08,4.29318e-06,7.42002e-08,1,7,0.00360831,1494.96,107.594,1602.55,4.99301,34.9511,9.79724,68.5807,15.3454,107.418
"Bunny",0.5,"Small",7,22033,10.0756,4.9408,36017,"SparseICP PointToPlane (p=0.400000)",0,5.92544e-08,2.96272e-06,5.96721e-08,1,5,0,0,68.0118,68.0118,4.51884,22.5942,8.49758,42.4879,13.5829,67.9143
"Bunny",0.5,"Small",8,22034,18.895,3.76813,36017,"ESA+SparseICP PointToPlane (p=0.400000)",0,5.20828e-08,2.60414e-06,6.06656e-08,1,3,8.9744e-05,1527.72,32.1456,1559.86,2.04223,6.1267,8.08117,24.2435,10.6714,32.0142
"Bunny",0.5,"Small",8,22034,18.895,3.76813,36017,"SparseICP PointToPlane (p=0.400000)",0,8.84316e-08,4.42158e-06,6.54519e-08,1,5,0,0,78.3804,78.3804,5.76338,28.8169,9.32874,46.6437,15.6545,78.2727
"Bunny",0.5,"Small",9,22035,19.7016,3.26527,36017,"ESA+SparseICP PointToPlane (p=0.400000)",0,2.76432e-08,1.38216e-06,6.17294e-08,1,3,0.000205187,1580.99,33.5871,1614.58,2.33427,7.0028,8.16123,24.4837,11.1606,33.4817
"Bunny",0.5,"Small",9,22035,19.7016,3.26527,36017,"SparseICP PointToPlane (p=0.400000)",0,9.64267e-08,4.82134e-06,6.56129e-08,1,6,0,0,92.1713,92.1713,5.58817,33.529,9.19388,55.1633,15.3273,91.964
"Bunny",0.5,"Small",10,22036,16.6725,3.93755,36017,"ESA+SparseICP PointToPlane (p=0.400000)",0,3.20462e-08,1.60231e-06,5.58716e-08,1,3,4.12031e-05,1508.99,34.1758,1543.16,1.81163,5.4349,8.99963,26.9989,11.3561,34.0684
"Bunny",0.5,"Small",10,22036,16.6725,3.93755,36017,"SparseICP PointToPlane (p=0.400000)",0,6.16645e-08,3.08323e-06,6.18119e-08,1,5,0,0,61.5461,61.5461,3.39278,16.9639,8.32462,41.6231,12.2922,61.4611
"Bunny",0.5,"Small",11,22037,13.7413,4.05296,36017,"ESA+SparseICP PointToPlane (p=0.400000)",0,1.89953e-08,9.49766e-07,5.18837e-08,1,2,3.16678e-05,1491.49,21.0987,1512.59,1.72885,3.4577,8.12495,16.2499,10.4938,20.9877
"Bunny",0.5,"Small",11,22037,13.7413,4.05296,36017,"SparseICP PointToPlane (p=0.400000)",0,4.59285e-08,2.29642e-06,6.5232e-08,1,4,0,0,55.1601,55.1601,4.62363,18.4945,8.55257,34.2103,13.7693,55.0773
"Bunny",0.5,"Small",12,22038,15.5114,6.58253,36017,"ESA+SparseICP PointToPlane (p=0.400000)",0,3.79907e-08,1.89953e-06,5.23773e-08,1,3,3.2389e-05,1525.14,33.0234,1558.16,1.7368,5.2104,8.5273,25.5819,10.9538,32.8615
"Bunny",0.5,"Small",12,22038,15.5114,6.58253,36017,"SparseICP PointToPlane (p=0.400000)",0.0395647,2.47108e-08,1.23554e-06,6.92453e-08,1,6,0,0,99.9843,99.9843,6.0015,36.009,9.9652,59.7912,16.6402,99.8409
"Bunny",0.5,"Small",13,22039,16.5508,6.06304,36017,"ESA+SparseICP PointToPlane (p=0.400000)",0,1.05367e-08,5.26836e-07,5.36476e-08,1,3,7.61028e-05,1787.49,41.5418,1829.03,1.9137,5.7411,11.0881,33.2642,13.8095,41.4285
"Bunny",0.5,"Small",13,22039,16.5508,6.06304,36017,"SparseICP PointToPlane (p=0.400000)",0,1.19035e-07,5.95173e-06,7.0166e-08,1,5,0,0,82.9884,82.9884,6.44312,32.2156,9.5949,47.9745,16.57,82.8502
"Bunny",0.5,"Small",14,22040,11.8776,5.07575,36017,"ESA+SparseICP PointToPlane (p=0.400000)",0,1.27207e-07,6.36033e-06,9.02275e-08,1,14,0.00392378,1689.63,272.126,1961.75,7.34328,102.806,11.4418,160.186,19.4289,272.004
"Bunny",0.5,"Small",14,22040,11.8776,5.07575,36017,"SparseICP PointToPlane (p=0.400000)",0,1.02293e-07,5.11465e-06,6.7443e-08,1,4,0,0,56.6036,56.6036,4.95538,19.8215,8.61932,34.4773,14.1124,56.4496
"Bunny",0.5,"Small",15,22041,19.2323,5.51328,36017,"ESA+SparseICP PointToPlane (p=0.400000)",0,1.536e-07,7.68002e-06,8.44971e-08,1,8,0.00326476,1855.75,148.778,2004.52,6.09764,48.7811,11.662,93.2957,18.5594,148.475
"Bunny",0.5,"Small",15,22041,19.2323,5.51328,36017,"SparseICP PointToPlane (p=0.400000)",0,1.05536e-07,5.27679e-06,7.24512e-08,1,7,0,0,158.591,158.591,9.83923,68.8746,11.9933,83.9531,22.6192,158.335
"Bunny",0.5,"Small",16,22042,16.0181,3.74901,36017,"ESA+SparseICP PointToPlane (p=0.400000)",0.0279765,8.85421e-08,4.42711e-06,9.11813e-08,1,12,0.00375378,2141.29,238.747,2380.04,7.58853,91.0624,11.6062,139.275,19.8677,238.412
"Bunny",0.5,"Small",16,22042,16.0181,3.74901,36017,"SparseICP PointToPlane (p=0.400000)",0,8.74008e-08,4.37004e-06,7.01304e-08,1,6,0,0,85.5842,85.5842,4.82022,28.9213,8.87942,53.2765,14.242,85.4521
"Bunny",0.5,"Small",17,22043,13.5583,7.90766,36017,"ESA+SparseICP PointToPlane (p=0.400000)",179.444,0.97867,48.9335,0.0673283,1,9,0.00483869,1831.8,193.663,2025.47,8.45577,76.1019,12.4721,112.249,21.5053,193.548
"Bunny",0.5,"Small",17,22043,13.5583,7.90766,36017,"SparseICP PointToPlane (p=0.400000)",0,2.26792e-08,1.13396e-06,6.50036e-08,1,5,0,0,83.2663,83.2663,6.16346,30.8173,9.73348,48.6674,16.625,83.1251
"Bunny",0.5,"Small",18,22044,14.2546,4.29773,36017,"ESA+SparseICP PointToPlane (p=0.400000)",39.4825,0.103445,5.17224,0.0606782,1,5,0.00436968,1691.71,105.85,1797.56,8.28726,41.4363,12.1018,60.5091,21.1478,105.739
"Bunny",0.5,"Small",18,22044,14.2546,4.29773,36017,"SparseICP PointToPlane (p=0.400000)",0.0279765,6.34394e-08,3.17197e-06,6.84483e-08,1,6,0,0,112.447,112.447,7.71143,46.2686,10.3752,62.2515,18.7131,112.278
"Bunny",0.5,"Small",19,22045,11.6756,6.40385,36017,"ESA+SparseICP PointToPlane (p=0.400000)",0.0279765,1.18699e-07,5.93494e-06,8.76413e-08,1,11,0.00352012,1550.05,208.276,1758.33,7.12852,78.4137,11.1778,122.956,18.9149,208.064
"Bunny",0.5,"Small",19,22045,11.6756,6.40385,36017,"SparseICP PointToPlane (p=0.400000)",0.0279765,7.48079e-08,3.74039e-06,6.90544e-08,1,5,0,0,70.4836,70.4836,4.11656,20.5828,9.24658,46.2329,14.0709,70.3544
"Bunny",0.5,"Medium",0,23026,72.7011,24.7649,36017,"ESA+SparseICP PointToPlane (p=0.400000)",0,3.65002e-08,1.82501e-06,5.67393e-08,1,3,5.61652e-05,1738.53,32.8105,1771.34,1.8196,5.4588,8.41837,25.2551,10.9002,32.7007
"Bunny",0.5,"Medium",0,23026,72.7011,24.7649,36017,"SparseICP PointToPlane (p=0.400000)",0,1.32654e-07,6.63269e-06,1.07879e-07,1,16,0,0,345.466,345.466,8.89326,142.292,12.0861,193.377,21.5849,345.358
"Bunny",0.5,"Medium",1,23027,81.6888,17.5742,36017,"ESA+SparseICP PointToPlane (p=0.400000)",0,5.06694e-08,2.53347e-06,6.16441e-08,1,3,5.39752e-05,1674.08,38.8704,1712.95,1.95463,5.8639,10.2119,30.6357,12.8975,38.6926
"Bunny",0.5,"Medium",1,23027,81.6888,17.5742,36017,"SparseICP PointToPlane (p=0.400000)",173.22,26.883,1344.15,26.4633,1,8,0,0,494.215,494.215,21.7779,174.224,39.4503,315.603,61.7529,494.023
"Bunny",0.5,"Medium",2,23028,54.6727,26.3648,36017,"ESA+SparseICP PointToPlane (p=0.400000)",0,4.21468e-08,2.10734e-06,4.72491e-08,1,2,2.73642e-05,1536.83,25.7838,1562.61,1.86375,3.7275,10.2443,20.4885,12.8394,25.6789
"Bunny",0.5,"Medium",2,23028,54.6727,26.3648,36017,"SparseICP PointToPlane (p=0.400000)",0,5.16191e-08,2.58096e-06,9.70139e-08,1,14,0,0,315.921,315.921,9.78809,137.033,12.2025,170.834,22.5574,315.803
"Bunny",0.5,"Medium",3,23029,59.3801,15.3642,36017,"ESA+SparseICP PointToPlane (p=0.400000)",0,1.53598e-08,7.67988e-07,6.51854e-08,1,3,3.98355e-05,1565.13,31.6228,1596.75,1.7847,5.3541,8.15557,24.4667,10.5052,31.5155
"Bunny",0.5,"Medium",3,23029,59.3801,15.3642,36017,"SparseICP PointToPlane (p=0.400000)",123.637,0.690562,34.5281,0.0877609,1,23,0,0,816.086,816.086,17.2713,397.24,17.582,404.385,35.4768,815.967
"Bunny",0.5,"Medium",4,23030,57.9282,26.1647,36017,"ESA+SparseICP PointToPlane (p=0.400000)",0,9.36709e-08,4.68354e-06,6.3414e-08,1,3,4.80952e-05,1650.26,37.13,1687.39,1.84823,5.5447,9.7043,29.1129,12.3401,37.0202
"Bunny",0.5,"Medium",4,23030,57.9282,26.1647,36017,"SparseICP PointToPlane (p=0.400000)",0,1.50598e-07,7.5299e-06,8.52903e-08,1,7,0,0,120.023,120.023,6.40004,44.8003,10.1513,71.0588,17.1234,119.864
"Bunny",0.5,"Medium",5,23031,70.4578,19.3809,36017,"ESA+SparseICP PointToPlane (p=0.400000)",0,1.08738e-07,5.43688e-06,7.16996e-08,1,4,0.00139999,1533.38,54.9094,1588.29,3.59895,14.3958,9.48227,37.9291,13.685,54.7399
"Bunny",0.5,"Medium",5,23031,70.4578,19.3809,36017,"SparseICP PointToPlane (p=0.400000)",0.0279765,8.72267e-08,4.36133e-06,6.98694e-08,1,6,0,0,109.766,109.766,7.25075,43.5045,10.3217,61.9302,18.2772,109.663
"Bunny",0.5,"Medium",6,23032,67.0021,29.4642,36017,"ESA+SparseICP PointToPlane (p=0.400000)",0,9.42432e-08,4.71216e-06,6.2293e-08,1,3,0.000188628,1623.8,36.9103,1660.71,2.40583,7.2175,9.19627,27.5888,12.2681,36.8043
"Bunny",0.5,"Medium",6,23032,67.0021,29.4642,36017,"SparseICP PointToPlane (p=0.400000)",67.8891,0.836653,41.8326,0.098236,0,100,0,0,3211.65,3211.65,15.4138,1541.38,16.0935,1609.35,32.1145,3211.45
"Bunny",0.5,"Medium",7,23033,46.4674,26.3122,36017,"ESA+SparseICP PointToPlane (p=0.400000)",0,8.9407e-08,4.47035e-06,5.65993e-08,1,3,5.65116e-05,1467.33,32.521,1499.86,1.7474,5.2422,8.5059,25.5177,10.8052,32.4155
"Bunny",0.5,"Medium",7,23033,46.4674,26.3122,36017,"SparseICP PointToPlane (p=0.400000)",0,3.53883e-07,1.76941e-05,9.03056e-08,1,8,0,0,146.142,146.142,7.22798,57.8238,10.4808,83.8467,18.2555,146.044
"Bunny",0.5,"Medium",8,23034,82.8842,23.6121,36017,"ESA+SparseICP PointToPlane (p=0.400000)",0,0,0,5.35348e-08,1,2,2.68467e-05,1347.98,20.8381,1368.82,1.67955,3.3591,8.14965,16.2993,10.3664,20.7327
"Bunny",0.5,"Medium",8,23034,82.8842,23.6121,36017,"SparseICP PointToPlane (p=0.400000)",145.778,2.01698,100.849,1.45522,0,100,0,0,5657.56,5657.56,15.7906,1579.06,40.2866,4028.66,56.5733,5657.33
"Bunny",0.5,"Medium",9,23035,65.5897,15.3724,36017,"ESA+SparseICP PointToPlane (p=0.400000)",0,1.52145e-07,7.60726e-06,7.35405e-08,1,4,0.000272003,1729.37,52.1279,1781.49,2.90493,11.6197,9.27665,37.1066,12.9614,51.8456
"Bunny",0.5,"Medium",9,23035,65.5897,15.3724,36017,"SparseICP PointToPlane (p=0.400000)",92.1427,1.06717,53.3583,0.0921941,1,19,0,0,689.054,689.054,14.1973,269.748,21.4264,407.102,36.2597,688.935
"Bunny",0.5,"Medium",10,23036,65.6921,18.0839,36017,"ESA+SparseICP PointToPlane (p=0.400000)",0,1.666e-08,8.33e-07,5.95236e-08,1,3,0.000211216,1861.74,36.3839,1898.12,2.3317,6.9951,9.20757,27.6227,12.0924,36.2771
"Bunny",0.5,"Medium",10,23036,65.6921,18.0839,36017,"SparseICP PointToPlane (p=0.400000)",0.0279765,1.28671e-07,6.43355e-06,7.56969e-08,1,6,0,0,112.272,112.272,7.52085,45.1251,10.5355,63.2128,18.6786,112.072
"Bunny",0.5,"Medium",11,23037,62.2416,19.0689,36017,"ESA+SparseICP PointToPlane (p=0.400000)",0,9.06402e-08,4.53201e-06,5.82445e-08,1,3,3.74711e-05,1675.83,37.7078,1713.53,1.69117,5.0735,10.1296,30.3888,12.5314,37.5942
"Bunny",0.5,"Medium",11,23037,62.2416,19.0689,36017,"SparseICP PointToPlane (p=0.400000)",0,2.29037e-07,1.14519e-05,1.05312e-07,1,14,0,0,342.524,342.524,10.9101,152.742,12.9444,181.222,24.4448,342.227
"Bunny",0.5,"Medium",12,23038,64.0229,21.969,36017,"ESA+SparseICP PointToPlane (p=0.400000)",0,4.01226e-08,2.00613e-06,5.37825e-08,1,2,2.73609e-05,1924.85,21.927,1946.78,1.72785,3.4557,8.6444,17.2888,10.9103,21.8205
"Bunny",0.5,"Medium",12,23038,64.0229,21.969,36017,"SparseICP PointToPlane (p=0.400000)",108.017,0.588991,29.4495,0.106562,1,9,0,0,282.127,282.127,15.4824,139.341,15.2946,137.651,31.3368,282.031
"Bunny",0.5,"Medium",13,23039,76.8591,20.3548,36017,"ESA+SparseICP PointToPlane (p=0.400000)",0,4.01226e-08,2.00613e-06,5.62094e-08,1,3,4.24486e-05,1691.29,32.4889,1723.77,1.85433,5.563,8.26843,24.8053,10.7938,32.3814
"Bunny",0.5,"Medium",13,23039,76.8591,20.3548,36017,"SparseICP PointToPlane (p=0.400000)",148.456,0.837421,41.8711,0.110264,1,29,0,0,892.966,892.966,14.3323,415.636,15.8607,459.96,30.7882,892.857
"Bunny",0.5,"Medium",14,23040,55.6295,20.0544,36017,"ESA+SparseICP PointToPlane (p=0.400000)",0,9.5414e-08,4.7707e-06,9.56004e-08,1,10,0.00369735,1571.26,192.416,1763.68,6.65138,66.5138,11.936,119.36,19.2154,192.154
"Bunny",0.5,"Medium",14,23040,55.6295,20.0544,36017,"SparseICP PointToPlane (p=0.400000)",70.6579,0.29494,14.747,0.0740693,1,59,0,0,1650.22,1650.22,12.5733,741.823,14.6986,867.22,27.9669,1650.05
"Bunny",0.5,"Medium",15,23041,53.9182,22.5735,36017,"ESA+SparseICP PointToPlane (p=0.400000)",0,7.45058e-08,3.72529e-06,5.9533e-08,1,3,4.72006e-05,2337.41,31.334,2368.75,1.81083,5.4325,8.03967,24.119,10.4096,31.2287
"Bunny",0.5,"Medium",15,23041,53.9182,22.5735,36017,"SparseICP PointToPlane (p=0.400000)",117.724,7.21233,360.616,6.81791,0,100,0,0,8600.17,8600.17,43.6594,4365.94,41.8156,4181.56,85.9996,8599.96
"Bunny",0.5,"Medium",16,23042,82.624,29.6847,36017,"ESA+SparseICP PointToPlane (p=0.400000)",0,1.46001e-07,7.30005e-06,1.30294e-07,1,17,0.00380714,1578.53,296.837,1875.37,5.98766,101.79,10.8876,185.089,17.4538,296.715
"Bunny",0.5,"Medium",16,23042,82.624,29.6847,36017,"SparseICP PointToPlane (p=0.400000)",146.389,8.0109,400.545,7.27058,1,3,0,0,156.759,156.759,19.8708,59.6125,31.8223,95.4669,52.1913,156.574
"Bunny",0.5,"Medium",17,23043,62.9953,15.5564,36017,"ESA+SparseICP PointToPlane (p=0.400000)",0,7.59813e-08,3.79907e-06,6.12066e-08,1,3,0.000150653,1504.79,32.7443,1537.53,2.0512,6.1536,8.2783,24.8349,10.8759,32.6278
"Bunny",0.5,"Medium",17,23043,62.9953,15.5564,36017,"SparseICP PointToPlane (p=0.400000)",82.3915,1.12093,56.0463,0.0861518,0,100,0,0,2726.37,2726.37,12.039,1203.9,14.648,1464.8,27.2614,2726.14
"Bunny",0.5,"Medium",18,23044,89.5254,17.2567,36017,"ESA+SparseICP PointToPlane (p=0.400000)",0,2.68635e-08,1.34317e-06,5.87947e-08,1,3,9.68141e-05,1547.69,34.7954,1582.48,2.21387,6.6416,8.7106,26.1318,11.557,34.6711
"Bunny",0.5,"Medium",18,23044,89.5254,17.2567,36017,"SparseICP PointToPlane (p=0.400000)",82.9099,0.267406,13.3703,0.131959,1,2,0,0,76.0805,76.0805,20.6433,41.2866,16.7589,33.5178,37.9423,75.8846
"Bunny",0.5,"Medium",19,23045,50.5257,28.4079,36017,"ESA+SparseICP PointToPlane (p=0.400000)",0,8.46223e-08,4.23112e-06,5.55585e-08,1,3,3.24935e-05,1372.74,35.5592,1408.3,1.93333,5.8,9.2745,27.8235,11.7978,35.3935
"Bunny",0.5,"Medium",19,23045,50.5257,28.4079,36017,"SparseICP PointToPlane (p=0.400000)",69.4087,0.760997,38.0498,0.0728354,1,14,0,0,373.604,373.604,11.9373,167.122,14.1642,198.299,26.6791,373.508
"Bunny",0.5,"Large",0,24026,155.579,57.487,36017,"ESA+SparseICP PointToPlane (p=0.400000)",0,1.90828e-07,9.5414e-06,7.96983e-08,1,4,0.000474175,1604.66,44.881,1649.54,2.51843,10.0737,8.06772,32.2709,11.1933,44.7731
"Bunny",0.5,"Large",0,24026,155.579,57.487,36017,"SparseICP PointToPlane (p=0.400000)",60.2068,0.950105,47.5053,0.109839,1,37,0,0,1199.75,1199.75,15.4456,571.487,16.4147,607.343,32.4222,1199.62
"Bunny",0.5,"Large",1,24027,123.301,55.7502,36017,"ESA+SparseICP PointToPlane (p=0.400000)",149.749,1.12284,56.1422,0.0778899,0,25,0.00633199,1401.12,614.12,2015.24,10.3997,259.992,13.5868,339.669,24.5598,613.995
"Bunny",0.5,"Large",1,24027,123.301,55.7502,36017,"SparseICP PointToPlane (p=0.400000)",151.596,3.00055,150.027,0.110033,0,100,0,0,2976.12,2976.12,13.2925,1329.25,15.916,1591.6,29.7593,2975.93
"Bunny",0.5,"Large",2,24028,139.032,48.0636,36017,"ESA+SparseICP PointToPlane (p=0.400000)",0,1.1151e-07,5.5755e-06,6.96852e-08,1,4,0.00158645,1531.65,48.4199,1580.07,3.01075,12.043,8.50267,34.0107,12.0616,48.2462
"Bunny",0.5,"Large",2,24028,139.032,48.0636,36017,"SparseICP PointToPlane (p=0.400000)",138.077,25.4385,1271.93,24.0278,1,21,0,0,1240.41,1240.41,17.8179,374.177,40.7568,855.894,59.0608,1240.28
"Bunny",0.5,"Large",3,24029,154.532,42.0395,36017,"ESA+SparseICP PointToPlane (p=0.400000)",0,5.96046e-08,2.98023e-06,5.19475e-08,1,2,3.01705e-05,1499.59,21.7862,1521.38,1.807,3.614,8.4401,16.8802,10.8399,21.6797
"Bunny",0.5,"Large",3,24029,154.532,42.0395,36017,"SparseICP PointToPlane (p=0.400000)",179.907,0.710955,35.5477,0.0658488,1,30,0,0,835.614,835.614,12.9967,389.9,14.3111,429.333,27.8503,835.508
"Bunny",0.5,"Large",4,24030,150.397,44.214,36017,"ESA+SparseICP PointToPlane (p=0.400000)",0,8.57677e-08,4.28838e-06,8.11144e-08,1,7,0.00356741,1526.51,106.332,1632.84,4.43371,31.036,10.1022,70.7152,15.169,106.183
"Bunny",0.5,"Large",4,24030,150.397,44.214,36017,"SparseICP PointToPlane (p=0.400000)",107.121,10.8162,540.808,10.224,1,2,0,0,112.046,112.046,18.2892,36.5785,37.2005,74.4011,55.9768,111.954
"Bunny",0.5,"Large",5,24031,159.455,55.0467,36017,"ESA+SparseICP PointToPlane (p=0.400000)",148.012,2.09934,104.967,0.0773263,1,4,0.00543508,1315.58,106.712,1422.29,11.95,47.8001,14.1343,56.537,26.6518,106.607
"Bunny",0.5,"Large",5,24031,159.455,55.0467,36017,"SparseICP PointToPlane (p=0.400000)",90.6909,1.23446,61.7232,0.112513,0,100,0,0,3047.88,3047.88,14.3526,1435.26,15.5818,1558.18,30.4764,3047.64
"Bunny",0.5,"Large",6,24032,165.836,50.3852,36017,"ESA+SparseICP PointToPlane (p=0.400000)",0,3.26468e-07,1.63234e-05,9.92948e-08,1,12,0.0042979,1350.29,195.591,1545.88,5.44776,65.3731,10.2733,123.28,16.2899,195.479
"Bunny",0.5,"Large",6,24032,165.836,50.3852,36017,"SparseICP PointToPlane (p=0.400000)",169.622,0.694162,34.7081,0.0772386,1,30,0,0,774.657,774.657,11.5613,346.838,13.6897,410.692,25.818,774.539
"Bunny",0.5,"Large",7,24033,156.766,65.2646,36017,"ESA+SparseICP PointToPlane (p=0.400000)",0,2.49789e-07,1.24894e-05,8.13628e-08,1,4,0.000705132,1394.77,46.135,1440.91,2.6275,10.51,8.3476,33.3904,11.5073,46.0292
"Bunny",0.5,"Large",7,24033,156.766,65.2646,36017,"SparseICP PointToPlane (p=0.400000)",137.25,1.19257,59.6287,0.0918313,1,11,0,0,350.985,350.985,14.5865,160.452,16.7886,184.674,31.8986,350.884
"Bunny",0.5,"Large",8,24034,120.248,60.5956,36017,"ESA+SparseICP PointToPlane (p=0.400000)",0,2.2302e-07,1.1151e-05,8.63765e-08,1,12,0.00397167,1422.61,215.127,1637.74,6.58696,79.0435,10.7674,129.208,17.9134,214.961
"Bunny",0.5,"Large",8,24034,120.248,60.5956,36017,"SparseICP PointToPlane (p=0.400000)",126.17,0.94157,47.0785,0.0870837,1,72,0,0,2240.83,2240.83,13.3153,958.701,17.2653,1243.1,31.1201,2240.65
"Bunny",0.5,"Large",9,24035,174.276,61.1074,36017,"ESA+SparseICP PointToPlane (p=0.400000)",177.716,1.92788,96.3941,0.0677742,1,2,0.00457512,1385.08,43.7722,1428.85,8.8954,17.7908,12.2643,24.5285,21.8321,43.6642
"Bunny",0.5,"Large",9,24035,174.276,61.1074,36017,"SparseICP PointToPlane (p=0.400000)",165.275,2.00576,100.288,0.11251,1,75,0,0,2304.68,2304.68,14.3409,1075.57,15.8372,1187.79,30.727,2304.52
"Bunny",0.5,"Large",10,24036,175.944,68.1542,36017,"ESA+SparseICP PointToPlane (p=0.400000)",0,3.1575e-07,1.57875e-05,1.37059e-07,1,21,0.00443993,1412.23,373.277,1785.51,6.24149,131.071,10.9654,230.274,17.7674,373.114
"Bunny",0.5,"Large",10,24036,175.944,68.1542,36017,"SparseICP PointToPlane (p=0.400000)",0.0395647,1.68587e-07,8.42937e-06,1.28422e-07,1,36,0,0,849.578,849.578,10.1975,367.109,12.8444,462.398,23.5961,849.459
"Bunny",0.5,"Large",11,24037,140.203,41.6476,36017,"ESA+SparseICP PointToPlane (p=0.400000)",0,1.49012e-08,7.45058e-07,6.56937e-08,1,3,6.49876e-05,1483.11,31.4274,1514.54,1.85357,5.5607,8.0569,24.1707,10.4412,31.3236
"Bunny",0.5,"Large",11,24037,140.203,41.6476,36017,"SparseICP PointToPlane (p=0.400000)",33.4551,0.457345,22.8672,0.0581098,1,55,0,0,3888,3888,33.4002,1837.01,36.7902,2023.46,70.6882,3887.85
"Bunny",0.5,"Large",12,24038,164.5,65.9752,36017,"ESA+SparseICP PointToPlane (p=0.400000)",0,4.6648e-07,2.3324e-05,9.38496e-08,1,4,0.000668197,1308.19,46.6375,1354.82,2.54005,10.1602,8.51527,34.0611,11.6224,46.4896
"Bunny",0.5,"Large",12,24038,164.5,65.9752,36017,"SparseICP PointToPlane (p=0.400000)",142.851,1.56212,78.1062,0.0930373,1,45,0,0,1255.11,1255.11,12.6292,568.315,14.7142,662.141,27.8886,1254.99
"Bunny",0.5,"Large",13,24039,152.602,50.1899,36017,"ESA+SparseICP PointToPlane (p=0.400000)",0,4.06723e-07,2.03361e-05,7.78328e-08,1,4,0.00183389,1354.01,48.4291,1402.44,3.04168,12.1667,8.43202,33.7281,12.0779,48.3114
"Bunny",0.5,"Large",13,24039,152.602,50.1899,36017,"SparseICP PointToPlane (p=0.400000)",177.31,2.14234,107.117,0.0686461,1,79,0,0,5374.6,5374.6,28.6005,2259.44,38.9315,3075.59,68.0308,5374.43
"Bunny",0.5,"Large",14,24040,167.752,41.2365,36017,"ESA+SparseICP PointToPlane (p=0.400000)",0,2.47557e-07,1.23778e-05,7.64651e-08,1,4,0.000403898,1334.19,48.3663,1382.55,2.3805,9.522,9.0284,36.1136,12.0617,48.2467
"Bunny",0.5,"Large",14,24040,167.752,41.2365,36017,"SparseICP PointToPlane (p=0.400000)",118.233,11.8635,593.176,9.43622,0,100,0,0,7967.56,7967.56,38.4196,3841.96,40.7344,4073.44,79.6735,7967.35
"Bunny",0.5,"Large",15,24041,120.382,53.908,36017,"ESA+SparseICP PointToPlane (p=0.400000)",0,3.58867e-07,1.79434e-05,8.42541e-08,1,5,0.0041988,1505.63,69.2018,1574.84,3.92744,19.6372,9.21106,46.0553,13.8185,69.0923
"Bunny",0.5,"Large",15,24041,120.382,53.908,36017,"SparseICP PointToPlane (p=0.400000)",157.268,2.28952,114.476,0.0876925,1,9,0,0,303.607,303.607,15.9578,143.621,17.185,154.665,33.7228,303.505
"Bunny",0.5,"Large",16,24042,139.738,57.0891,36017,"ESA+SparseICP PointToPlane (p=0.400000)",0,2.4601e-07,1.23005e-05,7.57543e-08,1,3,9.40213e-05,1645.82,36.796,1682.62,2.19773,6.5932,9.1992,27.5976,12.2152,36.6456
"Bunny",0.5,"Large",16,24042,139.738,57.0891,36017,"SparseICP PointToPlane (p=0.400000)",152.417,12.1058,605.29,10.4173,1,3,0,0,181.633,181.633,25.0174,75.0522,34.9495,104.849,60.5132,181.54
"Bunny",0.5,"Large",17,24043,122.924,52.0146,36017,"ESA+SparseICP PointToPlane (p=0.400000)",0,6.82857e-08,3.41428e-06,7.25028e-08,1,4,0.00107034,1541.55,60.0829,1601.63,3.519,14.076,10.8178,43.2714,14.9919,59.9677
"Bunny",0.5,"Large",17,24043,122.924,52.0146,36017,"SparseICP PointToPlane (p=0.400000)",152.619,1.71464,85.7319,0.0903544,1,35,0,0,1058.75,1058.75,14.5144,508.005,15.1469,530.142,30.2462,1058.62
"Bunny",0.5,"Large",18,24044,124.554,52.4206,36017,"ESA+SparseICP PointToPlane (p=0.400000)",0,1.3328e-07,6.664e-06,7.85528e-08,1,5,0.00237863,1403.47,75.0365,1478.5,4.9171,24.5855,9.25968,46.2984,14.9828,74.914
"Bunny",0.5,"Large",18,24044,124.554,52.4206,36017,"SparseICP PointToPlane (p=0.400000)",178.109,2.50855,125.428,0.0672442,1,17,0,0,642.645,642.645,16.7888,285.409,20.189,343.213,37.7887,642.408
"Bunny",0.5,"Large",19,24045,143.691,67.4121,36017,"ESA+SparseICP PointToPlane (p=0.400000)",0,1.88486e-07,9.42432e-06,8.03607e-08,1,4,0.000421714,1489.97,43.8234,1533.8,2.35255,9.4102,8.04458,32.1783,10.9296,43.7184
"Bunny",0.5,"Large",19,24045,143.691,67.4121,36017,"SparseICP PointToPlane (p=0.400000)",145.5,37.3937,1869.69,38.7331,1,6,0,0,371.684,371.684,21.8599,131.16,39.5697,237.418,61.9115,371.469
"Bunny",0.25,"Small",0,32026,12.6514,4.76047,18025,"ESA+SparseICP PointToPlane (p=0.400000)",47.8123,0.173746,8.68728,0.0274904,1,24,0.000923688,593.387,189.897,783.285,2.29707,55.1296,5.32788,127.869,7.90886,189.813
"Bunny",0.25,"Small",0,32026,12.6514,4.76047,18025,"SparseICP PointToPlane (p=0.400000)",0,1.21344e-07,6.06719e-06,8.50984e-08,1,7,0,0,52.8037,52.8037,2.83141,19.8199,4.4441,31.1087,7.53534,52.7474
"Bunny",0.25,"Small",1,32027,19.2454,4.74138,18025,"ESA+SparseICP PointToPlane (p=0.400000)",167.179,1.10576,55.2881,0.0585183,1,21,0.00338133,536.723,235.161,771.884,4.33215,90.9752,6.5676,137.92,11.1955,235.105
"Bunny",0.25,"Small",1,32027,19.2454,4.74138,18025,"SparseICP PointToPlane (p=0.400000)",47.1865,0.256422,12.8211,0.0270504,1,10,0,0,88.0071,88.0071,3.40524,34.0524,5.13444,51.3444,8.79361,87.9361
"Bunny",0.25,"Small",2,32028,19.9407,4.42778,18025,"ESA+SparseICP PointToPlane (p=0.400000)",179.956,1.25364,62.6819,0.0486222,1,9,0.00226994,534.793,92.3328,627.126,3.39997,30.5997,6.54216,58.8794,10.2532,92.2787
"Bunny",0.25,"Small",2,32028,19.9407,4.42778,18025,"SparseICP PointToPlane (p=0.400000)",0,2.06544e-07,1.03272e-05,8.0985e-08,1,6,0,0,47.1554,47.1554,3.01532,18.0919,4.57893,27.4736,7.84833,47.09
"Bunny",0.25,"Small",3,32029,13.6318,7.7211,18025,"ESA+SparseICP PointToPlane (p=0.400000)",0,1.80667e-07,9.03335e-06,7.35014e-08,1,3,0.000344073,620.185,25.1224,645.308,1.74917,5.2475,6.0627,18.1881,8.33473,25.0042
"Bunny",0.25,"Small",3,32029,13.6318,7.7211,18025,"SparseICP PointToPlane (p=0.400000)",0,4.88567e-08,2.44284e-06,7.62633e-08,1,5,0,0,49.7703,49.7703,2.66076,13.3038,6.73508,33.6754,9.9236,49.618
"Bunny",0.25,"Small",4,32030,18.8507,5.27198,18025,"ESA+SparseICP PointToPlane (p=0.400000)",178.747,1.42008,71.0041,0.0488003,1,8,0.00252941,541.932,82.5089,624.441,3.44315,27.5452,6.5057,52.0456,10.3043,82.4344
"Bunny",0.25,"Small",4,32030,18.8507,5.27198,18025,"SparseICP PointToPlane (p=0.400000)",0.0279765,2.28491e-07,1.14246e-05,7.74337e-08,1,5,0,0,32.0024,32.0024,2.02048,10.1024,4.11516,20.5758,6.39,31.95
"Bunny",0.25,"Small",5,32031,18.2108,4.34235,18025,"ESA+SparseICP PointToPlane (p=0.400000)",62.9035,0.672176,33.6088,0.0450192,1,19,0.0039318,537.223,201.475,738.698,3.73633,70.9903,6.56338,124.704,10.6011,201.42
"Bunny",0.25,"Small",5,32031,18.2108,4.34235,18025,"SparseICP PointToPlane (p=0.400000)",0,3.47751e-07,1.73876e-05,8.2889e-08,1,5,0,0,34.8001,34.8001,2.48106,12.4053,4.20664,21.0332,6.95126,34.7563
"Bunny",0.25,"Small",6,32032,18.9568,3.14095,18025,"ESA+SparseICP PointToPlane (p=0.400000)",0,7.08785e-08,3.54392e-06,7.26623e-08,1,4,0.000497468,523.181,22.6594,545.84,1.3537,5.4148,4.03785,16.1514,5.65208,22.6083
"Bunny",0.25,"Small",6,32032,18.9568,3.14095,18025,"SparseICP PointToPlane (p=0.400000)",0.0279765,1.77578e-07,8.87888e-06,7.86828e-08,1,6,0,0,45.3288,45.3288,2.77875,16.6725,4.49742,26.9845,7.5473,45.2838
"Bunny",0.25,"Small",7,32033,12.3003,6.8828,18025,"ESA+SparseICP PointToPlane (p=0.400000)",0,2.77484e-07,1.38742e-05,9.59031e-08,1,8,0.00180875,567.236,63.4358,630.672,2.25841,18.0673,5.35288,42.823,7.92296,63.3837
"Bunny",0.25,"Small",7,32033,12.3003,6.8828,18025,"SparseICP PointToPlane (p=0.400000)",0,1.63828e-07,8.1914e-06,7.09723e-08,1,5,0,0,31.802,31.802,1.9807,9.9035,4.11548,20.5774,6.35196,31.7598
"Bunny",0.25,"Small",8,32034,10.1047,5.58101,18025,"ESA+SparseICP PointToPlane (p=0.400000)",0,6.90938e-08,3.45469e-06,7.00146e-08,1,4,0.00019416,579.123,22.9492,602.072,1.17937,4.7175,4.26505,17.0602,5.72468,22.8987
"Bunny",0.25,"Small",8,32034,10.1047,5.58101,18025,"SparseICP PointToPlane (p=0.400000)",0,1.35603e-07,6.78013e-06,9.09849e-08,1,7,0,0,55.6962,55.6962,2.98284,20.8799,4.70864,32.9605,7.95027,55.6519
"Bunny",0.25,"Small",9,32035,15.0194,5.04505,18025,"ESA+SparseICP PointToPlane (p=0.400000)",0,1.57919e-07,7.89595e-06,7.64307e-08,1,4,0.000203129,526.687,21.7015,548.389,1.15243,4.6097,3.99982,15.9993,5.41285,21.6514
"Bunny",0.25,"Small",9,32035,15.0194,5.04505,18025,"SparseICP PointToPlane (p=0.400000)",0,3.20597e-07,1.60298e-05,9.09245e-08,1,6,0,0,46.4224,46.4224,2.77913,16.6748,4.69308,28.1585,7.72935,46.3761
"Bunny",0.25,"Small",10,32036,18.6393,7.31078,18025,"ESA+SparseICP PointToPlane (p=0.400000)",178.321,1.31801,65.9007,0.0495784,1,13,0.0025797,509.533,122.882,632.415,3.32824,43.2671,5.8496,76.0448,9.44832,122.828
"Bunny",0.25,"Small",10,32036,18.6393,7.31078,18025,"SparseICP PointToPlane (p=0.400000)",0.0279765,2.02129e-07,1.01065e-05,9.3471e-08,1,7,0,0,63.305,63.305,3.75263,26.2684,5.02539,35.1777,9.03333,63.2333
"Bunny",0.25,"Small",11,32037,16.1128,4.22911,18025,"ESA+SparseICP PointToPlane (p=0.400000)",45.0905,0.203988,10.1994,0.0283182,1,7,0.000748921,580.929,55.7374,636.666,2.45663,17.1964,5.21216,36.4851,7.95523,55.6866
"Bunny",0.25,"Small",11,32037,16.1128,4.22911,18025,"SparseICP PointToPlane (p=0.400000)",0.0279765,9.79838e-08,4.89919e-06,7.46531e-08,1,6,0,0,43.5852,43.5852,2.60708,15.6425,4.39127,26.3476,7.25687,43.5412
"Bunny",0.25,"Small",12,32038,15.9935,4.60839,18025,"ESA+SparseICP PointToPlane (p=0.400000)",0,1.05169e-07,5.25847e-06,8.29447e-08,1,4,0.000116526,516.971,27.5848,544.555,1.08065,4.3226,5.44588,21.7835,6.88353,27.5341
"Bunny",0.25,"Small",12,32038,15.9935,4.60839,18025,"SparseICP PointToPlane (p=0.400000)",0,9.28338e-08,4.64169e-06,8.88681e-08,1,7,0,0,64.4933,64.4933,3.91447,27.4013,5.0357,35.2499,9.20666,64.4466
"Bunny",0.25,"Small",13,32039,10.3124,7.82678,18025,"ESA+SparseICP PointToPlane (p=0.400000)",142.947,1.40226,70.1129,0.0539469,1,3,0.00291479,518.955,33.0151,551.97,4.73213,14.1964,5.98663,17.9599,10.9882,32.9645
"Bunny",0.25,"Small",13,32039,10.3124,7.82678,18025,"SparseICP PointToPlane (p=0.400000)",0,2.47136e-07,1.23568e-05,8.71677e-08,1,4,0,0,26.6526,26.6526,2.06155,8.2462,4.33228,17.3291,6.65113,26.6045
"Bunny",0.25,"Small",14,32040,13.0839,4.64965,18025,"ESA+SparseICP PointToPlane (p=0.400000)",179.888,1.08334,54.1672,0.048941,1,2,0.00232104,538.269,19.0477,557.316,3.813,7.626,5.3819,10.7638,9.4985,18.997
"Bunny",0.25,"Small",14,32040,13.0839,4.64965,18025,"SparseICP PointToPlane (p=0.400000)",0,1.41659e-07,7.08295e-06,8.01083e-08,1,7,0,0,51.7125,51.7125,2.50364,17.5255,4.61781,32.3247,7.38189,51.6732
"Bunny",0.25,"Small",15,32041,13.5336,6.2077,18025,"ESA+SparseICP PointToPlane (p=0.400000)",0,1.56684e-07,7.83419e-06,7.26136e-08,1,4,0.000366419,565.559,31.8847,597.444,1.24757,4.9903,6.2562,25.0248,7.95823,31.8329
"Bunny",0.25,"Small",15,32041,13.5336,6.2077,18025,"SparseICP PointToPlane (p=0.400000)",0,8.78411e-08,4.39205e-06,8.50277e-08,1,6,0,0,49.7195,49.7195,2.7617,16.5702,5.2174,31.3044,8.27583,49.655
"Bunny",0.25,"Small",16,32042,10.076,4.11038,18025,"ESA+SparseICP PointToPlane (p=0.400000)",46.9795,0.239003,11.9501,0.0276632,1,8,0.000797834,518.508,65.2382,583.746,2.38264,19.0611,5.47645,43.8116,8.14829,65.1863
"Bunny",0.25,"Small",16,32042,10.076,4.11038,18025,"SparseICP PointToPlane (p=0.400000)",0,5.99818e-08,2.99909e-06,7.63037e-08,1,5,0,0,31.6531,31.6531,1.92044,9.6022,4.14422,20.7211,6.32146,31.6073
"Bunny",0.25,"Small",17,32043,13.0502,5.71847,18025,"ESA+SparseICP PointToPlane (p=0.400000)",0,1.56562e-07,7.8281e-06,8.81006e-08,1,4,0.000304592,525.978,24.2162,550.194,1.24505,4.9802,4.4827,17.9308,6.0413,24.1652
"Bunny",0.25,"Small",17,32043,13.0502,5.71847,18025,"SparseICP PointToPlane (p=0.400000)",48.3422,0.223305,11.1652,0.0269196,1,8,0,0,75.7716,75.7716,3.08533,24.6826,6.06154,48.4923,9.46486,75.7189
"Bunny",0.25,"Small",18,32044,13.2497,3.03267,18025,"ESA+SparseICP PointToPlane (p=0.400000)",47.2125,0.274183,13.7091,0.0275226,1,18,0.00089499,553.174,137.641,690.815,2.28828,41.189,5.10035,91.8063,7.64375,137.588
"Bunny",0.25,"Small",18,32044,13.2497,3.03267,18025,"SparseICP PointToPlane (p=0.400000)",0,1.09009e-07,5.45043e-06,7.81637e-08,1,5,0,0,33.1979,33.1979,2.2433,11.2165,4.12656,20.6328,6.6303,33.1515
"Bunny",0.25,"Small",19,32045,10.4779,4.85476,18025,"ESA+SparseICP PointToPlane (p=0.400000)",46.8689,0.164124,8.20619,0.0274799,1,9,0.00140371,585.482,71.5952,657.077,2.48548,22.3693,5.19577,46.7619,7.94912,71.5421
"Bunny",0.25,"Small",19,32045,10.4779,4.85476,18025,"SparseICP PointToPlane (p=0.400000)",0,2.2934e-07,1.1467e-05,8.72902e-08,1,6,0,0,46.0926,46.0926,2.87008,17.2205,4.53862,27.2317,7.67425,46.0455
"Bunny",0.25,"Medium",0,33026,53.2374,19.5654,18025,"ESA+SparseICP PointToPlane (p=0.400000)",0,1.27745e-07,6.38724e-06,6.46614e-08,1,3,5.95455e-05,552.476,17.2228,569.699,1.30163,3.9049,4.13223,12.3967,5.72473,17.1742
"Bunny",0.25,"Medium",0,33026,53.2374,19.5654,18025,"SparseICP PointToPlane (p=0.400000)",147.7,12.6274,631.371,11.7831,1,12,0,0,445.832,445.832,17.5967,211.16,19.3163,231.795,37.1487,445.784
"Bunny",0.25,"Medium",1,33027,78.4253,29.7003,18025,"ESA+SparseICP PointToPlane (p=0.400000)",0,1.71201e-07,8.56006e-06,7.40737e-08,1,4,0.000421595,485.782,23.68,509.462,1.3218,5.2872,4.31762,17.2705,5.90757,23.6303
"Bunny",0.25,"Medium",1,33027,78.4253,29.7003,18025,"SparseICP PointToPlane (p=0.400000)",131.59,11.2121,560.603,12.3809,1,2,0,0,77.4764,77.4764,18.3906,36.7812,20.0824,40.1648,38.7148,77.4295
"Bunny",0.25,"Medium",2,33028,52.3135,15.0642,18025,"ESA+SparseICP PointToPlane (p=0.400000)",69.5311,0.575774,28.7887,0.0448854,1,5,0.00210098,515.624,53.3295,568.954,3.53676,17.6838,6.73944,33.6972,10.6556,53.2781
"Bunny",0.25,"Medium",2,33028,52.3135,15.0642,18025,"SparseICP PointToPlane (p=0.400000)",64.6776,0.87249,43.6245,0.0785315,1,12,0,0,170.5,170.5,7.16848,86.0218,6.78364,81.4037,14.2042,170.45
"Bunny",0.25,"Medium",3,33029,66.1077,29.51,18025,"ESA+SparseICP PointToPlane (p=0.400000)",47.5525,0.370506,18.5253,0.0270547,1,9,0.00235624,484.059,87.4192,571.478,2.89008,26.0107,6.44772,58.0295,9.70732,87.3659
"Bunny",0.25,"Medium",3,33029,66.1077,29.51,18025,"SparseICP PointToPlane (p=0.400000)",170.394,7.50293,375.147,6.55943,0,100,0,0,3431.64,3431.64,14.1817,1418.17,19.9,1990,34.3154,3431.54
"Bunny",0.25,"Medium",4,33030,52.3279,25.9364,18025,"ESA+SparseICP PointToPlane (p=0.400000)",0,3.06834e-07,1.53417e-05,1.05234e-07,1,8,0.00202148,482.84,66.6012,549.442,2.54243,20.3394,5.45664,43.6531,8.31853,66.5482
"Bunny",0.25,"Medium",4,33030,52.3279,25.9364,18025,"SparseICP PointToPlane (p=0.400000)",166.74,1.98722,99.3609,0.0834131,1,86,0,0,2593.8,2593.8,14.4807,1245.34,15.4433,1328.12,30.1598,2593.74
"Bunny",0.25,"Medium",5,33031,67.7218,28.0692,18025,"ESA+SparseICP PointToPlane (p=0.400000)",0,4.47035e-08,2.23517e-06,6.18511e-08,1,3,2.66097e-05,588.398,19.9569,608.355,0.845333,2.536,5.45593,16.3678,6.63513,19.9054
"Bunny",0.25,"Medium",5,33031,67.7218,28.0692,18025,"SparseICP PointToPlane (p=0.400000)",175.312,3.71765e+06,1.85883e+08,3.32786e+06,1,16,0,0,628.633,628.633,19.2044,307.27,19.8526,317.642,39.2865,628.585
"Bunny",0.25,"Medium",6,33032,62.7319,17.409,18025,"ESA+SparseICP PointToPlane (p=0.400000)",0,1.43702e-07,7.18508e-06,6.29923e-08,1,3,3.62665e-05,559.153,16.0755,575.228,0.883667,2.651,4.198,12.594,5.3416,16.0248
"Bunny",0.25,"Medium",6,33032,62.7319,17.409,18025,"SparseICP PointToPlane (p=0.400000)",97.6241,0.349939,17.4969,0.057016,1,48,0,0,482.982,482.982,3.8495,184.776,5.96548,286.343,10.0612,482.936
"Bunny",0.25,"Medium",7,33033,49.3954,26.7381,18025,"ESA+SparseICP PointToPlane (p=0.400000)",46.2534,0.538648,26.9324,0.0271421,1,15,0.000786679,550.543,115.254,665.797,2.39409,35.9114,5.02116,75.3174,7.67985,115.198
"Bunny",0.25,"Medium",7,33033,49.3954,26.7381,18025,"SparseICP PointToPlane (p=0.400000)",88.3619,1.2315,61.5751,0.0605725,1,7,0,0,103.515,103.515,7.73314,54.132,6.78374,47.4862,14.7735,103.414
"Bunny",0.25,"Medium",8,33034,47.6656,26.2298,18025,"ESA+SparseICP PointToPlane (p=0.400000)",142.44,1.91461,95.7304,0.0528592,1,4,0.0034225,520.055,45.1775,565.232,4.4992,17.9968,6.51375,26.055,11.2818,45.1272
"Bunny",0.25,"Medium",8,33034,47.6656,26.2298,18025,"SparseICP PointToPlane (p=0.400000)",48.1062,0.386746,19.3373,0.0275369,1,20,0,0,168.165,168.165,2.98425,59.685,5.17175,103.435,8.40489,168.098
"Bunny",0.25,"Medium",9,33035,76.7837,24.6019,18025,"ESA+SparseICP PointToPlane (p=0.400000)",61.4984,0.757608,37.8804,0.0447587,1,13,0.00213757,475.615,130.075,605.69,3.5776,46.5088,6.14748,79.9173,10.0009,130.012
"Bunny",0.25,"Medium",9,33035,76.7837,24.6019,18025,"SparseICP PointToPlane (p=0.400000)",149.827,19.0386,951.929,16.3491,1,87,0,0,3215.96,3215.96,16.4194,1428.49,20.3081,1766.8,36.9638,3215.85
"Bunny",0.25,"Medium",10,33036,54.4189,29.194,18025,"ESA+SparseICP PointToPlane (p=0.400000)",47.6566,0.349067,17.4534,0.0268994,0,25,0.000920752,516.67,195.178,711.848,2.26374,56.5934,5.25624,131.406,7.8049,195.122
"Bunny",0.25,"Medium",10,33036,54.4189,29.194,18025,"SparseICP PointToPlane (p=0.400000)",63.4314,7.45134,372.567,7.13235,1,5,0,0,144.526,144.526,11.5245,57.6223,17.1273,85.6365,28.8936,144.468
"Bunny",0.25,"Medium",11,33037,87.6228,28.2136,18025,"ESA+SparseICP PointToPlane (p=0.400000)",0,2.76683e-07,1.38341e-05,8.698e-08,1,3,0.000241104,523.298,24.1852,547.484,1.3025,3.9075,6.28547,18.8564,8.0445,24.1335
"Bunny",0.25,"Medium",11,33037,87.6228,28.2136,18025,"SparseICP PointToPlane (p=0.400000)",144.501,163633,8.18165e+06,162623,1,3,0,0,110.421,110.421,15.5834,46.7502,20.9669,62.9007,36.7933,110.38
"Bunny",0.25,"Medium",12,33038,55.5931,15.4296,18025,"ESA+SparseICP PointToPlane (p=0.400000)",0,6.75706e-08,3.37853e-06,6.50581e-08,1,3,3.68206e-05,524.18,20.5609,544.741,1.26813,3.8044,5.2362,15.7086,6.83683,20.5105
"Bunny",0.25,"Medium",12,33038,55.5931,15.4296,18025,"SparseICP PointToPlane (p=0.400000)",80.666,0.378919,18.946,0.0486336,0,100,0,0,994.259,994.259,3.73893,373.893,5.9376,593.76,9.94185,994.185
"Bunny",0.25,"Medium",13,33039,78.6612,26.2085,18025,"ESA+SparseICP PointToPlane (p=0.400000)",0.0395647,3.48827e-07,1.74414e-05,9.2745e-08,1,4,0.000776409,527.337,24.5203,551.857,1.5904,6.3616,4.256,17.024,6.11728,24.4691
"Bunny",0.25,"Medium",13,33039,78.6612,26.2085,18025,"SparseICP PointToPlane (p=0.400000)",143.163,16.7115,835.577,17.0796,1,3,0,0,88.6719,88.6719,9.57603,28.7281,19.7287,59.1862,29.5416,88.6247
"Bunny",0.25,"Medium",14,33040,60.6365,22.7091,18025,"ESA+SparseICP PointToPlane (p=0.400000)",0,1.37584e-07,6.87919e-06,1.12299e-07,1,12,0.00215285,558.358,104.644,663.002,2.73965,32.8758,5.68107,68.1728,8.71574,104.589
"Bunny",0.25,"Medium",14,33040,60.6365,22.7091,18025,"SparseICP PointToPlane (p=0.400000)",159.848,9.03075,451.537,8.68203,1,2,0,0,53.3019,53.3019,8.63415,17.2683,17.7416,35.4832,26.6193,53.2385
"Bunny",0.25,"Medium",15,33041,50.3217,29.9548,18025,"ESA+SparseICP PointToPlane (p=0.400000)",0,1.46001e-07,7.30005e-06,7.7033e-08,1,4,0.000592334,526.414,25.9084,552.322,1.22895,4.9158,4.8762,19.5048,6.4642,25.8568
"Bunny",0.25,"Medium",15,33041,50.3217,29.9548,18025,"SparseICP PointToPlane (p=0.400000)",45.8684,0.481238,24.0619,0.027356,1,22,0,0,203.279,203.279,3.5734,78.6148,5.4037,118.881,9.23781,203.232
"Bunny",0.25,"Medium",16,33042,59.5287,20.2062,18025,"ESA+SparseICP PointToPlane (p=0.400000)",66.6486,0.759481,37.9741,0.0451126,0,25,0.00197839,519.685,244.357,764.042,3.39606,84.9014,6.09816,152.454,9.77205,244.301
"Bunny",0.25,"Medium",16,33042,59.5287,20.2062,18025,"SparseICP PointToPlane (p=0.400000)",0,2.33485e-07,1.16743e-05,9.72923e-08,1,6,0,0,48.9072,48.9072,3.28243,19.6946,4.58947,27.5368,8.13923,48.8354
"Bunny",0.25,"Medium",17,33043,81.7877,29.6138,18025,"ESA+SparseICP PointToPlane (p=0.400000)",0,1.08482e-07,5.4241e-06,8.5096e-08,1,6,0.00142234,516.782,43.2062,559.988,1.74493,10.4696,5.09367,30.562,7.19213,43.1528
"Bunny",0.25,"Medium",17,33043,81.7877,29.6138,18025,"SparseICP PointToPlane (p=0.400000)",133.425,14871.5,743574,14702.6,1,29,0,0,960.12,960.12,13.0133,377.385,19.8623,576.007,33.1057,960.066
"Bunny",0.25,"Medium",18,33044,55.5347,24.0402,18025,"ESA+SparseICP PointToPlane (p=0.400000)",149.022,1.26858,63.429,0.0551811,1,3,0.00327427,613.294,33.4383,646.732,4.21643,12.6493,6.57877,19.7363,11.1289,33.3866
"Bunny",0.25,"Medium",18,33044,55.5347,24.0402,18025,"SparseICP PointToPlane (p=0.400000)",97.4063,0.522068,26.1034,0.0581956,1,56,0,0,655.636,655.636,5.09728,285.448,6.36315,356.336,11.7064,655.559
"Bunny",0.25,"Medium",19,33045,86.6178,20.4423,18025,"ESA+SparseICP PointToPlane (p=0.400000)",0,1.1151e-07,5.5755e-06,7.05955e-08,1,4,0.000349235,597.335,23.185,620.52,1.3419,5.3676,4.16845,16.6738,5.7834,23.1336
"Bunny",0.25,"Medium",19,33045,86.6178,20.4423,18025,"SparseICP PointToPlane (p=0.400000)",134.011,0.297703,14.8851,0.0632777,1,22,0,0,462.995,462.995,5.43941,119.667,15.3643,338.015,21.0434,462.955
"Bunny",0.25,"Large",0,34026,126.072,42.7928,18025,"ESA+SparseICP PointToPlane (p=0.400000)",72.6723,0.525551,26.2775,0.0463014,1,20,0.00421018,538.972,220.223,759.196,4.39128,87.8256,6.34868,126.974,11.0081,220.161
"Bunny",0.25,"Large",0,34026,126.072,42.7928,18025,"SparseICP PointToPlane (p=0.400000)",148.423,23.7002,1185.01,21.4109,1,69,0,0,3166.64,3166.64,25.404,1752.88,20.2319,1396,45.8915,3166.51
"Bunny",0.25,"Large",1,34027,176.836,52.5217,18025,"ESA+SparseICP PointToPlane (p=0.400000)",63.5982,0.922353,46.1177,0.045988,1,14,0.00192752,543.912,143.527,687.439,3.65769,51.2076,6.21394,86.9952,10.2446,143.425
"Bunny",0.25,"Large",1,34027,176.836,52.5217,18025,"SparseICP PointToPlane (p=0.400000)",171.074,7.21185,360.593,6.39286,1,2,0,0,59.6869,59.6869,6.7654,13.5308,22.5517,45.1033,29.7873,59.5745
"Bunny",0.25,"Large",2,34028,146.367,58.098,18025,"ESA+SparseICP PointToPlane (p=0.400000)",159.466,1.09295,54.6473,0.0620726,0,25,0.00338035,754.3,284.279,1038.58,4.53068,113.267,6.54753,163.688,11.368,284.2
"Bunny",0.25,"Large",2,34028,146.367,58.098,18025,"SparseICP PointToPlane (p=0.400000)",124.754,3.54088,177.044,3.61029,1,93,0,0,2558.15,2558.15,7.05731,656.33,20.1793,1876.68,27.5052,2557.98
"Bunny",0.25,"Large",3,34029,179.149,66.9054,18025,"ESA+SparseICP PointToPlane (p=0.400000)",0,3.09715e-07,1.54857e-05,8.24903e-08,1,3,0.000118134,512.534,23.4249,535.958,1.18657,3.5597,6.2063,18.6189,7.79097,23.3729
"Bunny",0.25,"Large",3,34029,179.149,66.9054,18025,"SparseICP PointToPlane (p=0.400000)",55.3348,8.38159,419.08,6.4388,0,100,0,0,3471.47,3471.47,14.2165,1421.65,20.2591,2025.91,34.714,3471.4
"Bunny",0.25,"Large",4,34030,124.011,61.0123,18025,"ESA+SparseICP PointToPlane (p=0.400000)",0,2.62811e-07,1.31406e-05,9.62579e-08,1,4,0.000220847,494.014,29.1765,523.19,1.1274,4.5096,5.73793,22.9517,7.28083,29.1233
"Bunny",0.25,"Large",4,34030,124.011,61.0123,18025,"SparseICP PointToPlane (p=0.400000)",170.165,4.35459,217.73,5.24923,0,100,0,0,4220.83,4220.83,21.4231,2142.31,20.5487,2054.87,42.2074,4220.74
"Bunny",0.25,"Large",5,34031,153.405,45.7861,18025,"ESA+SparseICP PointToPlane (p=0.400000)",0,1.24894e-07,6.24472e-06,8.83803e-08,1,4,0.000785422,482.328,30.2115,512.539,1.53128,6.1251,5.65653,22.6261,7.53942,30.1577
"Bunny",0.25,"Large",5,34031,153.405,45.7861,18025,"SparseICP PointToPlane (p=0.400000)",124.526,4.14299,207.15,2.88919,0,100,0,0,3095.43,3095.43,10.5684,1056.84,20.1509,2015.09,30.9533,3095.33
"Bunny",0.25,"Large",6,34032,145.096,42.9375,18025,"ESA+SparseICP PointToPlane (p=0.400000)",0,1.68587e-07,8.42937e-06,9.352e-08,1,4,0.000702034,516.175,30.5782,546.753,1.46085,5.8434,5.75085,23.0034,7.6314,30.5256
"Bunny",0.25,"Large",6,34032,145.096,42.9375,18025,"SparseICP PointToPlane (p=0.400000)",157.601,37.3727,1868.64,37.933,1,2,0,0,58.1941,58.1941,8.46215,16.9243,20.2666,40.5333,29.0646,58.1292
"Bunny",0.25,"Large",7,34033,174.101,52.3009,18025,"ESA+SparseICP PointToPlane (p=0.400000)",0,1.97686e-07,9.88431e-06,9.75666e-08,1,5,0.00138681,500.322,33.3668,533.689,1.4909,7.4545,4.81288,24.0644,6.66284,33.3142
"Bunny",0.25,"Large",7,34033,174.101,52.3009,18025,"SparseICP PointToPlane (p=0.400000)",98.8554,21.249,1062.45,19.5845,1,33,0,0,930.07,930.07,8.05684,265.876,19.8888,656.331,28.1817,929.996
"Bunny",0.25,"Large",8,34034,135.709,47.1908,18025,"ESA+SparseICP PointToPlane (p=0.400000)",0,5.14684e-07,2.57342e-05,9.8693e-08,1,4,0.000492919,498.691,24.6645,523.356,1.27248,5.0899,4.54813,18.1925,6.15353,24.6141
"Bunny",0.25,"Large",8,34034,135.709,47.1908,18025,"SparseICP PointToPlane (p=0.400000)",136.919,24.0723,1203.61,22.8715,1,2,0,0,57.7118,57.7118,8.27825,16.5565,20.3203,40.6406,28.8365,57.673
"Bunny",0.25,"Large",9,34035,129.216,68.2984,18025,"ESA+SparseICP PointToPlane (p=0.400000)",44.5531,0.861964,43.0982,0.0284748,1,8,0.000811556,581.572,61.0918,642.664,2.3656,18.9248,4.98881,39.9105,7.62958,61.0366
"Bunny",0.25,"Large",9,34035,129.216,68.2984,18025,"SparseICP PointToPlane (p=0.400000)",96.0804,1.23573,61.7863,0.0943624,1,13,0,0,168.777,168.777,4.9982,64.9766,7.73363,100.537,12.9792,168.73
"Bunny",0.25,"Large",10,34036,148.482,51.3384,18025,"ESA+SparseICP PointToPlane (p=0.400000)",0,4.76837e-07,2.38419e-05,9.03157e-08,1,4,0.000561142,544.56,28.1987,572.759,1.1949,4.7796,5.42935,21.7174,7.03613,28.1445
"Bunny",0.25,"Large",10,34036,148.482,51.3384,18025,"SparseICP PointToPlane (p=0.400000)",38.7524,10.4459,522.294,9.2508,1,2,0,0,58.1948,58.1948,9.215,18.43,19.5827,39.1655,29.0744,58.1489
"Bunny",0.25,"Large",11,34037,157.232,58.811,18025,"ESA+SparseICP PointToPlane (p=0.400000)",46.8293,0.623662,31.1831,0.0273559,0,25,0.00118353,538.694,220.488,759.182,2.55036,63.7591,5.90195,147.549,8.8167,220.417
"Bunny",0.25,"Large",11,34037,157.232,58.811,18025,"SparseICP PointToPlane (p=0.400000)",162.769,10.5073,525.363,8.37516,1,23,0,0,815.324,815.324,14.9514,343.882,20.246,465.659,35.4434,815.197
"Bunny",0.25,"Large",12,34038,169.503,62.0643,18025,"ESA+SparseICP PointToPlane (p=0.400000)",0,3.8743e-07,1.93715e-05,1.01104e-07,1,5,0.00115882,498.312,37.2651,535.577,2.4337,12.1685,4.7062,23.531,7.44258,37.2129
"Bunny",0.25,"Large",12,34038,169.503,62.0643,18025,"SparseICP PointToPlane (p=0.400000)",174.805,9.2178,460.89,5.99188,0,100,0,0,3948.29,3948.29,18.5144,1851.44,20.7164,2071.64,39.4816,3948.16
"Bunny",0.25,"Large",13,34039,154.267,67.3222,18025,"ESA+SparseICP PointToPlane (p=0.400000)",0,3.37175e-07,1.68587e-05,9.79098e-08,1,4,0.00171297,637.426,29.9059,667.332,1.9057,7.6228,5.161,20.644,7.46088,29.8435
"Bunny",0.25,"Large",13,34039,154.267,67.3222,18025,"SparseICP PointToPlane (p=0.400000)",173.381,2.61629,130.814,0.0680288,1,28,0,0,623.389,623.389,12.6006,352.816,9.0786,254.201,22.2601,623.282
"Bunny",0.25,"Large",14,34040,176.584,59.7292,18025,"ESA+SparseICP PointToPlane (p=0.400000)",0,3.55448e-07,1.77724e-05,9.56543e-08,1,4,0.00113241,742.485,31.124,773.609,2.29008,9.1603,5.0829,20.3316,7.7663,31.0652
"Bunny",0.25,"Large",14,34040,176.584,59.7292,18025,"SparseICP PointToPlane (p=0.400000)",75.6396,1.25622e+06,6.28111e+07,1.20865e+06,1,5,0,0,182.307,182.307,17.7345,88.6723,18.3182,91.5909,36.4491,182.245
"Bunny",0.25,"Large",15,34041,122.78,65.1625,18025,"ESA+SparseICP PointToPlane (p=0.400000)",0,2.8295e-07,1.41475e-05,9.70338e-08,1,4,0.000950723,632.742,31.021,663.763,1.47705,5.9082,5.81488,23.2595,7.73957,30.9583
"Bunny",0.25,"Large",15,34041,122.78,65.1625,18025,"SparseICP PointToPlane (p=0.400000)",178.935,6.57359,328.68,7.34858,0,100,0,0,3569.03,3569.03,14.4908,1449.08,20.9418,2094.18,35.6888,3568.88
"Bunny",0.25,"Large",16,34042,122.481,42.5699,18025,"ESA+SparseICP PointToPlane (p=0.400000)",0.0395647,2.9951e-07,1.49755e-05,9.60887e-08,1,5,0.00102998,596.284,34.3353,630.62,1.92184,9.6092,4.57108,22.8554,6.85134,34.2567
"Bunny",0.25,"Large",16,34042,122.481,42.5699,18025,"SparseICP PointToPlane (p=0.400000)",82.43,5.94203,297.102,4.2478,0,100,0,0,4519.91,4519.91,23.8997,2389.97,21.0454,2104.54,45.1976,4519.76
"Bunny",0.25,"Large",17,34043,176.49,64.741,18025,"ESA+SparseICP PointToPlane (p=0.400000)",47.1791,0.325817,16.2908,0.0270417,1,12,0.00140307,533.123,114.757,647.88,2.59724,31.1669,6.53445,78.4134,9.55749,114.69
"Bunny",0.25,"Large",17,34043,176.49,64.741,18025,"SparseICP PointToPlane (p=0.400000)",97.099,14.5118,725.591,13.8223,1,12,0,0,374.253,374.253,10.5421,126.505,20.3967,244.76,31.1831,374.197
"Bunny",0.25,"Large",18,34044,152.488,61.0643,18025,"ESA+SparseICP PointToPlane (p=0.400000)",179.595,2.00538,100.269,0.0488399,1,25,0.00279027,588.84,289.85,878.69,4.36571,109.143,6.84438,171.109,11.5891,289.729
"Bunny",0.25,"Large",18,34044,152.488,61.0643,18025,"SparseICP PointToPlane (p=0.400000)",161.184,6.15842,307.921,5.49663,1,65,0,0,2184.24,2184.24,11.6257,755.668,21.6723,1408.7,33.6,2184
"Bunny",0.25,"Large",19,34045,168.608,65.9487,18025,"ESA+SparseICP PointToPlane (p=0.400000)",59.5782,0.782571,39.1286,0.044419,0,25,0.00241435,754.631,257.88,1012.51,3.79196,94.7991,6.20782,155.196,10.3089,257.724
"Bunny",0.25,"Large",19,34045,168.608,65.9487,18025,"SparseICP PointToPlane (p=0.400000)",100.03,13.623,681.148,13.0458,1,4,0,0,127.966,127.966,13.2655,53.0618,18.4628,73.8513,31.981,127.924
"Bunny",1,"Identity",0,1002025,0,0,72027,"ESA+SparseICP PointToPlane (p=0.400000)",0,1.70592e-07,8.52961e-06,7.74179e-08,1,7,0.00614921,2197.31,230.188,2427.5,10.8429,75.9001,20.2218,141.553,32.841,229.887
"Bunny",1,"Identity",0,1002025,0,0,72027,"SparseICP PointToPlane (p=0.400000)",0,0,0,0,1,1,0,0,21.4192,21.4192,3.1697,3.1697,16.6782,16.6782,21.1243,21.1243
"Armadillo",1,"Small",0,102026,19.8654,7.84604,5190,"ESA+SparseICP PointToPlane (p=0.400000)",0,2.63882e-06,0.000131941,0.000152658,1,2,2.34232e-05,211.214,37.7914,249.005,5.8893,11.7786,1.94315,3.8863,18.8791,37.7582
"Armadillo",1,"Small",0,102026,19.8654,7.84604,5190,"SparseICP PointToPlane (p=0.400000)",0.0279765,3.36744e-06,0.000168372,0.000152707,1,5,0,0,20.1827,20.1827,2.22018,11.1009,1.61418,8.0709,4.03246,20.1623
"Armadillo",1,"Small",1,102027,11.347,5.82101,5190,"ESA+SparseICP PointToPlane (p=0.400000)",0,7.94501e-06,0.00039725,0.000152527,1,2,2.52789e-05,197.272,5.8604,203.132,0.8673,1.7346,1.79725,3.5945,2.9107,5.8214
"Armadillo",1,"Small",1,102027,11.347,5.82101,5190,"SparseICP PointToPlane (p=0.400000)",0,6.92443e-06,0.000346221,0.000152897,1,5,0,0,22.1632,22.1632,2.26318,11.3159,1.92934,9.6467,4.4288,22.144
"Armadillo",1,"Small",2,102028,10.8154,6.55403,5190,"ESA+SparseICP PointToPlane (p=0.400000)",0,5.61993e-06,0.000280997,0.000154306,1,2,2.54759e-05,199.74,6.5996,206.34,1.21355,2.4271,1.83175,3.6635,3.2844,6.5688
"Armadillo",1,"Small",2,102028,10.8154,6.55403,5190,"SparseICP PointToPlane (p=0.400000)",0,5.07438e-06,0.000253719,0.000154328,1,5,0,0,25.4332,25.4332,2.84308,14.2154,2.0042,10.021,5.08254,25.4127
"Armadillo",1,"Small",3,102029,12.6367,5.4052,5190,"ESA+SparseICP PointToPlane (p=0.400000)",0,4.67124e-06,0.000233562,0.000155784,1,3,2.712e-05,204.401,8.971,213.372,0.939167,2.8175,1.8169,5.4507,2.98007,8.9402
"Armadillo",1,"Small",3,102029,12.6367,5.4052,5190,"SparseICP PointToPlane (p=0.400000)",0,4.61632e-06,0.000230816,0.000155417,1,5,0,0,24.2923,24.2923,2.65418,13.2709,1.93468,9.6734,4.85494,24.2747
"Armadillo",1,"Small",4,102030,10.8068,5.60876,5190,"ESA+SparseICP PointToPlane (p=0.400000)",0,9.06003e-06,0.000453001,0.000154296,1,2,2.60617e-05,204.261,6.1703,210.431,0.9518,1.9036,1.8307,3.6614,3.0581,6.1162
"Armadillo",1,"Small",4,102030,10.8068,5.60876,5190,"SparseICP PointToPlane (p=0.400000)",0,8.59701e-06,0.000429851,0.000152842,1,5,0,0,25.6133,25.6133,2.89102,14.4551,1.99764,9.9882,5.11868,25.5934
"Armadillo",1,"Small",5,102031,14.3013,4.23008,5190,"ESA+SparseICP PointToPlane (p=0.400000)",156.821,0.114877,5.74384,0.109306,0,25,0.00869682,179.62,170.554,350.174,4.22529,105.632,2.43566,60.8916,6.82028,170.507
"Armadillo",1,"Small",5,102031,14.3013,4.23008,5190,"SparseICP PointToPlane (p=0.400000)",0,7.53994e-06,0.000376997,0.000154242,1,5,0,0,13.6671,13.6671,1.34962,6.7481,1.23246,6.1623,2.72822,13.6411
"Armadillo",1,"Small",6,102032,10.2131,5.4121,5190,"ESA+SparseICP PointToPlane (p=0.400000)",0,7.21317e-06,0.000360658,0.000151215,1,2,2.45004e-05,184.758,5.8619,190.62,0.78625,1.5725,1.872,3.744,2.9123,5.8246
"Armadillo",1,"Small",6,102032,10.2131,5.4121,5190,"SparseICP PointToPlane (p=0.400000)",0,6.80907e-06,0.000340454,0.000151985,1,5,0,0,19.1196,19.1196,1.70362,8.5181,1.86598,9.3299,3.82004,19.1002
"Armadillo",1,"Small",7,102033,10.1292,5.3029,5190,"ESA+SparseICP PointToPlane (p=0.400000)",0,5.38016e-06,0.000269008,0.000157649,1,2,2.76322e-05,194.279,7.5534,201.833,1.68655,3.3731,1.8163,3.6326,3.76045,7.5209
"Armadillo",1,"Small",7,102033,10.1292,5.3029,5190,"SparseICP PointToPlane (p=0.400000)",0.0395647,0.000142088,0.00710439,0.000191797,1,5,0,0,19.6853,19.6853,1.80716,9.0358,1.88136,9.4068,3.93312,19.6656
"Armadillo",1,"Small",8,102034,15.9975,5.73973,5190,"ESA+SparseICP PointToPlane (p=0.400000)",0,6.20741e-06,0.000310371,0.000150081,1,2,2.75656e-05,204.738,6.2983,211.037,1.04635,2.0927,1.81225,3.6245,3.13345,6.2669
"Armadillo",1,"Small",8,102034,15.9975,5.73973,5190,"SparseICP PointToPlane (p=0.400000)",0,7.32769e-06,0.000366385,0.000150345,1,5,0,0,23.6281,23.6281,2.5009,12.5045,1.94052,9.7026,4.7217,23.6085
"Armadillo",1,"Small",9,102035,14.4286,6.33495,5190,"ESA+SparseICP PointToPlane (p=0.400000)",157.144,0.367303,18.3651,0.114714,0,25,0.00993004,175.706,166.198,341.904,3.95675,98.9187,2.50779,62.6948,6.64602,166.15
"Armadillo",1,"Small",9,102035,14.4286,6.33495,5190,"SparseICP PointToPlane (p=0.400000)",0.0279765,9.05795e-06,0.000452898,0.000156229,1,5,0,0,15.9913,15.9913,1.72716,8.6358,1.31792,6.5896,3.19392,15.9696
"Armadillo",1,"Small",10,102036,12.0162,5.92337,5190,"ESA+SparseICP PointToPlane (p=0.400000)",0,1.26583e-05,0.000632913,0.000151693,1,2,2.49727e-05,183.298,5.92,189.218,0.90685,1.8137,1.80545,3.6109,2.9434,5.8868
"Armadillo",1,"Small",10,102036,12.0162,5.92337,5190,"SparseICP PointToPlane (p=0.400000)",0,1.27523e-05,0.000637616,0.000151673,1,5,0,0,22.438,22.438,2.27996,11.3998,1.9716,9.858,4.48372,22.4186
"Armadillo",1,"Small",11,102037,18.6057,3.54655,5190,"ESA+SparseICP PointToPlane (p=0.400000)",0,8.37584e-06,0.000418792,0.000153916,1,2,2.5536e-05,180.562,7.2363,187.798,1.44145,2.8829,1.8824,3.7648,3.5841,7.1682
"Armadillo",1,"Small",11,102037,18.6057,3.54655,5190,"SparseICP PointToPlane (p=0.400000)",0,8.32739e-06,0.00041637,0.000153827,1,6,0,0,32.1335,32.1335,3.11465,18.6879,1.99147,11.9488,5.35213,32.1128
"Armadillo",1,"Small",12,102038,15.9148,3.67073,5190,"ESA+SparseICP PointToPlane (p=0.400000)",0.0279765,3.02375e-06,0.000151187,0.00015628,1,2,2.6714e-05,201.338,6.1906,207.529,1.0105,2.021,1.8446,3.6892,3.07995,6.1599
"Armadillo",1,"Small",12,102038,15.9148,3.67073,5190,"SparseICP PointToPlane (p=0.400000)",0,4.47133e-06,0.000223567,0.000157346,1,5,0,0,25.149,25.149,2.79574,13.9787,1.9798,9.899,5.02544,25.1272
"Armadillo",1,"Small",13,102039,14.8301,4.44717,5190,"ESA+SparseICP PointToPlane (p=0.400000)",0,6.17071e-06,0.000308536,0.000152617,1,2,2.20877e-05,206.728,8.7698,215.498,2.2312,4.4624,1.8546,3.7092,4.3697,8.7394
"Armadillo",1,"Small",13,102039,14.8301,4.44717,5190,"SparseICP PointToPlane (p=0.400000)",0,5.49825e-06,0.000274912,0.000152325,1,5,0,0,25.6259,25.6259,3.1093,15.5465,1.77864,8.8932,5.12112,25.6056
"Armadillo",1,"Small",14,102040,15.5991,5.24428,5190,"ESA+SparseICP PointToPlane (p=0.400000)",0,3.22245e-06,0.000161123,0.000156383,1,2,2.61102e-05,203.631,5.8816,209.513,0.8597,1.7194,1.82535,3.6507,2.92365,5.8473
"Armadillo",1,"Small",14,102040,15.5991,5.24428,5190,"SparseICP PointToPlane (p=0.400000)",0,4.24295e-06,0.000212148,0.000158148,1,5,0,0,30.3096,30.3096,3.74466,18.7233,2.0113,10.0565,6.05752,30.2876
"Armadillo",1,"Small",15,102041,14.921,7.83102,5190,"ESA+SparseICP PointToPlane (p=0.400000)",0,3.65326e-06,0.000182663,0.000152597,1,2,2.38415e-05,220.835,9.0373,229.872,2.1326,4.2652,2.06785,4.1357,4.5007,9.0014
"Armadillo",1,"Small",15,102041,14.921,7.83102,5190,"SparseICP PointToPlane (p=0.400000)",0,3.56788e-06,0.000178394,0.000152611,1,5,0,0,29.2193,29.2193,3.59198,17.9599,1.9914,9.957,5.83958,29.1979
"Armadillo",1,"Small",16,102042,18.714,4.67379,5190,"ESA+SparseICP PointToPlane (p=0.400000)",0,4.76722e-06,0.000238361,0.000157744,1,2,2.27968e-05,239.21,7.459,246.669,1.54725,3.0945,1.9127,3.8254,3.7148,7.4296
"Armadillo",1,"Small",16,102042,18.714,4.67379,5190,"SparseICP PointToPlane (p=0.400000)",0,5.65146e-06,0.000282573,0.000156858,1,5,0,0,28.035,28.035,3.27496,16.3748,2.07862,10.3931,5.60254,28.0127
"Armadillo",1,"Small",17,102043,14.0146,3.3646,5190,"ESA+SparseICP PointToPlane (p=0.400000)",128.331,0.42397,21.1985,0.110054,0,25,0.00819256,238.391,179.031,417.422,4.49971,112.493,2.4619,61.5474,7.15804,178.951
"Armadillo",1,"Small",17,102043,14.0146,3.3646,5190,"SparseICP PointToPlane (p=0.400000)",0,8.28371e-06,0.000414185,0.000147943,1,5,0,0,16.607,16.607,1.88028,9.4014,1.27308,6.3654,3.3092,16.546
"Armadillo",1,"Small",18,102044,16.0208,6.03848,5190,"ESA+SparseICP PointToPlane (p=0.400000)",0.0279765,2.64256e-06,0.000132128,0.000157045,1,2,2.55952e-05,241.675,5.3667,247.042,0.99785,1.9957,1.4851,2.9702,2.669,5.338
"Armadillo",1,"Small",18,102044,16.0208,6.03848,5190,"SparseICP PointToPlane (p=0.400000)",0,1.56836e-06,7.84182e-05,0.000157314,1,5,0,0,25.9902,25.9902,3.09272,15.4636,1.82956,9.1478,5.19408,25.9704
"Armadillo",1,"Small",19,102045,18.2824,7.94465,5190,"ESA+SparseICP PointToPlane (p=0.400000)",0,3.05827e-06,0.000152913,0.000158802,1,2,2.3457e-05,215.014,6.077,221.091,0.96505,1.9301,1.83235,3.6647,3.0265,6.053
"Armadillo",1,"Small",19,102045,18.2824,7.94465,5190,"SparseICP PointToPlane (p=0.400000)",0,5.70409e-06,0.000285204,0.000157369,1,5,0,0,33.3935,33.3935,4.37564,21.8782,2.0505,10.2525,6.67498,33.3749
"Armadillo",1,"Medium",0,103026,80.271,18.6318,5190,"ESA+SparseICP PointToPlane (p=0.400000)",0,1.07183e-05,0.000535916,0.000157202,1,2,2.67682e-05,209.47,6.2111,215.681,1.03835,2.0767,1.81265,3.6253,3.0892,6.1784
"Armadillo",1,"Medium",0,103026,80.271,18.6318,5190,"SparseICP PointToPlane (p=0.400000)",0,1.103e-05,0.0005515,0.000157276,1,7,0,0,55.5397,55.5397,5.42381,37.9667,2.29567,16.0697,7.93106,55.5174
"Armadillo",1,"Medium",1,103027,78.1162,16.3908,5190,"ESA+SparseICP PointToPlane (p=0.400000)",0.0395647,1.49294e-05,0.000746472,0.000149172,1,2,2.63219e-05,222.51,6.2887,228.799,1.0915,2.183,1.81045,3.6209,3.1284,6.2568
"Armadillo",1,"Medium",1,103027,78.1162,16.3908,5190,"SparseICP PointToPlane (p=0.400000)",102.421,0.566998,28.3499,0.149332,1,18,0,0,162.355,162.355,6.10488,109.888,2.74546,49.4183,9.01816,162.327
"Armadillo",1,"Medium",2,103028,55.8585,28.7511,5190,"ESA+SparseICP PointToPlane (p=0.400000)",0,9.83704e-06,0.000491852,0.000148516,1,2,2.65137e-05,193.902,5.8495,199.751,0.88885,1.7777,1.78745,3.5749,2.90825,5.8165
"Armadillo",1,"Medium",2,103028,55.8585,28.7511,5190,"SparseICP PointToPlane (p=0.400000)",0,9.91773e-06,0.000495886,0.000147295,1,12,0,0,81.758,81.758,4.31091,51.7309,2.33393,28.0072,6.81123,81.7348
"Armadillo",1,"Medium",3,103029,75.5669,29.4474,5190,"ESA+SparseICP PointToPlane (p=0.400000)",0,6.77556e-06,0.000338778,0.000151775,1,3,3.69373e-05,194.168,9.1877,203.356,0.995033,2.9851,1.8275,5.4825,3.049,9.147
"Armadillo",1,"Medium",3,103029,75.5669,29.4474,5190,"SparseICP PointToPlane (p=0.400000)",148.206,1.32103,66.0514,0.116484,0,100,0,0,595.832,595.832,3.51098,351.098,2.31232,231.232,5.95766,595.766
"Armadillo",1,"Medium",4,103030,83.868,28.5051,5190,"ESA+SparseICP PointToPlane (p=0.400000)",0,3.24136e-06,0.000162068,0.000150989,1,3,7.34354e-05,193.768,8.6531,202.421,0.829233,2.4877,1.8176,5.4528,2.87367,8.621
"Armadillo",1,"Medium",4,103030,83.868,28.5051,5190,"SparseICP PointToPlane (p=0.400000)",73.3823,0.423418,21.1709,0.154547,0,100,0,0,598.885,598.885,3.21627,321.627,2.64072,264.072,5.98818,598.818
"Armadillo",1,"Medium",5,103031,46.6765,25.7536,5190,"ESA+SparseICP PointToPlane (p=0.400000)",0,1.30289e-05,0.000651445,0.000155835,1,3,3.11069e-05,177.998,9.8512,187.849,1.14327,3.4298,1.8947,5.6841,3.27393,9.8218
"Armadillo",1,"Medium",5,103031,46.6765,25.7536,5190,"SparseICP PointToPlane (p=0.400000)",0,1.27699e-05,0.000638496,0.000155863,1,8,0,0,52.6545,52.6545,4.01095,32.0876,2.36682,18.9346,6.57904,52.6323
"Armadillo",1,"Medium",6,103032,78.5895,23.0621,5190,"ESA+SparseICP PointToPlane (p=0.400000)",127.139,0.490897,24.5448,0.103355,0,25,0.00955835,186.718,164.359,351.077,4.0901,102.252,2.32306,58.0765,6.57252,164.313
"Armadillo",1,"Medium",6,103032,78.5895,23.0621,5190,"SparseICP PointToPlane (p=0.400000)",117.084,1.02604,51.3019,0.11703,1,66,0,0,346.067,346.067,2.85014,188.109,2.25959,149.133,5.24262,346.013
"Armadillo",1,"Medium",7,103033,54.3041,19.5874,5190,"ESA+SparseICP PointToPlane (p=0.400000)",0,7.57829e-06,0.000378915,0.000149553,1,2,2.67013e-05,171.524,5.7987,177.322,0.78655,1.5731,1.86665,3.7333,2.87955,5.7591
"Armadillo",1,"Medium",7,103033,54.3041,19.5874,5190,"SparseICP PointToPlane (p=0.400000)",0,8.38867e-06,0.000419433,0.000149193,1,9,0,0,52.7536,52.7536,3.2774,29.4966,2.3653,21.2877,5.8586,52.7274
"Armadillo",1,"Medium",8,103034,79.7117,15.9537,5190,"ESA+SparseICP PointToPlane (p=0.400000)",0,1.25813e-05,0.000629066,0.000157086,1,2,2.59986e-05,196.099,6.5624,202.661,1.1836,2.3672,1.8406,3.6812,3.2639,6.5278
"Armadillo",1,"Medium",8,103034,79.7117,15.9537,5190,"SparseICP PointToPlane (p=0.400000)",0.0395647,1.25845e-05,0.000629223,0.000157789,1,8,0,0,48.4138,48.4138,3.42131,27.3705,2.3895,19.116,6.04904,48.3923
"Armadillo",1,"Medium",9,103035,83.3189,24.7192,5190,"ESA+SparseICP PointToPlane (p=0.400000)",0,7.06444e-06,0.000353222,0.000155696,1,2,2.65346e-05,195.75,6.2014,201.952,1.0208,2.0416,1.82,3.64,3.0704,6.1408
"Armadillo",1,"Medium",9,103035,83.3189,24.7192,5190,"SparseICP PointToPlane (p=0.400000)",0,6.92107e-06,0.000346054,0.000155991,1,9,0,0,56.4459,56.4459,3.58313,32.2482,2.45494,22.0945,6.26921,56.4229
"Armadillo",1,"Medium",10,103036,53.4616,26.2798,5190,"ESA+SparseICP PointToPlane (p=0.400000)",0.0279765,1.06765e-05,0.000533826,0.000151124,1,2,2.79145e-05,180.818,6.6805,187.499,1.08695,2.1739,1.85615,3.7123,3.3281,6.6562
"Armadillo",1,"Medium",10,103036,53.4616,26.2798,5190,"SparseICP PointToPlane (p=0.400000)",0,8.76806e-06,0.000438403,0.000151727,1,7,0,0,48.5302,48.5302,4.24691,29.7284,2.45181,17.1627,6.92961,48.5073
"Armadillo",1,"Medium",11,103037,55.8017,20.9277,5190,"ESA+SparseICP PointToPlane (p=0.400000)",0,1.62297e-05,0.000811483,0.000151104,1,3,3.41008e-05,230.136,10.9755,241.111,1.5468,4.6404,1.84007,5.5202,3.6457,10.9371
"Armadillo",1,"Medium",11,103037,55.8017,20.9277,5190,"SparseICP PointToPlane (p=0.400000)",104.638,0.833598,41.6799,0.145339,1,29,0,0,239.028,239.028,2.47049,71.6442,5.67197,164.487,8.24116,238.994
"Armadillo",1,"Medium",12,103038,83.0713,22.5312,5190,"ESA+SparseICP PointToPlane (p=0.400000)",0,7.5334e-06,0.00037667,0.000154005,1,2,2.76851e-05,214.284,7.7165,222,1.56145,3.1229,2.0178,4.0356,3.8386,7.6772
"Armadillo",1,"Medium",12,103038,83.0713,22.5312,5190,"SparseICP PointToPlane (p=0.400000)",0.0279765,9.03271e-06,0.000451635,0.000152034,1,9,0,0,64.8283,64.8283,4.41022,39.692,2.53096,22.7786,7.20002,64.8002
"Armadillo",1,"Medium",13,103039,48.5059,25.0869,5190,"ESA+SparseICP PointToPlane (p=0.400000)",0,2.3838e-05,0.0011919,0.00015343,1,2,2.53989e-05,247.268,6.8218,254.089,1.3323,2.6646,1.82485,3.6497,3.39395,6.7879
"Armadillo",1,"Medium",13,103039,48.5059,25.0869,5190,"SparseICP PointToPlane (p=0.400000)",0,2.25334e-05,0.00112667,0.000153928,1,7,0,0,39.381,39.381,3.55796,24.9057,1.86737,13.0716,5.62241,39.3569
"Armadillo",1,"Medium",14,103040,82.0422,29.9105,5190,"ESA+SparseICP PointToPlane (p=0.400000)",0,9.96523e-06,0.000498262,0.000153292,1,2,2.46395e-05,434.166,6.1417,440.308,1.0132,2.0264,1.8084,3.6168,3.055,6.11
"Armadillo",1,"Medium",14,103040,82.0422,29.9105,5190,"SparseICP PointToPlane (p=0.400000)",128.06,0.507847,25.3924,0.107028,1,96,0,0,566.878,566.878,3.44719,330.931,2.31066,221.823,5.90409,566.793
"Armadillo",1,"Medium",15,103041,64.3536,26.9711,5190,"ESA+SparseICP PointToPlane (p=0.400000)",0,5.15408e-06,0.000257704,0.000150566,1,2,2.84039e-05,185.317,5.9774,191.294,0.77425,1.5485,1.96435,3.9287,2.9734,5.9468
"Armadillo",1,"Medium",15,103041,64.3536,26.9711,5190,"SparseICP PointToPlane (p=0.400000)",0,1.34244e-05,0.000671222,0.000151819,1,8,0,0,48.3389,48.3389,3.33669,26.6935,2.47329,19.7863,6.03916,48.3133
"Armadillo",1,"Medium",16,103042,68.7814,22.9321,5190,"ESA+SparseICP PointToPlane (p=0.400000)",0,9.00213e-06,0.000450106,0.000154357,1,2,2.57129e-05,208.802,6.87,215.672,1.3709,2.7418,1.79895,3.5979,3.4185,6.837
"Armadillo",1,"Medium",16,103042,68.7814,22.9321,5190,"SparseICP PointToPlane (p=0.400000)",143.814,0.297158,14.8579,0.111339,0,100,0,0,569.083,569.083,3.27057,327.057,2.27727,227.727,5.68999,568.999
"Armadillo",1,"Medium",17,103043,80.8249,15.7623,5190,"ESA+SparseICP PointToPlane (p=0.400000)",0,6.32669e-06,0.000316335,0.000155377,1,3,5.01685e-05,185.195,9.2982,194.493,0.977267,2.9318,1.8768,5.6304,3.08823,9.2647
"Armadillo",1,"Medium",17,103043,80.8249,15.7623,5190,"SparseICP PointToPlane (p=0.400000)",0,4.99957e-06,0.000249979,0.000155429,1,11,0,0,70.4876,70.4876,3.65384,40.1922,2.55518,28.107,6.40564,70.462
"Armadillo",1,"Medium",18,103044,45.573,18.6726,5190,"ESA+SparseICP PointToPlane (p=0.400000)",0,1.8437e-05,0.000921849,0.000152957,1,3,3.31378e-05,199.778,8.8744,208.652,0.874767,2.6243,1.8432,5.5296,2.94773,8.8432
"Armadillo",1,"Medium",18,103044,45.573,18.6726,5190,"SparseICP PointToPlane (p=0.400000)",0,1.85657e-05,0.000928286,0.000153136,1,7,0,0,35.1994,35.1994,2.68326,18.7828,2.11377,14.7964,5.02547,35.1783
"Armadillo",1,"Medium",19,103045,45.2802,16.4307,5190,"ESA+SparseICP PointToPlane (p=0.400000)",0,8.74207e-06,0.000437104,0.000151213,1,3,2.50283e-05,200.508,8.984,209.493,0.826133,2.4784,1.92687,5.7806,2.98123,8.9437
"Armadillo",1,"Medium",19,103045,45.2802,16.4307,5190,"SparseICP PointToPlane (p=0.400000)",0,8.77043e-06,0.000438522,0.000150789,1,6,0,0,31.4785,31.4785,2.83282,16.9969,2.15888,12.9533,5.2401,31.4406
"Armadillo",1,"Large",0,104026,133.495,40.9484,5190,"ESA+SparseICP PointToPlane (p=0.400000)",0,1.4873e-05,0.000743652,0.000155378,1,2,2.78158e-05,179.845,6.948,186.793,1.32,2.64,1.8854,3.7708,3.45275,6.9055
"Armadillo",1,"Large",0,104026,133.495,40.9484,5190,"SparseICP PointToPlane (p=0.400000)",128.383,1.62342,81.1709,0.108248,1,21,0,0,148.04,148.04,4.25014,89.253,2.631,55.2509,7.04784,148.005
"Armadillo",1,"Large",1,104027,152.667,42.011,5190,"ESA+SparseICP PointToPlane (p=0.400000)",0,9.77016e-06,0.000488508,0.000160291,1,6,0.00889777,186.521,27.1795,213.7,2.26358,13.5815,2.0169,12.1014,4.52407,27.1444
"Armadillo",1,"Large",1,104027,152.667,42.011,5190,"SparseICP PointToPlane (p=0.400000)",158.434,1.5047,75.2352,0.130691,1,50,0,0,333.659,333.659,3.93962,196.981,2.59615,129.808,6.67225,333.613
"Armadillo",1,"Large",2,104028,134.052,58.8044,5190,"ESA+SparseICP PointToPlane (p=0.400000)",0,1.55017e-05,0.000775087,0.000151945,1,4,0.000952104,159.614,12.731,172.345,1.11017,4.4407,1.82667,7.3067,3.17188,12.6875
"Armadillo",1,"Large",2,104028,134.052,58.8044,5190,"SparseICP PointToPlane (p=0.400000)",177.915,2.68628,134.314,0.118637,0,100,0,0,605.321,605.321,3.46336,346.336,2.45498,245.498,6.05249,605.249
"Armadillo",1,"Large",3,104029,143.313,52.1416,5190,"ESA+SparseICP PointToPlane (p=0.400000)",170.677,0.677655,33.8827,0.12549,0,25,0.00824433,193.234,160.906,354.14,3.75538,93.8845,2.50714,62.6786,6.43372,160.843
"Armadillo",1,"Large",3,104029,143.313,52.1416,5190,"SparseICP PointToPlane (p=0.400000)",125.346,0.371845,18.5923,0.101456,1,30,0,0,181.392,181.392,3.56697,107.009,2.35162,70.5486,6.04515,181.354
"Armadillo",1,"Large",4,104030,121.301,46.4748,5190,"ESA+SparseICP PointToPlane (p=0.400000)",0,4.40094e-05,0.00220047,0.000154898,1,3,0.000197076,175.776,9.9152,185.691,1.21853,3.6556,1.82363,5.4709,3.29547,9.8864
"Armadillo",1,"Large",4,104030,121.301,46.4748,5190,"SparseICP PointToPlane (p=0.400000)",77.4775,0.35513,17.7565,0.159928,1,15,0,0,104.157,104.157,3.6283,54.4245,3.15057,47.2586,6.94183,104.128
"Armadillo",1,"Large",5,104031,160.188,58.6779,5190,"ESA+SparseICP PointToPlane (p=0.400000)",0,3.68056e-05,0.00184028,0.000153176,1,4,0.000512104,159.476,12.807,172.283,1.12052,4.4821,1.84445,7.3778,3.19353,12.7741
"Armadillo",1,"Large",5,104031,160.188,58.6779,5190,"SparseICP PointToPlane (p=0.400000)",144.738,2.52214,126.107,0.109174,0,100,0,0,617.317,617.317,2.97429,297.429,3.07093,307.093,6.17244,617.244
"Armadillo",1,"Large",6,104032,148.458,45.6226,5190,"ESA+SparseICP PointToPlane (p=0.400000)",0,1.42108e-05,0.000710541,0.000156143,1,3,0.000236318,181.362,9.5593,190.921,1.11707,3.3512,1.82687,5.4806,3.17553,9.5266
"Armadillo",1,"Large",6,104032,148.458,45.6226,5190,"SparseICP PointToPlane (p=0.400000)",157.381,1.42072,71.0361,0.127267,1,9,0,0,79.3645,79.3645,5.53734,49.8361,3.10448,27.9403,8.81566,79.3409
"Armadillo",1,"Large",7,104033,143.392,41.0787,5190,"ESA+SparseICP PointToPlane (p=0.400000)",0,1.05594e-05,0.000527972,0.000157319,1,4,0.000179936,179.532,11.3373,190.869,0.7836,3.1344,1.8196,7.2784,2.82625,11.305
"Armadillo",1,"Large",7,104033,143.392,41.0787,5190,"SparseICP PointToPlane (p=0.400000)",127.067,1.7413,87.065,0.10558,1,88,0,0,505.422,505.422,3.32058,292.211,2.28077,200.707,5.74269,505.356
"Armadillo",1,"Large",8,104034,164.971,42.6605,5190,"ESA+SparseICP PointToPlane (p=0.400000)",0,1.769e-05,0.000884502,0.000151803,1,3,5.22024e-05,206.202,9.3907,215.593,1.04177,3.1253,1.83033,5.491,3.12013,9.3604
"Armadillo",1,"Large",8,104034,164.971,42.6605,5190,"SparseICP PointToPlane (p=0.400000)",178.32,0.427471,21.3735,0.121411,1,8,0,0,61.3827,61.3827,4.5055,36.044,3.0108,24.0864,7.66993,61.3594
"Armadillo",1,"Large",9,104035,166.575,58.1405,5190,"ESA+SparseICP PointToPlane (p=0.400000)",157.817,1.82543,91.2717,0.109914,1,5,0.00840497,167.335,39.1431,206.479,4.5954,22.977,3.005,15.025,7.82172,39.1086
"Armadillo",1,"Large",9,104035,166.575,58.1405,5190,"SparseICP PointToPlane (p=0.400000)",123.922,1.50689,75.3445,0.106433,0,100,0,0,598.234,598.234,3.00667,300.667,2.84597,284.597,5.98156,598.156
"Armadillo",1,"Large",10,104036,137.788,68.1731,5190,"ESA+SparseICP PointToPlane (p=0.400000)",0,1.55803e-05,0.000779013,0.000152296,1,4,0.000626684,137.135,14.3749,151.51,1.54458,6.1783,1.80775,7.231,3.5866,14.3464
"Armadillo",1,"Large",10,104036,137.788,68.1731,5190,"SparseICP PointToPlane (p=0.400000)",179.082,2.76658,138.329,0.122342,0,100,0,0,614.295,614.295,3.45569,345.569,2.55195,255.195,6.14214,614.214
"Armadillo",1,"Large",11,104037,149.143,60.5414,5190,"ESA+SparseICP PointToPlane (p=0.400000)",0,2.84184e-05,0.00142092,0.000156774,1,4,0.000233561,180.131,11.9322,192.064,0.935175,3.7407,1.8152,7.2608,2.97465,11.8986
"Armadillo",1,"Large",11,104037,149.143,60.5414,5190,"SparseICP PointToPlane (p=0.400000)",147.037,0.899974,44.9987,0.108637,1,64,0,0,413.72,413.72,3.21636,205.847,3.12518,200.012,6.46354,413.666
"Armadillo",1,"Large",12,104038,123.267,65.793,5190,"ESA+SparseICP PointToPlane (p=0.400000)",0.0279765,1.76412e-05,0.000882058,0.000154598,1,5,0.00299696,153.446,20.5344,173.981,1.97264,9.8632,1.8775,9.3875,4.09862,20.4931
"Armadillo",1,"Large",12,104038,123.267,65.793,5190,"SparseICP PointToPlane (p=0.400000)",144.706,2.56326,128.163,0.111125,1,80,0,0,502.342,502.342,3.60974,288.779,2.53368,202.694,6.27849,502.279
"Armadillo",1,"Large",13,104039,145.958,57.7633,5190,"ESA+SparseICP PointToPlane (p=0.400000)",0,1.47039e-05,0.000735195,0.000153488,1,3,0.000104385,176.831,9.3227,186.153,1.0659,3.1977,1.79943,5.3983,3.09653,9.2896
"Armadillo",1,"Large",13,104039,145.958,57.7633,5190,"SparseICP PointToPlane (p=0.400000)",145.899,1.45338,72.6691,0.107705,1,32,0,0,197.751,197.751,3.59926,115.176,2.42648,77.6473,6.17864,197.716
"Armadillo",1,"Large",14,104040,171.855,64.8152,5190,"ESA+SparseICP PointToPlane (p=0.400000)",0,1.94529e-05,0.000972644,0.000151578,1,7,0.0111852,176.401,35.8236,212.224,2.59244,18.1471,2.28791,16.0154,5.11281,35.7897
"Armadillo",1,"Large",14,104040,171.855,64.8152,5190,"SparseICP PointToPlane (p=0.400000)",172.74,0.933756,46.6878,0.15961,0,100,0,0,616.099,616.099,3.43621,343.621,2.58742,258.742,6.16025,616.025
"Armadillo",1,"Large",15,104041,154.616,65.7976,5190,"ESA+SparseICP PointToPlane (p=0.400000)",125.7,2.41357,120.678,0.112301,0,25,0.0101639,179.418,152.871,332.289,3.53978,88.4945,2.4104,60.26,6.11294,152.823
"Armadillo",1,"Large",15,104041,154.616,65.7976,5190,"SparseICP PointToPlane (p=0.400000)",179.442,2.52136,126.068,0.140959,1,5,0,0,36.749,36.749,4.17016,20.8508,3.02466,15.1233,7.3435,36.7175
"Armadillo",1,"Large",16,104042,151.091,47.0173,5190,"ESA+SparseICP PointToPlane (p=0.400000)",0,1.34088e-05,0.000670441,0.000161139,1,3,3.28822e-05,194.54,8.4943,203.034,0.785867,2.3576,1.80227,5.4068,2.81897,8.4569
"Armadillo",1,"Large",16,104042,151.091,47.0173,5190,"SparseICP PointToPlane (p=0.400000)",0,1.40608e-05,0.000703038,0.000160625,1,16,0,0,112.5,112.5,3.41587,54.6539,3.48444,55.751,7.02964,112.474
"Armadillo",1,"Large",17,104043,177.315,52.7641,5190,"ESA+SparseICP PointToPlane (p=0.400000)",0,2.3179e-05,0.00115895,0.00016072,1,3,0.000222154,153.291,10.0069,163.298,1.149,3.447,1.91443,5.7433,3.32433,9.973
"Armadillo",1,"Large",17,104043,177.315,52.7641,5190,"SparseICP PointToPlane (p=0.400000)",177.312,2.36596,118.298,0.180099,1,15,0,0,127.416,127.416,4.97597,74.6395,3.3465,50.1975,8.49257,127.389
"Armadillo",1,"Large",18,104044,153.993,49.8647,5190,"ESA+SparseICP PointToPlane (p=0.400000)",0.0279765,1.59142e-05,0.000795708,0.000147983,1,3,0.000236211,193.678,9.9086,203.586,1.18647,3.5594,1.87237,5.6171,3.29347,9.8804
"Armadillo",1,"Large",18,104044,153.993,49.8647,5190,"SparseICP PointToPlane (p=0.400000)",164.741,2.35758,117.879,0.103619,1,27,0,0,172.916,172.916,3.73914,100.957,2.51922,68.0189,6.4031,172.884
"Armadillo",1,"Large",19,104045,131.82,58.6252,5190,"ESA+SparseICP PointToPlane (p=0.400000)",0,1.2415e-05,0.000620751,0.000156146,1,3,0.000190155,166.648,11.4377,178.085,1.72327,5.1698,1.81303,5.4391,3.79977,11.3993
"Armadillo",1,"Large",19,104045,131.82,58.6252,5190,"SparseICP PointToPlane (p=0.400000)",173.058,1.07695,53.8477,0.151891,0,100,0,0,728.454,728.454,4.0448,404.48,3.11929,311.929,7.28388,728.388
"Armadillo",0.75,"Small",0,112026,14.4698,6.72615,3893,"ESA+SparseICP PointToPlane (p=0.400000)",0,8.61771e-06,0.000430885,0.000150448,1,2,2.4214e-05,127.302,4.963,132.265,0.8372,1.6744,1.3869,2.7738,2.46965,4.9393
"Armadillo",0.75,"Small",0,112026,14.4698,6.72615,3893,"SparseICP PointToPlane (p=0.400000)",0,7.96618e-06,0.000398309,0.000150445,1,5,0,0,13.6498,13.6498,1.0764,5.382,1.441,7.205,2.72664,13.6332
"Armadillo",0.75,"Small",1,112027,18.4564,3.05367,3893,"ESA+SparseICP PointToPlane (p=0.400000)",0,1.61859e-05,0.000809294,0.000151539,1,2,2.29385e-05,125.811,4.5508,130.361,0.70405,1.4081,1.36945,2.7389,2.26515,4.5303
"Armadillo",0.75,"Small",1,112027,18.4564,3.05367,3893,"SparseICP PointToPlane (p=0.400000)",0.0279765,1.68725e-05,0.000843627,0.000151922,1,5,0,0,13.5071,13.5071,1.1426,5.713,1.38848,6.9424,2.69828,13.4914
"Armadillo",0.75,"Small",2,112028,10.0967,7.88246,3893,"ESA+SparseICP PointToPlane (p=0.400000)",129.04,0.156288,7.81439,0.0656553,1,10,0.00367513,127.272,50.0994,177.372,2.94604,29.4604,1.8887,18.887,5.00697,50.0697
"Armadillo",0.75,"Small",2,112028,10.0967,7.88246,3893,"SparseICP PointToPlane (p=0.400000)",0,1.72491e-05,0.000862453,0.000146592,1,4,0,0,13.3487,13.3487,1.69675,6.787,1.44345,5.7738,3.3332,13.3328
"Armadillo",0.75,"Small",3,112029,18.3187,4.76544,3893,"ESA+SparseICP PointToPlane (p=0.400000)",0,1.29442e-05,0.000647209,0.00015089,1,2,2.66438e-05,124.138,5.4533,129.591,1.14555,2.2911,1.3594,2.7188,2.71165,5.4233
"Armadillo",0.75,"Small",3,112029,18.3187,4.76544,3893,"SparseICP PointToPlane (p=0.400000)",0,1.07166e-05,0.000535832,0.000151058,1,5,0,0,16.6746,16.6746,1.69586,8.4793,1.462,7.31,3.33138,16.6569
"Armadillo",0.75,"Small",4,112030,15.6272,4.38642,3893,"ESA+SparseICP PointToPlane (p=0.400000)",127.082,0.314484,15.7242,0.0639322,0,25,0.0029794,123.941,113.057,236.998,2.65326,66.3316,1.71515,42.8788,4.52086,113.021
"Armadillo",0.75,"Small",4,112030,15.6272,4.38642,3893,"SparseICP PointToPlane (p=0.400000)",0,8.3327e-06,0.000416635,0.000155454,1,5,0,0,10.9627,10.9627,1.14994,5.7497,0.93012,4.6506,2.1883,10.9415
"Armadillo",0.75,"Small",5,112031,12.8684,7.50032,3893,"ESA+SparseICP PointToPlane (p=0.400000)",128.871,0.422825,21.1412,0.0648415,1,13,0.00305823,121.219,67.2337,188.453,3.08136,40.0577,1.91733,24.9253,5.16972,67.2063
"Armadillo",0.75,"Small",5,112031,12.8684,7.50032,3893,"SparseICP PointToPlane (p=0.400000)",0,1.18598e-05,0.000592988,0.000155461,1,5,0,0,14.7892,14.7892,1.4264,7.132,1.37228,6.8614,2.95418,14.7709
"Armadillo",0.75,"Small",6,112032,18.9917,6.24517,3893,"ESA+SparseICP PointToPlane (p=0.400000)",127.317,0.338383,16.9192,0.0651813,1,5,0.00401291,148.545,23.0109,171.556,2.56438,12.8219,1.85968,9.2984,4.59766,22.9883
"Armadillo",0.75,"Small",6,112032,18.9917,6.24517,3893,"SparseICP PointToPlane (p=0.400000)",0,1.48887e-05,0.000744434,0.00015669,1,5,0,0,17.664,17.664,1.843,9.215,1.48392,7.4196,3.5287,17.6435
"Armadillo",0.75,"Small",7,112033,14.9053,6.99636,3893,"ESA+SparseICP PointToPlane (p=0.400000)",0,6.64456e-06,0.000332228,0.000155376,1,3,2.85754e-05,133.447,7.0411,140.488,0.774067,2.3222,1.37743,4.1323,2.33953,7.0186
"Armadillo",0.75,"Small",7,112033,14.9053,6.99636,3893,"SparseICP PointToPlane (p=0.400000)",0.0279765,8.26757e-06,0.000413379,0.000155802,1,6,0,0,20.4792,20.4792,1.71018,10.2611,1.53365,9.2019,3.41043,20.4626
"Armadillo",0.75,"Small",8,112034,13.3276,4.00842,3893,"ESA+SparseICP PointToPlane (p=0.400000)",0,1.10938e-05,0.000554692,0.00015584,1,2,2.74298e-05,124.155,4.4966,128.652,0.69595,1.3919,1.3698,2.7396,2.23575,4.4715
"Armadillo",0.75,"Small",8,112034,13.3276,4.00842,3893,"SparseICP PointToPlane (p=0.400000)",0,9.9891e-06,0.000499455,0.000156614,1,5,0,0,14.5615,14.5615,1.28134,6.4067,1.45486,7.2743,2.90914,14.5457
"Armadillo",0.75,"Small",9,112035,15.9937,6.45398,3893,"ESA+SparseICP PointToPlane (p=0.400000)",0,1.42904e-05,0.00071452,0.000148776,1,2,2.86116e-05,125.391,4.7424,130.134,0.81835,1.6367,1.34465,2.6893,2.36025,4.7205
"Armadillo",0.75,"Small",9,112035,15.9937,6.45398,3893,"SparseICP PointToPlane (p=0.400000)",0,1.43613e-05,0.000718065,0.000150818,1,5,0,0,16.6089,16.6089,1.66566,8.3283,1.46498,7.3249,3.31872,16.5936
"Armadillo",0.75,"Small",10,112036,16.9499,7.63396,3893,"ESA+SparseICP PointToPlane (p=0.400000)",128.592,0.23148,11.574,0.0692303,0,25,0.0031635,136.142,105.824,241.966,2.24331,56.0828,1.82287,45.5718,4.23158,105.789
"Armadillo",0.75,"Small",10,112036,16.9499,7.63396,3893,"SparseICP PointToPlane (p=0.400000)",0,1.57854e-05,0.000789272,0.000157044,1,5,0,0,11.2608,11.2608,1.1789,5.8945,0.9671,4.8355,2.24734,11.2367
"Armadillo",0.75,"Small",11,112037,16.924,7.44494,3893,"ESA+SparseICP PointToPlane (p=0.400000)",0,5.58329e-06,0.000279165,0.000150986,1,2,2.9716e-05,129.63,4.478,134.108,0.6949,1.3898,1.35645,2.7129,2.22845,4.4569
"Armadillo",0.75,"Small",11,112037,16.924,7.44494,3893,"SparseICP PointToPlane (p=0.400000)",0,6.65503e-06,0.000332751,0.000150061,1,5,0,0,14.7307,14.7307,1.27104,6.3552,1.50038,7.5019,2.94294,14.7147
"Armadillo",0.75,"Small",12,112038,15.3868,5.06715,3893,"ESA+SparseICP PointToPlane (p=0.400000)",0,3.92757e-06,0.000196378,0.000151449,1,2,1.893e-05,145.436,4.2687,149.704,0.61185,1.2237,1.344,2.688,2.1232,4.2464
"Armadillo",0.75,"Small",12,112038,15.3868,5.06715,3893,"SparseICP PointToPlane (p=0.400000)",0,3.38995e-06,0.000169497,0.00015038,1,5,0,0,15.8282,15.8282,1.5077,7.5385,1.48734,7.4367,3.16262,15.8131
"Armadillo",0.75,"Small",13,112039,17.3701,7.26322,3893,"ESA+SparseICP PointToPlane (p=0.400000)",0,7.08176e-06,0.000354088,0.000155303,1,2,2.701e-05,130.628,4.744,135.372,0.8257,1.6514,1.3575,2.715,2.36105,4.7221
"Armadillo",0.75,"Small",13,112039,17.3701,7.26322,3893,"SparseICP PointToPlane (p=0.400000)",0.0279765,5.43997e-06,0.000271998,0.000154709,1,6,0,0,25.031,25.031,2.2858,13.7148,1.65597,9.9358,4.16882,25.0129
"Armadillo",0.75,"Small",14,112040,19.3818,3.20562,3893,"ESA+SparseICP PointToPlane (p=0.400000)",0,1.64964e-05,0.000824822,0.000156271,1,2,2.81326e-05,145.209,4.8364,150.045,0.82955,1.6591,1.3834,2.7668,2.4074,4.8148
"Armadillo",0.75,"Small",14,112040,19.3818,3.20562,3893,"SparseICP PointToPlane (p=0.400000)",0,1.73207e-05,0.000866037,0.000154087,1,5,0,0,20.3399,20.3399,2.3412,11.706,1.49062,7.4531,4.06432,20.3216
"Armadillo",0.75,"Small",15,112041,17.2935,7.28015,3893,"ESA+SparseICP PointToPlane (p=0.400000)",0,1.88638e-05,0.000943188,0.0001512,1,2,2.59108e-05,165.965,4.8803,170.846,0.79755,1.5951,1.42305,2.8461,2.42815,4.8563
"Armadillo",0.75,"Small",15,112041,17.2935,7.28015,3893,"SparseICP PointToPlane (p=0.400000)",0,1.94169e-05,0.000970846,0.000151976,1,5,0,0,20.2624,20.2624,2.31332,11.5666,1.52856,7.6428,4.04748,20.2374
"Armadillo",0.75,"Small",16,112042,14.6072,4.33064,3893,"ESA+SparseICP PointToPlane (p=0.400000)",0,1.2731e-05,0.000636552,0.000153002,1,2,2.30472e-05,177.412,4.9949,182.407,0.866,1.732,1.40435,2.8087,2.48385,4.9677
"Armadillo",0.75,"Small",16,112042,14.6072,4.33064,3893,"SparseICP PointToPlane (p=0.400000)",0,1.38488e-05,0.000692439,0.000154209,1,5,0,0,20.9179,20.9179,2.4964,12.482,1.48248,7.4124,4.17552,20.8776
"Armadillo",0.75,"Small",17,112043,15.034,6.26662,3893,"ESA+SparseICP PointToPlane (p=0.400000)",125.703,0.219421,10.9711,0.0665574,0,25,0.00432171,169.629,119.412,289.041,2.86387,71.5967,1.74251,43.5628,4.7722,119.305
"Armadillo",0.75,"Small",17,112043,15.034,6.26662,3893,"SparseICP PointToPlane (p=0.400000)",0,8.52907e-06,0.000426454,0.000151206,1,5,0,0,13.2747,13.2747,1.48296,7.4148,1.04352,5.2176,2.64742,13.2371
"Armadillo",0.75,"Small",18,112044,10.9322,5.99994,3893,"ESA+SparseICP PointToPlane (p=0.400000)",0,1.13647e-05,0.000568235,0.000155083,1,2,2.50542e-05,160.664,4.8232,165.487,0.82455,1.6491,1.3618,2.7236,2.3969,4.7938
"Armadillo",0.75,"Small",18,112044,10.9322,5.99994,3893,"SparseICP PointToPlane (p=0.400000)",0,1.15656e-05,0.000578279,0.000155265,1,5,0,0,21.1679,21.1679,2.55496,12.7748,1.46234,7.3117,4.22994,21.1497
"Armadillo",0.75,"Small",19,112045,14.3377,4.59151,3893,"ESA+SparseICP PointToPlane (p=0.400000)",0.0279765,1.54942e-05,0.000774708,0.000159981,1,2,2.61157e-05,190.798,5.5404,196.338,1.05535,2.1107,1.4532,2.9064,2.74985,5.4997
"Armadillo",0.75,"Small",19,112045,14.3377,4.59151,3893,"SparseICP PointToPlane (p=0.400000)",0,1.73372e-05,0.000866861,0.000159575,1,4,0,0,12.9736,12.9736,1.6148,6.4592,1.43657,5.7463,3.2386,12.9544
"Armadillo",0.75,"Medium",0,113026,78.7333,28.4511,3893,"ESA+SparseICP PointToPlane (p=0.400000)",0,2.31952e-05,0.00115976,0.000149244,1,4,0.000437795,129.701,10.6226,140.323,1.09225,4.369,1.38355,5.5342,2.64953,10.5981
"Armadillo",0.75,"Medium",0,113026,78.7333,28.4511,3893,"SparseICP PointToPlane (p=0.400000)",113.453,0.80485,40.2425,0.119667,1,92,0,0,458.407,458.407,3.00508,276.467,1.87078,172.112,4.98205,458.349
"Armadillo",0.75,"Medium",1,113027,82.2808,29.5133,3893,"ESA+SparseICP PointToPlane (p=0.400000)",129.809,1.2373,61.8652,0.0662342,1,25,0.00427954,125.884,109.172,235.056,2.48352,62.088,1.72404,43.101,4.36538,109.135
"Armadillo",0.75,"Medium",1,113027,82.2808,29.5133,3893,"SparseICP PointToPlane (p=0.400000)",176.329,1.43753,71.8766,0.103854,1,34,0,0,150.682,150.682,2.36046,80.2558,1.97463,67.1374,4.43099,150.654
"Armadillo",0.75,"Medium",2,113028,66.7088,21.3238,3893,"ESA+SparseICP PointToPlane (p=0.400000)",0.0279765,4.03692e-06,0.000201846,0.000147566,1,4,0.000305644,115.133,10.3203,125.453,0.978425,3.9137,1.35873,5.4349,2.57405,10.2962
"Armadillo",0.75,"Medium",2,113028,66.7088,21.3238,3893,"SparseICP PointToPlane (p=0.400000)",0,3.07074e-06,0.000153537,0.000147828,1,7,0,0,31.2087,31.2087,2.56951,17.9866,1.7067,11.9469,4.45613,31.1929
"Armadillo",0.75,"Medium",3,113029,81.1829,27.273,3893,"ESA+SparseICP PointToPlane (p=0.400000)",0.0395647,2.27425e-05,0.00113712,0.000157543,1,4,0.000365832,135.823,10.4116,146.234,1.00873,4.0349,1.40645,5.6258,2.59718,10.3887
"Armadillo",0.75,"Medium",3,113029,81.1829,27.273,3893,"SparseICP PointToPlane (p=0.400000)",0.0395647,2.17174e-05,0.00108587,0.000157998,1,11,0,0,53.4268,53.4268,2.79715,30.7687,1.88936,20.783,4.85485,53.4033
"Armadillo",0.75,"Medium",4,113030,65.2379,22.6732,3893,"ESA+SparseICP PointToPlane (p=0.400000)",153.182,1.17086,58.5432,0.0782092,0,25,0.00577877,120.271,124.291,244.562,2.98943,74.7357,1.83907,45.9768,4.97031,124.258
"Armadillo",0.75,"Medium",4,113030,65.2379,22.6732,3893,"SparseICP PointToPlane (p=0.400000)",57.396,0.558121,27.906,0.119004,1,13,0,0,58.6783,58.6783,2.66165,34.6014,1.7504,22.7552,4.5105,58.6365
"Armadillo",0.75,"Medium",5,113031,63.8147,15.8761,3893,"ESA+SparseICP PointToPlane (p=0.400000)",0,1.82665e-05,0.000913326,0.000147587,1,3,5.57987e-05,122.502,7.3786,129.881,0.913633,2.7409,1.34573,4.0372,2.45223,7.3567
"Armadillo",0.75,"Medium",5,113031,63.8147,15.8761,3893,"SparseICP PointToPlane (p=0.400000)",0,1.75255e-05,0.000876275,0.000147712,1,6,0,0,23.5566,23.5566,2.12083,12.725,1.63532,9.8119,3.92337,23.5402
"Armadillo",0.75,"Medium",6,113032,68.7742,25.6259,3893,"ESA+SparseICP PointToPlane (p=0.400000)",0,9.72955e-06,0.000486477,0.000156637,1,3,0.000171674,128.027,7.6392,135.667,0.992033,2.9761,1.3767,4.1301,2.5386,7.6158
"Armadillo",0.75,"Medium",6,113032,68.7742,25.6259,3893,"SparseICP PointToPlane (p=0.400000)",0,1.02694e-05,0.00051347,0.000155382,1,14,0,0,70.8725,70.8725,2.89893,40.585,1.97549,27.6569,5.06073,70.8502
"Armadillo",0.75,"Medium",7,113033,82.5101,17.0567,3893,"ESA+SparseICP PointToPlane (p=0.400000)",0,1.4417e-05,0.000720848,0.000154833,1,2,2.74596e-05,132.1,4.8108,136.911,0.83605,1.6721,1.3848,2.7696,2.3939,4.7878
"Armadillo",0.75,"Medium",7,113033,82.5101,17.0567,3893,"SparseICP PointToPlane (p=0.400000)",0,1.15642e-05,0.00057821,0.000157562,1,14,0,0,76.0001,76.0001,3.24611,45.4456,2.02893,28.405,5.427,75.978
"Armadillo",0.75,"Medium",8,113034,50.1535,28.0405,3893,"ESA+SparseICP PointToPlane (p=0.400000)",0,2.69617e-05,0.00134809,0.000146802,1,3,2.94063e-05,127.432,7.4677,134.9,0.850667,2.552,1.46147,4.3844,2.4768,7.4304
"Armadillo",0.75,"Medium",8,113034,50.1535,28.0405,3893,"SparseICP PointToPlane (p=0.400000)",0.0395647,2.6651e-05,0.00133255,0.000146817,1,21,0,0,99.7012,99.7012,2.85055,59.8615,1.75857,36.93,4.74641,99.6746
"Armadillo",0.75,"Medium",9,113035,68.622,18.7112,3893,"ESA+SparseICP PointToPlane (p=0.400000)",0.0279765,2.2404e-05,0.0011202,0.000155563,1,2,2.69465e-05,123.359,4.3926,127.752,0.599,1.198,1.4126,2.8252,2.1856,4.3712
"Armadillo",0.75,"Medium",9,113035,68.622,18.7112,3893,"SparseICP PointToPlane (p=0.400000)",25.7568,0.216966,10.8483,0.076477,1,16,0,0,93.4431,93.4431,3.65162,58.426,2.03868,32.6188,5.83885,93.4216
"Armadillo",0.75,"Medium",10,113036,50.3527,19.2528,3893,"ESA+SparseICP PointToPlane (p=0.400000)",0,5.4492e-06,0.00027246,0.000156552,1,3,2.71036e-05,120.606,7.131,127.737,0.856533,2.5696,1.34313,4.0294,2.36573,7.0972
"Armadillo",0.75,"Medium",10,113036,50.3527,19.2528,3893,"SparseICP PointToPlane (p=0.400000)",0,5.5157e-06,0.000275785,0.000156451,1,14,0,0,71.7666,71.7666,3.01051,42.1471,1.94444,27.2221,5.12466,71.7453
"Armadillo",0.75,"Medium",11,113037,63.8952,19.217,3893,"ESA+SparseICP PointToPlane (p=0.400000)",0,1.01958e-05,0.000509788,0.000154596,1,2,2.71773e-05,123.12,4.7411,127.861,0.8257,1.6514,1.3571,2.7142,2.3594,4.7188
"Armadillo",0.75,"Medium",11,113037,63.8952,19.217,3893,"SparseICP PointToPlane (p=0.400000)",0,7.37051e-06,0.000368526,0.000154549,1,14,0,0,71.7881,71.7881,3.16924,44.3693,1.81565,25.4191,5.12597,71.7636
"Armadillo",0.75,"Medium",12,113038,46.6025,16.3626,3893,"ESA+SparseICP PointToPlane (p=0.400000)",0,1.54016e-05,0.000770079,0.000149864,1,2,2.31943e-05,134.629,5.3902,140.019,1.1645,2.329,1.3443,2.6886,2.6819,5.3638
"Armadillo",0.75,"Medium",12,113038,46.6025,16.3626,3893,"SparseICP PointToPlane (p=0.400000)",0,1.34819e-05,0.000674094,0.000150751,1,8,0,0,34.5068,34.5068,2.36101,18.8881,1.76905,14.1524,4.3111,34.4888
"Armadillo",0.75,"Medium",13,113039,74.2485,23.0891,3893,"ESA+SparseICP PointToPlane (p=0.400000)",0,2.48628e-05,0.00124314,0.000148708,1,2,2.39782e-05,127.606,4.73,132.335,0.8038,1.6076,1.37735,2.7547,2.35465,4.7093
"Armadillo",0.75,"Medium",13,113039,74.2485,23.0891,3893,"SparseICP PointToPlane (p=0.400000)",0,2.64655e-05,0.00132328,0.000148222,1,30,0,0,135.897,135.897,2.61274,78.3823,1.78704,53.6111,4.52894,135.868
"Armadillo",0.75,"Medium",14,113040,78.5824,19.3538,3893,"ESA+SparseICP PointToPlane (p=0.400000)",0,1.07639e-05,0.000538197,0.000151495,1,3,3.2109e-05,155.693,9.2451,164.938,1.34083,4.0225,1.4263,4.2789,3.0733,9.2199
"Armadillo",0.75,"Medium",14,113040,78.5824,19.3538,3893,"SparseICP PointToPlane (p=0.400000)",85.8397,0.554495,27.7248,0.0931441,1,11,0,0,72.4163,72.4163,4.21541,46.3695,2.19565,24.1522,6.58105,72.3915
"Armadillo",0.75,"Medium",15,113041,71.0667,29.6184,3893,"ESA+SparseICP PointToPlane (p=0.400000)",127.74,0.796653,39.8326,0.0668523,0,25,0.00395956,169.178,112.234,281.413,2.73119,68.2798,1.61091,40.2727,4.48774,112.194
"Armadillo",0.75,"Medium",15,113041,71.0667,29.6184,3893,"SparseICP PointToPlane (p=0.400000)",62.2197,0.290117,14.5058,0.137859,1,23,0,0,100.737,100.737,2.42879,55.8621,1.84494,42.4336,4.37841,100.703
"Armadillo",0.75,"Medium",16,113042,81.8505,29.3646,3893,"ESA+SparseICP PointToPlane (p=0.400000)",0,5.41747e-06,0.000270873,0.000159632,1,3,0.000256259,137.649,7.9371,145.586,1.09917,3.2975,1.35867,4.076,2.63563,7.9069
"Armadillo",0.75,"Medium",16,113042,81.8505,29.3646,3893,"SparseICP PointToPlane (p=0.400000)",0,5.69731e-06,0.000284866,0.000158906,1,26,0,0,122.073,122.073,2.69155,69.9804,1.86812,48.5711,4.69383,122.039
"Armadillo",0.75,"Medium",17,113043,47.4216,15.5881,3893,"ESA+SparseICP PointToPlane (p=0.400000)",0,1.04215e-05,0.000521077,0.000154194,1,2,2.20218e-05,197.053,19.4377,216.491,4.85,9.7,4.51515,9.0303,9.6888,19.3776
"Armadillo",0.75,"Medium",17,113043,47.4216,15.5881,3893,"SparseICP PointToPlane (p=0.400000)",0.0279765,1.01742e-05,0.000508711,0.000154639,1,13,0,0,110.669,110.669,6.50735,84.5955,1.80002,23.4003,8.50713,110.593
"Armadillo",0.75,"Medium",18,113044,87.0127,20.341,3893,"ESA+SparseICP PointToPlane (p=0.400000)",0,1.13901e-05,0.000569505,0.000151143,1,5,0.00257771,220.654,16.1616,236.816,1.58906,7.9453,1.42476,7.1238,3.22588,16.1294
"Armadillo",0.75,"Medium",18,113044,87.0127,20.341,3893,"SparseICP PointToPlane (p=0.400000)",0,1.29749e-05,0.000648746,0.000152197,1,17,0,0,84.6711,84.6711,3.12418,53.111,1.71793,29.2048,4.97905,84.6438
"Armadillo",0.75,"Medium",19,113045,79.612,29.5449,3893,"ESA+SparseICP PointToPlane (p=0.400000)",0,1.3063e-05,0.000653151,0.000151802,1,3,0.000118485,112.355,7.3424,119.698,0.879067,2.6372,1.35803,4.0741,2.43077,7.2923
"Armadillo",0.75,"Medium",19,113045,79.612,29.5449,3893,"SparseICP PointToPlane (p=0.400000)",0,1.17625e-05,0.000588123,0.000152018,1,9,0,0,39.7675,39.7675,2.3706,21.3354,1.87556,16.88,4.41669,39.7502
"Armadillo",0.75,"Large",0,114026,140.307,66.2691,3893,"ESA+SparseICP PointToPlane (p=0.400000)",0.0279765,1.34145e-05,0.000670724,0.000154028,1,5,0.00333988,114.717,17.9431,132.66,1.93136,9.6568,1.48056,7.4028,3.58398,17.9199
"Armadillo",0.75,"Large",0,114026,140.307,66.2691,3893,"SparseICP PointToPlane (p=0.400000)",130.42,1.82031,91.0153,0.103054,1,41,0,0,222.721,222.721,2.96494,121.562,2.36778,97.079,5.43138,222.687
"Armadillo",0.75,"Large",1,114027,166.766,68.6171,3893,"ESA+SparseICP PointToPlane (p=0.400000)",151.852,1.17001,58.5005,0.0768917,0,25,0.00581928,107.804,118.058,225.861,2.6943,67.3576,1.88078,47.0196,4.72106,118.026
"Armadillo",0.75,"Large",1,114027,166.766,68.6171,3893,"SparseICP PointToPlane (p=0.400000)",173.135,2.42634,121.317,0.0987881,1,82,0,0,371.872,371.872,2.20069,180.457,2.24808,184.343,4.53445,371.825
"Armadillo",0.75,"Large",2,114028,155.87,53.6537,3893,"ESA+SparseICP PointToPlane (p=0.400000)",0,6.61385e-06,0.000330693,0.00015694,1,3,8.09011e-05,110.48,6.9721,117.452,0.7717,2.3151,1.37413,4.1224,2.31687,6.9506
"Armadillo",0.75,"Large",2,114028,155.87,53.6537,3893,"SparseICP PointToPlane (p=0.400000)",172.549,1.76939,88.4694,0.096815,1,17,0,0,96.4179,96.4179,3.4913,59.3521,2.04939,34.8397,5.67052,96.3989
"Armadillo",0.75,"Large",3,114029,152.63,58.4155,3893,"ESA+SparseICP PointToPlane (p=0.400000)",131.265,1.79146,89.5732,0.0664825,1,23,0.00319305,115.026,104.795,219.821,2.65806,61.1354,1.74913,40.2299,4.55483,104.761
"Armadillo",0.75,"Large",3,114029,152.63,58.4155,3893,"SparseICP PointToPlane (p=0.400000)",176.286,1.74715,87.3573,0.0976934,1,69,0,0,269.445,269.445,2.17352,149.973,1.63962,113.134,3.90437,269.401
"Armadillo",0.75,"Large",4,114030,171.399,58.9227,3893,"ESA+SparseICP PointToPlane (p=0.400000)",127.929,1.8335,91.675,0.0660383,0,25,0.00386061,115.374,110.044,225.418,2.58323,64.5807,1.6666,41.665,4.40026,110.006
"Armadillo",0.75,"Large",4,114030,171.399,58.9227,3893,"SparseICP PointToPlane (p=0.400000)",174.794,1.95939,97.9696,0.0931283,1,19,0,0,93.7981,93.7981,3.13231,59.5138,1.70261,32.3495,4.9344,93.7536
"Armadillo",0.75,"Large",5,114031,148.202,45.7073,3893,"ESA+SparseICP PointToPlane (p=0.400000)",0,2.79382e-05,0.00139691,0.000153936,1,4,0.000527766,123.655,9.8419,133.497,0.91235,3.6494,1.3624,5.4496,2.44925,9.797
"Armadillo",0.75,"Large",5,114031,148.202,45.7073,3893,"SparseICP PointToPlane (p=0.400000)",99.1348,1.28408,64.2038,0.10397,1,5,0,0,33.919,33.919,4.03826,20.1913,2.5957,12.9785,6.78056,33.9028
"Armadillo",0.75,"Large",6,114032,129.517,48.0116,3893,"ESA+SparseICP PointToPlane (p=0.400000)",0.0279765,1.31969e-05,0.000659846,0.00015588,1,4,0.00111434,151.683,12.2349,163.918,1.48625,5.945,1.38362,5.5345,3.0532,12.2128
"Armadillo",0.75,"Large",6,114032,129.517,48.0116,3893,"SparseICP PointToPlane (p=0.400000)",0.0395647,1.08738e-05,0.000543688,0.000156038,1,31,0,0,161.263,161.263,2.90028,89.9087,2.17418,67.3995,5.20093,161.229
"Armadillo",0.75,"Large",7,114033,129.26,52.1652,3893,"ESA+SparseICP PointToPlane (p=0.400000)",0,2.20355e-05,0.00110178,0.000155853,1,4,0.000468765,122.004,11.3593,133.363,1.18225,4.729,1.45417,5.8167,2.8343,11.3372
"Armadillo",0.75,"Large",7,114033,129.26,52.1652,3893,"SparseICP PointToPlane (p=0.400000)",127.507,2.0255,101.275,0.0670583,1,58,0,0,243.321,243.321,2.36553,137.201,1.71777,99.6308,4.19445,243.278
"Armadillo",0.75,"Large",8,114034,125.773,61.5664,3893,"ESA+SparseICP PointToPlane (p=0.400000)",124.997,1.09723,54.8615,0.0611246,1,2,0.00424861,85.1256,9.1919,94.3175,2.64975,5.2995,1.7695,3.539,4.5857,9.1714
"Armadillo",0.75,"Large",8,114034,125.773,61.5664,3893,"SparseICP PointToPlane (p=0.400000)",129.58,2.64776,132.388,0.0997923,1,39,0,0,190.201,190.201,2.8033,109.329,1.95904,76.4024,4.87617,190.171
"Armadillo",0.75,"Large",9,114035,126.437,40.3101,3893,"ESA+SparseICP PointToPlane (p=0.400000)",0,4.1383e-05,0.00206915,0.00015751,1,3,2.7359e-05,112.862,6.0005,118.863,0.4742,1.4226,1.3517,4.0551,1.9932,5.9796
"Armadillo",0.75,"Large",9,114035,126.437,40.3101,3893,"SparseICP PointToPlane (p=0.400000)",178.052,1.61245,80.6224,0.10348,0,100,0,0,431.038,431.038,2.49177,249.177,1.71662,171.662,4.30988,430.988
"Armadillo",0.75,"Large",10,114036,177.49,53.4426,3893,"ESA+SparseICP PointToPlane (p=0.400000)",129.577,1.98393,99.1965,0.0680434,1,25,0.00445856,111.815,108.287,220.102,2.41296,60.324,1.76592,44.1479,4.33028,108.257
"Armadillo",0.75,"Large",10,114036,177.49,53.4426,3893,"SparseICP PointToPlane (p=0.400000)",178.314,1.69551,84.7753,0.0987909,0,100,0,0,407.102,407.102,2.35143,235.143,1.62682,162.682,4.07051,407.051
"Armadillo",0.75,"Large",11,114037,133.765,43.7685,3893,"ESA+SparseICP PointToPlane (p=0.400000)",119.497,1.09598,54.7989,0.0646227,1,3,0.00410886,106.962,17.6622,124.624,3.84357,11.5307,1.86947,5.6084,5.8802,17.6406
"Armadillo",0.75,"Large",11,114037,133.765,43.7685,3893,"SparseICP PointToPlane (p=0.400000)",172.378,0.983743,49.1872,0.107774,1,59,0,0,255.933,255.933,2.48877,146.837,1.74723,103.086,4.33726,255.898
"Armadillo",0.75,"Large",12,114038,125.498,50.0056,3893,"ESA+SparseICP PointToPlane (p=0.400000)",129.321,2.12175,106.088,0.0665075,0,25,0.00677092,120.103,106.776,226.879,2.4504,61.2601,1.67713,41.9282,4.26975,106.744
"Armadillo",0.75,"Large",12,114038,125.498,50.0056,3893,"SparseICP PointToPlane (p=0.400000)",151.075,0.355383,17.7691,0.0776862,1,12,0,0,59.372,59.372,2.44912,29.3895,2.41717,29.006,4.94602,59.3522
"Armadillo",0.75,"Large",13,114039,168.413,44.9944,3893,"ESA+SparseICP PointToPlane (p=0.400000)",0,5.51239e-06,0.000275619,0.000151076,1,3,0.000100956,113.864,6.7095,120.573,0.682233,2.0467,1.37833,4.135,2.2294,6.6882
"Armadillo",0.75,"Large",13,114039,168.413,44.9944,3893,"SparseICP PointToPlane (p=0.400000)",171.954,1.36507,68.2536,0.0943917,1,13,0,0,72.697,72.697,3.12469,40.621,2.31149,30.0494,5.59055,72.6771
"Armadillo",0.75,"Large",14,114040,168.013,64.3662,3893,"ESA+SparseICP PointToPlane (p=0.400000)",0,5.25596e-05,0.00262798,0.000159315,1,4,0.000612532,109.359,10.2552,119.614,1.02058,4.0823,1.37357,5.4943,2.55832,10.2333
"Armadillo",0.75,"Large",14,114040,168.013,64.3662,3893,"SparseICP PointToPlane (p=0.400000)",179.346,2.15298,107.649,0.107679,0,100,0,0,441.236,441.236,2.57707,257.707,1.73414,173.414,4.41187,441.187
"Armadillo",0.75,"Large",15,114041,177.386,60.8985,3893,"ESA+SparseICP PointToPlane (p=0.400000)",127.235,1.95484,97.7418,0.0665307,1,5,0.00370597,107.441,21.1803,128.621,2.19018,10.9509,1.86108,9.3054,4.23046,21.1523
"Armadillo",0.75,"Large",15,114041,177.386,60.8985,3893,"SparseICP PointToPlane (p=0.400000)",167.602,1.20199,60.0995,0.0981873,1,8,0,0,59.3651,59.3651,4.82204,38.5763,2.45243,19.6194,7.41855,59.3484
"Armadillo",0.75,"Large",16,114042,136.657,54.2719,3893,"ESA+SparseICP PointToPlane (p=0.400000)",129.712,1.86129,93.0645,0.0662513,0,25,0.00427766,99.3318,107.689,207.021,2.43421,60.8553,1.72558,43.1395,4.3063,107.658
"Armadillo",0.75,"Large",16,114042,136.657,54.2719,3893,"SparseICP PointToPlane (p=0.400000)",134.548,1.26666,63.3332,0.100682,1,12,0,0,59.6445,59.6445,2.60402,31.2482,2.27758,27.3309,4.96858,59.623
"Armadillo",0.75,"Large",17,114043,168.312,69.2561,3893,"ESA+SparseICP PointToPlane (p=0.400000)",86.2155,1.71923,85.9614,0.0949406,1,24,0.00948768,119.274,123.116,242.39,3.02844,72.6826,1.97085,47.3005,5.12838,123.081
"Armadillo",0.75,"Large",17,114043,168.312,69.2561,3893,"SparseICP PointToPlane (p=0.400000)",0,2.65743e-05,0.00132872,0.000157954,1,25,0,0,123.224,123.224,2.49502,62.3756,2.3518,58.795,4.92798,123.2
"Armadillo",0.75,"Large",18,114044,150.024,44.8395,3893,"ESA+SparseICP PointToPlane (p=0.400000)",0,1.48606e-05,0.00074303,0.00015934,1,3,3.86427e-05,111.481,6.4861,117.967,0.595367,1.7861,1.3857,4.1571,2.15507,6.4652
"Armadillo",0.75,"Large",18,114044,150.024,44.8395,3893,"SparseICP PointToPlane (p=0.400000)",131.119,1.91807,95.9036,0.066979,1,24,0,0,106.653,106.653,2.48932,59.7436,1.81606,43.5854,4.4429,106.63
"Armadillo",0.75,"Large",19,114045,123.502,53.1929,3893,"ESA+SparseICP PointToPlane (p=0.400000)",0.0395647,2.73649e-05,0.00136825,0.000150983,1,25,0.00506348,96.3987,105.074,201.473,2.33286,58.3214,1.7246,43.1151,4.2017,105.043
"Armadillo",0.75,"Large",19,114045,123.502,53.1929,3893,"SparseICP PointToPlane (p=0.400000)",136.579,1.27618,63.8088,0.108209,0,100,0,0,432.615,432.615,2.53456,253.456,1.69799,169.799,4.32555,432.555
"Armadillo",0.5,"Small",0,122026,17.6967,3.1946,2595,"ESA+SparseICP PointToPlane (p=0.400000)",129.79,0.395768,19.7884,0.054394,0,25,0.00220334,68.6416,81.3267,149.968,1.9175,47.9374,1.22356,30.589,3.25193,81.2983
"Armadillo",0.5,"Small",0,122026,17.6967,3.1946,2595,"SparseICP PointToPlane (p=0.400000)",0.0279765,1.09783e-05,0.000548913,0.000145946,1,5,0,0,10.2654,10.2654,1.03822,5.1911,0.90236,4.5118,2.05068,10.2534
"Armadillo",0.5,"Small",1,122027,10.9697,7.62561,2595,"ESA+SparseICP PointToPlane (p=0.400000)",0.0279765,2.1741e-05,0.00108705,0.00015215,1,3,2.59661e-05,73.7686,5.0513,78.8199,0.6291,1.8873,0.907467,2.7224,1.6694,5.0082
"Armadillo",0.5,"Small",1,122027,10.9697,7.62561,2595,"SparseICP PointToPlane (p=0.400000)",0.0279765,2.20487e-05,0.00110244,0.000152502,1,5,0,0,11.5398,11.5398,1.2172,6.086,0.9797,4.8985,2.30576,11.5288
"Armadillo",0.5,"Small",2,122028,11.662,6.67332,2595,"ESA+SparseICP PointToPlane (p=0.400000)",0,2.00372e-05,0.00100186,0.000159907,1,2,2.47814e-05,67.6246,3.2521,70.8767,0.59925,1.1985,0.9045,1.809,1.617,3.234
"Armadillo",0.5,"Small",2,122028,11.662,6.67332,2595,"SparseICP PointToPlane (p=0.400000)",0,2.13618e-05,0.00106809,0.000159791,1,6,0,0,15.7605,15.7605,1.5029,9.0174,1.01338,6.0803,2.62483,15.749
"Armadillo",0.5,"Small",3,122029,11.6845,4.68273,2595,"ESA+SparseICP PointToPlane (p=0.400000)",125.825,0.421154,21.0577,0.0536258,1,9,0.00152512,67.4511,29.7478,97.1989,2.00437,18.0393,1.18869,10.6982,3.30342,29.7308
"Armadillo",0.5,"Small",3,122029,11.6845,4.68273,2595,"SparseICP PointToPlane (p=0.400000)",0.0279765,1.3821e-05,0.00069105,0.000152945,1,5,0,0,10.507,10.507,1.05528,5.2764,0.93874,4.6937,2.0992,10.496
"Armadillo",0.5,"Small",4,122030,17.1479,6.79569,2595,"ESA+SparseICP PointToPlane (p=0.400000)",124.663,0.259623,12.9812,0.05525,1,23,0.00279187,69.8706,78.045,147.916,2.06074,47.3971,1.22083,28.0791,3.39227,78.0223
"Armadillo",0.5,"Small",4,122030,17.1479,6.79569,2595,"SparseICP PointToPlane (p=0.400000)",0.0279765,8.7801e-06,0.000439005,0.000153685,1,5,0,0,11.2615,11.2615,1.26802,6.3401,0.87122,4.3561,2.2498,11.249
"Armadillo",0.5,"Small",5,122031,11.6,4.6506,2595,"ESA+SparseICP PointToPlane (p=0.400000)",0,9.69663e-06,0.000484832,0.000144228,1,2,2.29107e-05,72.8241,3.1806,76.0047,0.54555,1.0911,0.91615,1.8323,1.58225,3.1645
"Armadillo",0.5,"Small",5,122031,11.6,4.6506,2595,"SparseICP PointToPlane (p=0.400000)",0,1.227e-05,0.0006135,0.000148759,1,4,0,0,8.033,8.033,0.9756,3.9024,0.920375,3.6815,2.0055,8.022
"Armadillo",0.5,"Small",6,122032,11.5761,3.64837,2595,"ESA+SparseICP PointToPlane (p=0.400000)",127.868,0.463153,23.1576,0.0515467,0,25,0.00163891,63.2433,81.7403,144.984,1.94596,48.649,1.21123,30.2808,3.26866,81.7165
"Armadillo",0.5,"Small",6,122032,11.5761,3.64837,2595,"SparseICP PointToPlane (p=0.400000)",0.0279765,2.18876e-05,0.00109438,0.000163176,1,4,0,0,7.0345,7.0345,0.7994,3.1976,0.8486,3.3944,1.75483,7.0193
"Armadillo",0.5,"Small",7,122033,11.6205,6.1222,2595,"ESA+SparseICP PointToPlane (p=0.400000)",118.429,0.313864,15.6932,0.048852,1,2,0.00214134,72.9088,6.9968,79.9056,2.23615,4.4723,1.13615,2.2723,3.4908,6.9816
"Armadillo",0.5,"Small",7,122033,11.6205,6.1222,2595,"SparseICP PointToPlane (p=0.400000)",0,9.5897e-06,0.000479485,0.000157117,1,5,0,0,12.1796,12.1796,1.34952,6.7476,0.97138,4.8569,2.4338,12.169
"Armadillo",0.5,"Small",8,122034,15.6529,7.71209,2595,"ESA+SparseICP PointToPlane (p=0.400000)",0,1.88522e-05,0.000942611,0.000148492,1,3,2.88777e-05,67.0259,4.6842,71.7101,0.538833,1.6165,0.910633,2.7319,1.5566,4.6698
"Armadillo",0.5,"Small",8,122034,15.6529,7.71209,2595,"SparseICP PointToPlane (p=0.400000)",0.0279765,1.85002e-05,0.000925009,0.000147908,1,5,0,0,11.3332,11.3332,1.20642,6.0321,0.95182,4.7591,2.26458,11.3229
"Armadillo",0.5,"Small",9,122035,14.044,4.61062,2595,"ESA+SparseICP PointToPlane (p=0.400000)",0,1.98021e-05,0.000990107,0.000147673,1,3,3.16685e-05,72.7184,4.7057,77.4241,0.5127,1.5381,0.909067,2.7272,1.56303,4.6891
"Armadillo",0.5,"Small",9,122035,14.044,4.61062,2595,"SparseICP PointToPlane (p=0.400000)",0,2.02493e-05,0.00101246,0.000147458,1,5,0,0,10.7986,10.7986,1.06776,5.3388,0.97926,4.8963,2.15736,10.7868
"Armadillo",0.5,"Small",10,122036,10.1007,5.67816,2595,"ESA+SparseICP PointToPlane (p=0.400000)",125.373,0.436199,21.8099,0.052279,1,22,0.0021972,69.4381,73.1789,142.617,2.01428,44.3141,1.20334,26.4735,3.32535,73.1576
"Armadillo",0.5,"Small",10,122036,10.1007,5.67816,2595,"SparseICP PointToPlane (p=0.400000)",0,9.63082e-06,0.000481541,0.000143257,1,6,0,0,13.2446,13.2446,1.11033,6.662,0.979183,5.8751,2.20527,13.2316
"Armadillo",0.5,"Small",11,122037,18.4363,3.79842,2595,"ESA+SparseICP PointToPlane (p=0.400000)",0,6.21917e-06,0.000310958,0.000147619,1,2,2.21523e-05,67.8611,3.0389,70.9,0.4755,0.951,0.9167,1.8334,1.5117,3.0234
"Armadillo",0.5,"Small",11,122037,18.4363,3.79842,2595,"SparseICP PointToPlane (p=0.400000)",0,6.50646e-06,0.000325323,0.000147561,1,5,0,0,9.3184,9.3184,0.80248,4.0124,0.94002,4.7001,1.8615,9.3075
"Armadillo",0.5,"Small",12,122038,12.7629,3.43143,2595,"ESA+SparseICP PointToPlane (p=0.400000)",58.0375,0.410346,20.5173,0.0587755,0,25,0.00300455,68.4209,88.7568,157.178,2.15266,53.8164,1.28482,32.1206,3.54929,88.7322
"Armadillo",0.5,"Small",12,122038,12.7629,3.43143,2595,"SparseICP PointToPlane (p=0.400000)",0,7.90179e-06,0.000395089,0.000148999,1,5,0,0,6.5127,6.5127,0.60552,3.0276,0.62682,3.1341,1.29936,6.4968
"Armadillo",0.5,"Small",13,122039,12.5508,5.78892,2595,"ESA+SparseICP PointToPlane (p=0.400000)",0,1.44762e-05,0.000723811,0.000150455,1,3,3.00398e-05,64.3459,4.8774,69.2233,0.597933,1.7938,0.9067,2.7201,1.62107,4.8632
"Armadillo",0.5,"Small",13,122039,12.5508,5.78892,2595,"SparseICP PointToPlane (p=0.400000)",0,1.42407e-05,0.000712035,0.000150658,1,5,0,0,9.3125,9.3125,0.84074,4.2037,0.9161,4.5805,1.86036,9.3018
"Armadillo",0.5,"Small",14,122040,13.6183,3.25773,2595,"ESA+SparseICP PointToPlane (p=0.400000)",178.159,0.752741,37.637,0.0671282,0,25,0.00379106,70.2018,93.5132,163.715,2.36965,59.2412,1.26799,31.6997,3.73956,93.4889
"Armadillo",0.5,"Small",14,122040,13.6183,3.25773,2595,"SparseICP PointToPlane (p=0.400000)",0,1.81437e-05,0.000907187,0.000149243,1,5,0,0,7.2012,7.2012,0.62064,3.1032,0.73174,3.6587,1.437,7.185
"Armadillo",0.5,"Small",15,122041,16.7207,5.71054,2595,"ESA+SparseICP PointToPlane (p=0.400000)",0,1.70896e-05,0.00085448,0.000146519,1,2,2.6411e-05,75.8686,3.1009,78.9695,0.5112,1.0224,0.9078,1.8156,1.5426,3.0852
"Armadillo",0.5,"Small",15,122041,16.7207,5.71054,2595,"SparseICP PointToPlane (p=0.400000)",0,1.71912e-05,0.00085956,0.000146245,1,5,0,0,9.6429,9.6429,0.87526,4.3763,0.94366,4.7183,1.9263,9.6315
"Armadillo",0.5,"Small",16,122042,18.0766,7.77354,2595,"ESA+SparseICP PointToPlane (p=0.400000)",0,1.5914e-05,0.000795702,0.000156263,1,2,2.95008e-05,70.8088,3.3426,74.1514,0.6269,1.2538,0.906,1.812,1.6635,3.327
"Armadillo",0.5,"Small",16,122042,18.0766,7.77354,2595,"SparseICP PointToPlane (p=0.400000)",0,1.49979e-05,0.000749894,0.000157658,1,6,0,0,17.2453,17.2453,1.71433,10.286,1.04648,6.2789,2.87212,17.2327
"Armadillo",0.5,"Small",17,122043,15.6373,6.45467,2595,"ESA+SparseICP PointToPlane (p=0.400000)",0,1.90543e-05,0.000952714,0.000154067,1,3,2.88864e-05,70.8335,4.7204,75.5539,0.5623,1.6869,0.894833,2.6845,1.5681,4.7043
"Armadillo",0.5,"Small",17,122043,15.6373,6.45467,2595,"SparseICP PointToPlane (p=0.400000)",0.0395647,1.9203e-05,0.000960151,0.000154202,1,5,0,0,10.2734,10.2734,0.99982,4.9991,0.93804,4.6902,2.05252,10.2626
"Armadillo",0.5,"Small",18,122044,16.8457,5.18856,2595,"ESA+SparseICP PointToPlane (p=0.400000)",152.678,0.658289,32.9144,0.0650882,1,21,0.00449035,65.8846,80.2372,146.122,2.40648,50.5361,1.30291,27.3612,3.81978,80.2153
"Armadillo",0.5,"Small",18,122044,16.8457,5.18856,2595,"SparseICP PointToPlane (p=0.400000)",0,1.23991e-05,0.000619955,0.000150801,1,5,0,0,9.386,9.386,0.93872,4.6936,0.84236,4.2118,1.87456,9.3728
"Armadillo",0.5,"Small",19,122045,16.9454,6.02794,2595,"ESA+SparseICP PointToPlane (p=0.400000)",0,1.29709e-05,0.000648547,0.000151628,1,2,2.45841e-05,59.7131,3.2284,62.9415,0.59815,1.1963,0.8955,1.791,1.60655,3.2131
"Armadillo",0.5,"Small",19,122045,16.9454,6.02794,2595,"SparseICP PointToPlane (p=0.400000)",0,1.41275e-05,0.000706373,0.000150354,1,5,0,0,11.0313,11.0313,1.1008,5.504,0.99606,4.9803,2.20398,11.0199
"Armadillo",0.5,"Medium",0,123026,84.0556,29.1865,2595,"ESA+SparseICP PointToPlane (p=0.400000)",128.022,0.914557,45.7278,0.0531709,0,25,0.00194184,67.3221,78.913,146.235,1.82821,45.7052,1.21838,30.4596,3.15554,78.8886
"Armadillo",0.5,"Medium",0,123026,84.0556,29.1865,2595,"SparseICP PointToPlane (p=0.400000)",93.7953,0.362255,18.1127,0.0868778,1,72,0,0,162.937,162.937,1.18958,85.6495,1.01271,72.9154,2.2626,162.907
"Armadillo",0.5,"Medium",1,123027,51.4672,27.038,2595,"ESA+SparseICP PointToPlane (p=0.400000)",0,2.49084e-05,0.00124542,0.000155715,1,3,5.51987e-05,65.0585,4.8008,69.8593,0.516667,1.55,0.956167,2.8685,1.59483,4.7845
"Armadillo",0.5,"Medium",1,123027,51.4672,27.038,2595,"SparseICP PointToPlane (p=0.400000)",56.138,0.345767,17.2883,0.0975988,1,8,0,0,38.3493,38.3493,3.10506,24.8405,1.58535,12.6828,4.79211,38.3369
"Armadillo",0.5,"Medium",2,123028,64.0754,23.2319,2595,"ESA+SparseICP PointToPlane (p=0.400000)",154.614,0.682803,34.1401,0.0698986,0,25,0.00393474,65.3948,92.4629,157.858,2.29849,57.4623,1.30125,32.5313,3.69763,92.4408
"Armadillo",0.5,"Medium",2,123028,64.0754,23.2319,2595,"SparseICP PointToPlane (p=0.400000)",31.9444,0.0749363,3.74682,0.0641384,1,20,0,0,53.7417,53.7417,1.60445,32.089,1.01647,20.3294,2.68607,53.7214
"Armadillo",0.5,"Medium",3,123029,75.4318,22.8721,2595,"ESA+SparseICP PointToPlane (p=0.400000)",117.561,0.166128,8.30639,0.0496351,1,2,0.00241885,65.8062,6.2519,72.0581,1.86,3.72,1.14595,2.2919,3.1185,6.237
"Armadillo",0.5,"Medium",3,123029,75.4318,22.8721,2595,"SparseICP PointToPlane (p=0.400000)",35.5903,0.0930819,4.65409,0.0778241,1,17,0,0,67.8467,67.8467,2.50591,42.6004,1.37931,23.4482,3.99015,67.8325
"Armadillo",0.5,"Medium",4,123030,78.1161,25.6781,2595,"ESA+SparseICP PointToPlane (p=0.400000)",0,3.39491e-05,0.00169746,0.000148801,1,4,0.000168203,66.4724,6.6879,73.1603,0.640175,2.5607,0.904175,3.6167,1.6678,6.6712
"Armadillo",0.5,"Medium",4,123030,78.1161,25.6781,2595,"SparseICP PointToPlane (p=0.400000)",51.902,0.294201,14.71,0.0649021,1,20,0,0,73.2119,73.2119,2.20657,44.1314,1.34578,26.9156,3.65975,73.195
"Armadillo",0.5,"Medium",5,123031,66.9782,19.0081,2595,"ESA+SparseICP PointToPlane (p=0.400000)",49.8964,0.224523,11.2261,0.0626506,1,8,0.00247064,69.3588,27.537,96.8958,2.06188,16.495,1.26684,10.1347,3.43978,27.5182
"Armadillo",0.5,"Medium",5,123031,66.9782,19.0081,2595,"SparseICP PointToPlane (p=0.400000)",28.6895,0.310548,15.5274,0.061619,1,8,0,0,29.4934,29.4934,2.23733,17.8986,1.33957,10.7166,3.685,29.48
"Armadillo",0.5,"Medium",6,123032,49.9597,20.558,2595,"ESA+SparseICP PointToPlane (p=0.400000)",0.0279765,1.17086e-05,0.000585431,0.00014757,1,3,3.5089e-05,70.999,4.6927,75.6917,0.524767,1.5743,0.906933,2.7208,1.55863,4.6759
"Armadillo",0.5,"Medium",6,123032,49.9597,20.558,2595,"SparseICP PointToPlane (p=0.400000)",30.1942,0.296643,14.8322,0.0634461,1,24,0,0,88.9778,88.9778,2.33305,55.9932,1.27372,30.5694,3.70663,88.959
"Armadillo",0.5,"Medium",7,123033,62.1757,23.9192,2595,"ESA+SparseICP PointToPlane (p=0.400000)",29.1266,0.348956,17.4478,0.0642481,1,4,0.00435667,69.0211,14.5817,83.6028,2.25178,9.0071,1.28,5.12,3.64145,14.5658
"Armadillo",0.5,"Medium",7,123033,62.1757,23.9192,2595,"SparseICP PointToPlane (p=0.400000)",30.8886,0.346075,17.3037,0.0644952,1,23,0,0,86.9615,86.9615,2.4018,55.2413,1.27805,29.3951,3.78017,86.9439
"Armadillo",0.5,"Medium",8,123034,56.0462,16.9535,2595,"ESA+SparseICP PointToPlane (p=0.400000)",156.665,0.154653,7.73264,0.0744517,0,25,0.0041611,60.4595,99.0286,159.488,2.5735,64.3374,1.29156,32.289,3.96031,99.0078
"Armadillo",0.5,"Medium",8,123034,56.0462,16.9535,2595,"SparseICP PointToPlane (p=0.400000)",169.756,0.815526,40.7763,0.0735244,1,13,0,0,37.6291,37.6291,1.72342,22.4045,1.11065,14.4385,2.89328,37.6126
"Armadillo",0.5,"Medium",9,123035,86.4425,20.5112,2595,"ESA+SparseICP PointToPlane (p=0.400000)",0,2.073e-05,0.0010365,0.000151022,1,7,0.00359637,60.7816,20.169,80.9506,1.68756,11.8129,1.07099,7.4969,2.87871,20.151
"Armadillo",0.5,"Medium",9,123035,86.4425,20.5112,2595,"SparseICP PointToPlane (p=0.400000)",143.812,1.19689,59.8444,0.101198,1,14,0,0,78.3834,78.3834,3.43476,48.0866,2.09285,29.2999,5.59785,78.3699
"Armadillo",0.5,"Medium",10,123036,68.9388,28.5442,2595,"ESA+SparseICP PointToPlane (p=0.400000)",123.146,0.9935,49.675,0.0538538,0,25,0.00229347,70.4551,78.2085,148.664,1.80634,45.1586,1.21023,30.2558,3.12744,78.1859
"Armadillo",0.5,"Medium",10,123036,68.9388,28.5442,2595,"SparseICP PointToPlane (p=0.400000)",66.1585,0.650195,32.5098,0.0592557,1,46,0,0,113.475,113.475,1.41422,65.0543,0.987707,45.4345,2.4663,113.45
"Armadillo",0.5,"Medium",11,123037,83.1224,25.4131,2595,"ESA+SparseICP PointToPlane (p=0.400000)",151.317,1.34811,67.4055,0.0662457,0,25,0.00322573,59.987,92.1937,152.181,2.27572,56.8931,1.30939,32.7348,3.6868,92.1701
"Armadillo",0.5,"Medium",11,123037,83.1224,25.4131,2595,"SparseICP PointToPlane (p=0.400000)",0,3.45996e-05,0.00172998,0.000150872,1,12,0,0,28.0576,28.0576,1.44043,17.2852,0.83125,9.975,2.33673,28.0407
"Armadillo",0.5,"Medium",12,123038,77.5535,17.0463,2595,"ESA+SparseICP PointToPlane (p=0.400000)",0,2.55822e-05,0.00127911,0.00015019,1,5,0.000703886,72.1979,8.6162,80.8141,0.68814,3.4407,0.91472,4.5736,1.71964,8.5982
"Armadillo",0.5,"Medium",12,123038,77.5535,17.0463,2595,"SparseICP PointToPlane (p=0.400000)",124.827,0.371477,18.5739,0.051063,1,30,0,0,93.4598,93.4598,1.89258,56.7775,1.13211,33.9634,3.11468,93.4404
"Armadillo",0.5,"Medium",13,123039,58.1295,29.3392,2595,"ESA+SparseICP PointToPlane (p=0.400000)",128.508,0.693117,34.6558,0.0540837,1,10,0.00209589,68.9221,32.4015,101.324,1.91566,19.1566,1.20714,12.0714,3.2384,32.384
"Armadillo",0.5,"Medium",13,123039,58.1295,29.3392,2595,"SparseICP PointToPlane (p=0.400000)",0,4.38021e-05,0.00219011,0.000158068,1,9,0,0,26.824,26.824,1.74044,15.664,1.13136,10.1822,2.97897,26.8107
"Armadillo",0.5,"Medium",14,123040,84.6176,25.9166,2595,"ESA+SparseICP PointToPlane (p=0.400000)",0,2.09902e-05,0.00104951,0.000148344,1,4,0.000880181,71.6046,7.3823,78.9869,0.793425,3.1737,0.936825,3.7473,1.8418,7.3672
"Armadillo",0.5,"Medium",14,123040,84.6176,25.9166,2595,"SparseICP PointToPlane (p=0.400000)",162.437,0.950599,47.53,0.101394,1,91,0,0,265.987,265.987,1.68197,153.059,1.17369,106.806,2.92259,265.956
"Armadillo",0.5,"Medium",15,123041,45.7462,17.4449,2595,"ESA+SparseICP PointToPlane (p=0.400000)",0,7.32732e-06,0.000366366,0.000144904,1,3,4.57548e-05,65.8963,6.4551,72.3514,0.927733,2.7832,1.0664,3.1992,2.1465,6.4395
"Armadillo",0.5,"Medium",15,123041,45.7462,17.4449,2595,"SparseICP PointToPlane (p=0.400000)",67.0166,0.382266,19.1133,0.0784957,1,67,0,0,207.464,207.464,1.92847,129.207,1.09549,73.3976,3.09606,207.436
"Armadillo",0.5,"Medium",16,123042,63.0665,15.3311,2595,"ESA+SparseICP PointToPlane (p=0.400000)",0,1.4719e-05,0.00073595,0.000152885,1,3,3.29186e-05,64.8774,4.5952,69.4726,0.4949,1.4847,0.9169,2.7507,1.52657,4.5797
"Armadillo",0.5,"Medium",16,123042,63.0665,15.3311,2595,"SparseICP PointToPlane (p=0.400000)",27.358,0.331193,16.5597,0.0612168,1,48,0,0,151.313,151.313,1.89847,91.1267,1.17369,56.3369,3.15185,151.289
"Armadillo",0.5,"Medium",17,123043,62.1366,26.8527,2595,"ESA+SparseICP PointToPlane (p=0.400000)",0,2.16501e-05,0.00108251,0.000143813,1,3,0.00011985,60.5239,4.9402,65.4641,0.600633,1.8019,0.914367,2.7431,1.64183,4.9255
"Armadillo",0.5,"Medium",17,123043,62.1366,26.8527,2595,"SparseICP PointToPlane (p=0.400000)",94.5928,0.96789,48.3945,0.087171,1,36,0,0,111.381,111.381,1.68627,60.7056,1.31688,47.4075,3.09335,111.361
"Armadillo",0.5,"Medium",18,123044,49.9779,16.2707,2595,"ESA+SparseICP PointToPlane (p=0.400000)",0,1.3781e-05,0.000689051,0.000151092,1,3,2.97646e-05,72.2098,4.4948,76.7046,0.457833,1.3735,0.905433,2.7163,1.49273,4.4782
"Armadillo",0.5,"Medium",18,123044,49.9779,16.2707,2595,"SparseICP PointToPlane (p=0.400000)",0,1.74203e-05,0.000871015,0.000153,1,7,0,0,17.9002,17.9002,1.39449,9.7614,1.05543,7.388,2.55547,17.8883
"Armadillo",0.5,"Medium",19,123045,75.8366,19.2932,2595,"ESA+SparseICP PointToPlane (p=0.400000)",59.2503,0.243127,12.1564,0.0578599,1,15,0.00293588,64.4122,53.743,118.155,2.19785,32.9677,1.27561,19.1341,3.58147,53.7221
"Armadillo",0.5,"Medium",19,123045,75.8366,19.2932,2595,"SparseICP PointToPlane (p=0.400000)",68.6038,0.378875,18.9437,0.0762036,1,16,0,0,59.3157,59.3157,2.45089,39.2143,1.17342,18.7748,3.70613,59.2981
"Armadillo",0.5,"Large",0,124026,155.101,61.3116,2595,"ESA+SparseICP PointToPlane (p=0.400000)",65.1731,0.720996,36.0498,0.0750113,1,6,0.00431552,59.2886,25.038,84.3266,2.68582,16.1149,1.36283,8.177,4.17002,25.0201
"Armadillo",0.5,"Large",0,124026,155.101,61.3116,2595,"SparseICP PointToPlane (p=0.400000)",170.102,2.38067,119.034,0.073176,1,15,0,0,62.7485,62.7485,2.52893,37.934,1.54658,23.1987,4.18205,62.7308
"Armadillo",0.5,"Large",1,124027,179.972,41.8308,2595,"ESA+SparseICP PointToPlane (p=0.400000)",65.9533,1.23065,61.5323,0.0627958,0,25,0.00313978,64.3011,80.1361,144.437,1.82742,45.6856,1.26988,31.7469,3.20452,80.113
"Armadillo",0.5,"Large",1,124027,179.972,41.8308,2595,"SparseICP PointToPlane (p=0.400000)",128.421,1.72727,86.3633,0.0834196,1,13,0,0,43.2538,43.2538,2.11184,27.4539,1.1504,14.9552,3.32606,43.2388
"Armadillo",0.5,"Large",2,124028,143.352,46.5886,2595,"ESA+SparseICP PointToPlane (p=0.400000)",122.143,0.686264,34.3132,0.0507868,1,23,0.00212189,65.2104,78.9983,144.209,2.10264,48.3607,1.21982,28.0559,3.4337,78.9751
"Armadillo",0.5,"Large",2,124028,143.352,46.5886,2595,"SparseICP PointToPlane (p=0.400000)",143.885,0.972168,48.6084,0.100578,0,100,0,0,382.214,382.214,1.73511,173.511,2.03652,203.652,3.82182,382.182
"Armadillo",0.5,"Large",3,124029,134.66,42.0415,2595,"ESA+SparseICP PointToPlane (p=0.400000)",126.201,1.45833,72.9164,0.0513072,0,25,0.00212584,69.4691,79.8051,149.274,1.86818,46.7046,1.21339,30.3348,3.19136,79.784
"Armadillo",0.5,"Large",3,124029,134.66,42.0415,2595,"SparseICP PointToPlane (p=0.400000)",138.311,1.15112,57.5562,0.0972121,1,17,0,0,50.9533,50.9533,1.81658,30.8818,1.11281,18.9177,2.99623,50.9359
"Armadillo",0.5,"Large",4,124030,130.966,65.6882,2595,"ESA+SparseICP PointToPlane (p=0.400000)",0,6.03574e-05,0.00301787,0.000158237,1,7,0.00362375,60.7229,17.7851,78.508,1.36066,9.5246,1.06089,7.4262,2.53724,17.7607
"Armadillo",0.5,"Large",4,124030,130.966,65.6882,2595,"SparseICP PointToPlane (p=0.400000)",100.791,11.772,588.599,10.3941,1,2,0,0,9.4466,9.4466,1.31115,2.6223,3.3426,6.6852,4.7174,9.4348
"Armadillo",0.5,"Large",5,124031,147.152,58.4124,2595,"ESA+SparseICP PointToPlane (p=0.400000)",98.5261,1.40011,70.0057,0.0856553,1,13,0.0055931,44.7366,45.2071,89.9437,1.96762,25.5791,1.40343,18.2446,3.47591,45.1868
"Armadillo",0.5,"Large",5,124031,147.152,58.4124,2595,"SparseICP PointToPlane (p=0.400000)",26.3574,0.686585,34.3293,0.0618612,1,43,0,0,119.01,119.01,1.55473,66.8535,1.14021,49.0292,2.76712,118.986
"Armadillo",0.5,"Large",6,124032,156.833,62.8407,2595,"ESA+SparseICP PointToPlane (p=0.400000)",112.621,1.42305,71.1525,0.0514203,1,2,0.00188333,67.2243,6.3343,73.5586,1.89375,3.7875,1.1534,2.3068,3.1593,6.3186
"Armadillo",0.5,"Large",6,124032,156.833,62.8407,2595,"SparseICP PointToPlane (p=0.400000)",172.205,1.93926,96.9631,0.0796832,1,27,0,0,98.7404,98.7404,2.1403,57.7882,1.42467,38.4661,3.65642,98.7233
"Armadillo",0.5,"Large",7,124033,122.636,44.3273,2595,"ESA+SparseICP PointToPlane (p=0.400000)",120.26,1.87289,93.6445,0.051971,1,20,0.00214488,62.0276,61.712,123.74,1.76836,35.3672,1.20611,24.1222,3.08461,61.6921
"Armadillo",0.5,"Large",7,124033,122.636,44.3273,2595,"SparseICP PointToPlane (p=0.400000)",0,0.000631705,0.0315852,0.000283648,1,25,0,0,81.1183,81.1183,0.810464,20.2616,2.3824,59.5599,3.24401,81.1002
"Armadillo",0.5,"Large",8,124034,164.656,56.8038,2595,"ESA+SparseICP PointToPlane (p=0.400000)",155.799,1.67983,83.9913,0.071449,1,23,0.00383875,61.8006,83.3746,145.175,2.15382,49.5379,1.35963,31.2714,3.62401,83.3523
"Armadillo",0.5,"Large",8,124034,164.656,56.8038,2595,"SparseICP PointToPlane (p=0.400000)",158.313,1.13056,56.528,0.0846931,1,29,0,0,94.3817,94.3817,1.56338,45.3381,1.63566,47.434,3.25387,94.3622
"Armadillo",0.5,"Large",9,124035,135.066,44.513,2595,"ESA+SparseICP PointToPlane (p=0.400000)",125.735,1.29752,64.8759,0.0567536,0,25,0.00186548,63.6946,78.4954,142.19,1.81652,45.4131,1.21453,30.3632,3.13879,78.4698
"Armadillo",0.5,"Large",9,124035,135.066,44.513,2595,"SparseICP PointToPlane (p=0.400000)",68.2958,0.723826,36.1913,0.058489,1,9,0,0,27.8439,27.8439,1.89828,17.0845,1.12236,10.1012,3.0922,27.8298
"Armadillo",0.5,"Large",10,124036,179.324,48.8489,2595,"ESA+SparseICP PointToPlane (p=0.400000)",0,3.82824e-05,0.00191412,0.000152637,1,4,0.000583651,61.0512,6.1115,67.1627,0.509525,2.0381,0.906975,3.6279,1.52332,6.0933
"Armadillo",0.5,"Large",10,124036,179.324,48.8489,2595,"SparseICP PointToPlane (p=0.400000)",90.4686,0.992163,49.6082,0.0811279,1,15,0,0,66.3332,66.3332,2.73537,41.0305,1.58364,23.7546,4.42115,66.3172
"Armadillo",0.5,"Large",11,124037,132.555,51.215,2595,"ESA+SparseICP PointToPlane (p=0.400000)",0,3.14199e-05,0.00157099,0.000152716,1,7,0.00325048,71.6512,18.9481,90.5993,1.57136,10.9995,1.02607,7.1825,2.7043,18.9301
"Armadillo",0.5,"Large",11,124037,132.555,51.215,2595,"SparseICP PointToPlane (p=0.400000)",163.192,1.39041,69.5204,0.0979085,1,29,0,0,107.406,107.406,2.33437,67.6966,1.29123,37.4457,3.70296,107.386
"Armadillo",0.5,"Large",12,124038,147.66,69.842,2595,"ESA+SparseICP PointToPlane (p=0.400000)",150.299,2.47699,123.85,0.0657567,0,25,0.00568866,65.2423,87.2726,152.515,2.07223,51.8058,1.31054,32.7636,3.48994,87.2485
"Armadillo",0.5,"Large",12,124038,147.66,69.842,2595,"SparseICP PointToPlane (p=0.400000)",165.225,2.71145,135.572,0.0892373,1,14,0,0,45.0624,45.0624,1.97816,27.6942,1.17845,16.4983,3.21764,45.0469
"Armadillo",0.5,"Large",13,124039,143.525,67.0527,2595,"ESA+SparseICP PointToPlane (p=0.400000)",27.8967,0.898378,44.9189,0.0647655,0,25,0.00307446,52.2954,93.7974,146.093,2.36818,59.2046,1.27307,31.8268,3.75076,93.7689
"Armadillo",0.5,"Large",13,124039,143.525,67.0527,2595,"SparseICP PointToPlane (p=0.400000)",170.993,3.09304,154.652,0.0775213,1,33,0,0,87.5059,87.5059,1.45327,47.9579,1.1402,37.6267,2.65111,87.4865
"Armadillo",0.5,"Large",14,124040,140.176,46.9471,2595,"ESA+SparseICP PointToPlane (p=0.400000)",0,2.41056e-05,0.00120528,0.000143749,1,4,0.000200517,58.2295,6.189,64.4185,0.50815,2.0326,0.9126,3.6504,1.54323,6.1729
"Armadillo",0.5,"Large",14,124040,140.176,46.9471,2595,"SparseICP PointToPlane (p=0.400000)",146.266,0.911249,45.5625,0.0978035,1,92,0,0,259.512,259.512,1.52238,140.059,1.23144,113.293,2.82044,259.48
"Armadillo",0.5,"Large",15,124041,175.209,41.1125,2595,"ESA+SparseICP PointToPlane (p=0.400000)",0,3.19152e-05,0.00159576,0.000152804,1,3,6.21997e-05,68.6966,4.3869,73.0835,0.431567,1.2947,0.9126,2.7378,1.45687,4.3706
"Armadillo",0.5,"Large",15,124041,175.209,41.1125,2595,"SparseICP PointToPlane (p=0.400000)",178.584,1.3105,65.525,0.0797322,1,36,0,0,117.722,117.722,1.87732,67.5834,1.30381,46.9371,3.26951,117.702
"Armadillo",0.5,"Large",16,124042,179.618,50.8096,2595,"ESA+SparseICP PointToPlane (p=0.400000)",0,5.73614e-05,0.00286807,0.000151893,1,3,0.000517558,58.2252,5.0189,63.2441,0.650767,1.9523,0.9061,2.7183,1.6678,5.0034
"Armadillo",0.5,"Large",16,124042,179.618,50.8096,2595,"SparseICP PointToPlane (p=0.400000)",137.95,2.01586,100.793,0.0945511,1,17,0,0,72.5697,72.5697,2.42975,41.3057,1.74485,29.6625,4.26789,72.5542
"Armadillo",0.5,"Large",17,124043,130.826,44.0967,2595,"ESA+SparseICP PointToPlane (p=0.400000)",123.842,1.26596,63.2981,0.052583,1,24,0.00174162,64.3613,69.4828,133.844,1.58282,37.9876,1.2039,28.8936,2.89418,69.4602
"Armadillo",0.5,"Large",17,124043,130.826,44.0967,2595,"SparseICP PointToPlane (p=0.400000)",87.917,5.18663,259.331,3.85081,1,5,0,0,23.8871,23.8871,1.54724,7.7362,3.1653,15.8265,4.77484,23.8742
"Armadillo",0.5,"Large",18,124044,134.357,51.2244,2595,"ESA+SparseICP PointToPlane (p=0.400000)",59.0687,1.3294,66.4702,0.0590561,0,25,0.00281994,58.4268,89.62,148.047,2.19578,54.8946,1.28062,32.0155,3.58382,89.5955
"Armadillo",0.5,"Large",18,124044,134.357,51.2244,2595,"SparseICP PointToPlane (p=0.400000)",115.423,1.08684,54.3418,0.0852129,1,94,0,0,259.296,259.296,1.52979,143.801,1.16977,109.959,2.75814,259.265
"Armadillo",0.5,"Large",19,124045,139.322,56.2646,2595,"ESA+SparseICP PointToPlane (p=0.400000)",33.0769,0.54325,27.1625,0.076401,0,25,0.00610597,52.2143,89.5728,141.787,2.12772,53.1931,1.34928,33.7319,3.58198,89.5496
"Armadillo",0.5,"Large",19,124045,139.322,56.2646,2595,"SparseICP PointToPlane (p=0.400000)",96.7013,20.1124,1005.62,20.6598,1,35,0,0,143.222,143.222,1.21134,42.397,2.84361,99.5265,4.09149,143.202
"Armadillo",0.25,"Small",0,132026,16.314,3.90377,1298,"ESA+SparseICP PointToPlane (p=0.400000)",95.0448,0.372957,18.6479,0.049891,1,3,0.00160128,23.6543,4.6986,28.3529,0.621967,1.8659,0.5916,1.7748,1.26853,3.8056
"Armadillo",0.25,"Small",0,132026,16.314,3.90377,1298,"SparseICP PointToPlane (p=0.400000)",40.2519,0.292057,14.6028,0.047661,1,12,0,0,18.3028,18.3028,0.863058,10.3567,0.607183,7.2862,1.52398,18.2877
"Armadillo",0.25,"Small",1,132027,13.5896,5.60975,1298,"ESA+SparseICP PointToPlane (p=0.400000)",3.57413,0.497129,24.8564,0.0414174,1,8,0.00238444,22.8285,12.1014,34.9299,0.871963,6.9757,0.582562,4.6605,1.5117,12.0936
"Armadillo",0.25,"Small",1,132027,13.5896,5.60975,1298,"SparseICP PointToPlane (p=0.400000)",0,3.05834e-05,0.00152917,0.000152467,1,5,0,0,4.8987,4.8987,0.43282,2.1641,0.4895,2.4475,0.97862,4.8931
"Armadillo",0.25,"Small",2,132028,15.039,7.47244,1298,"ESA+SparseICP PointToPlane (p=0.400000)",130.306,0.673597,33.6798,0.0549965,1,13,0.00229793,21.7498,21.1765,42.9263,0.936462,12.174,0.6382,8.2966,1.62815,21.166
"Armadillo",0.25,"Small",2,132028,15.039,7.47244,1298,"SparseICP PointToPlane (p=0.400000)",0,1.76897e-05,0.000884487,0.000151177,1,6,0,0,6.0876,6.0876,0.485217,2.9113,0.47495,2.8497,1.01353,6.0812
"Armadillo",0.25,"Small",3,132029,15.4054,7.51413,1298,"ESA+SparseICP PointToPlane (p=0.400000)",179.306,0.596244,29.8122,0.0527339,0,25,0.00200522,24.4243,45.1956,69.6199,1.12253,28.0633,0.633056,15.8264,1.80706,45.1765
"Armadillo",0.25,"Small",3,132029,15.4054,7.51413,1298,"SparseICP PointToPlane (p=0.400000)",50.7976,0.17801,8.90049,0.0447667,1,6,0,0,11.9959,11.9959,1.34398,8.0639,0.598383,3.5903,1.9981,11.9886
"Armadillo",0.25,"Small",4,132030,19.5071,6.02796,1298,"ESA+SparseICP PointToPlane (p=0.400000)",69.4987,0.40826,20.413,0.0449943,0,25,0.00143101,22.7211,42.7581,65.4792,1.05056,26.264,0.606596,15.1649,1.70987,42.7467
"Armadillo",0.25,"Small",4,132030,19.5071,6.02796,1298,"SparseICP PointToPlane (p=0.400000)",0,2.03617e-05,0.00101809,0.000153358,1,6,0,0,6.8978,6.8978,0.604617,3.6277,0.4878,2.9268,1.14843,6.8906
"Armadillo",0.25,"Small",5,132031,14.3149,5.30376,1298,"ESA+SparseICP PointToPlane (p=0.400000)",159.473,0.434787,21.7394,0.0423038,1,14,0.00136368,22.5455,22.8279,45.3734,0.974364,13.6411,0.596121,8.3457,1.62989,22.8184
"Armadillo",0.25,"Small",5,132031,14.3149,5.30376,1298,"SparseICP PointToPlane (p=0.400000)",0,5.01719e-05,0.00250859,0.000146744,1,4,0,0,3.7066,3.7066,0.4152,1.6608,0.456275,1.8251,0.925325,3.7013
"Armadillo",0.25,"Small",6,132032,17.52,7.06375,1298,"ESA+SparseICP PointToPlane (p=0.400000)",110.572,0.907932,45.3966,0.0485956,1,17,0.0019746,19.2377,26.6096,45.8473,0.906541,15.4112,0.602688,10.2457,1.56471,26.6001
"Armadillo",0.25,"Small",6,132032,17.52,7.06375,1298,"SparseICP PointToPlane (p=0.400000)",0.0279765,2.14236e-05,0.00107118,0.000147262,1,8,0,0,10.8166,10.8166,0.7746,6.1968,0.519338,4.1547,1.35125,10.81
"Armadillo",0.25,"Small",7,132033,18.7617,6.33134,1298,"ESA+SparseICP PointToPlane (p=0.400000)",174.002,0.56097,28.0485,0.0590522,1,6,0.00206091,19.0611,12.239,31.3001,1.34747,8.0848,0.6337,3.8022,2.03848,12.2309
"Armadillo",0.25,"Small",7,132033,18.7617,6.33134,1298,"SparseICP PointToPlane (p=0.400000)",0.0395647,5.7514e-05,0.0028757,0.000151746,1,5,0,0,5.6606,5.6606,0.58004,2.9002,0.49604,2.4802,1.13094,5.6547
"Armadillo",0.25,"Small",8,132034,15.6544,4.33816,1298,"ESA+SparseICP PointToPlane (p=0.400000)",0,2.41717e-05,0.00120858,0.00014922,1,10,0.00149019,21.1365,12.9391,34.0756,0.70653,7.0653,0.53374,5.3374,1.29292,12.9292
"Armadillo",0.25,"Small",8,132034,15.6544,4.33816,1298,"SparseICP PointToPlane (p=0.400000)",0,2.4167e-05,0.00120835,0.000149219,1,6,0,0,6.6636,6.6636,0.566483,3.3989,0.487267,2.9236,1.10958,6.6575
"Armadillo",0.25,"Small",9,132035,17.8072,5.50874,1298,"ESA+SparseICP PointToPlane (p=0.400000)",41.7297,0.442264,22.1132,0.044485,0,25,0.00336051,19.3922,43.9973,63.3895,1.08982,27.2455,0.614668,15.3667,1.75939,43.9847
"Armadillo",0.25,"Small",9,132035,17.8072,5.50874,1298,"SparseICP PointToPlane (p=0.400000)",0,3.38946e-05,0.00169473,0.00015148,1,5,0,0,5.3969,5.3969,0.5463,2.7315,0.47752,2.3876,1.07806,5.3903
"Armadillo",0.25,"Small",10,132036,17.5527,3.11005,1298,"ESA+SparseICP PointToPlane (p=0.400000)",118.142,0.347419,17.371,0.0464711,1,2,0.00121861,23.8645,3.5949,27.4594,1.16885,2.3377,0.56565,1.1313,1.79315,3.5863
"Armadillo",0.25,"Small",10,132036,17.5527,3.11005,1298,"SparseICP PointToPlane (p=0.400000)",0.0279765,3.58931e-05,0.00179466,0.000156947,1,6,0,0,6.6483,6.6483,0.534283,3.2057,0.512333,3.074,1.10683,6.641
"Armadillo",0.25,"Small",11,132037,14.6111,4.26189,1298,"ESA+SparseICP PointToPlane (p=0.400000)",57.8441,0.365518,18.2759,0.0450594,0,25,0.00182755,24.4399,41.5133,65.9532,0.9926,24.815,0.607964,15.1991,1.65993,41.4983
"Armadillo",0.25,"Small",11,132037,14.6111,4.26189,1298,"SparseICP PointToPlane (p=0.400000)",0,1.55652e-05,0.000778259,0.000149056,1,6,0,0,6.5042,6.5042,0.538933,3.2336,0.487567,2.9254,1.08275,6.4965
"Armadillo",0.25,"Small",12,132038,13.02,5.27012,1298,"ESA+SparseICP PointToPlane (p=0.400000)",175.633,0.244185,12.2092,0.0579525,1,15,0.00250846,19.6513,29.1139,48.7652,1.24625,18.6938,0.6384,9.576,1.94031,29.1046
"Armadillo",0.25,"Small",12,132038,13.02,5.27012,1298,"SparseICP PointToPlane (p=0.400000)",0,2.0582e-05,0.0010291,0.000152221,1,6,0,0,6.018,6.018,0.472317,2.8339,0.474933,2.8496,1.00185,6.0111
"Armadillo",0.25,"Small",13,132039,10.8929,4.87103,1298,"ESA+SparseICP PointToPlane (p=0.400000)",158.625,0.462333,23.1167,0.0456601,0,25,0.0020024,22.6223,41.5795,64.2018,1.0062,25.1549,0.604304,15.1076,1.66273,41.5682
"Armadillo",0.25,"Small",13,132039,10.8929,4.87103,1298,"SparseICP PointToPlane (p=0.400000)",0,2.37943e-05,0.00118972,0.000154609,1,5,0,0,5.693,5.693,0.60218,3.0109,0.47918,2.3959,1.13724,5.6862
"Armadillo",0.25,"Small",14,132040,19.9061,6.35373,1298,"ESA+SparseICP PointToPlane (p=0.400000)",147.598,0.761988,38.0994,0.0425344,1,21,0.00142627,21.3166,34.7732,56.0898,1.0058,21.1217,0.594843,12.4917,1.65529,34.761
"Armadillo",0.25,"Small",14,132040,19.9061,6.35373,1298,"SparseICP PointToPlane (p=0.400000)",0,3.14715e-05,0.00157358,0.000149027,1,5,0,0,5.5098,5.5098,0.57284,2.8642,0.47384,2.3692,1.10078,5.5039
"Armadillo",0.25,"Small",15,132041,13.071,3.12698,1298,"ESA+SparseICP PointToPlane (p=0.400000)",69.5081,0.479483,23.9742,0.0437245,1,11,0.00157857,23.9755,19.3232,43.2987,1.10381,12.1419,0.597136,6.5685,1.75565,19.3121
"Armadillo",0.25,"Small",15,132041,13.071,3.12698,1298,"SparseICP PointToPlane (p=0.400000)",0,3.71358e-05,0.00185679,0.000149424,1,5,0,0,4.7336,4.7336,0.42724,2.1362,0.46506,2.3253,0.94566,4.7283
"Armadillo",0.25,"Small",16,132042,18.7147,3.90526,1298,"ESA+SparseICP PointToPlane (p=0.400000)",117.925,0.362036,18.1018,0.0531242,1,5,0.00180687,21.1027,9.31,30.4127,1.17626,5.8813,0.62636,3.1318,1.86052,9.3026
"Armadillo",0.25,"Small",16,132042,18.7147,3.90526,1298,"SparseICP PointToPlane (p=0.400000)",0,3.45834e-05,0.00172917,0.000157143,1,5,0,0,5.1737,5.1737,0.50166,2.5083,0.47334,2.3667,1.0337,5.1685
"Armadillo",0.25,"Small",17,132043,10.8503,3.9545,1298,"ESA+SparseICP PointToPlane (p=0.400000)",107.793,0.879419,43.971,0.052476,1,14,0.00216554,22.2795,23.0016,45.2811,0.970514,13.5872,0.617893,8.6505,1.64217,22.9904
"Armadillo",0.25,"Small",17,132043,10.8503,3.9545,1298,"SparseICP PointToPlane (p=0.400000)",0,3.92993e-05,0.00196496,0.000148628,1,5,0,0,5.1356,5.1356,0.48296,2.4148,0.48896,2.4448,1.02596,5.1298
"Armadillo",0.25,"Small",18,132044,10.8659,7.86335,1298,"ESA+SparseICP PointToPlane (p=0.400000)",177.861,0.476556,23.8278,0.0430844,1,14,0.00115983,23.3195,22.7791,46.0986,0.974971,13.6496,0.595971,8.3436,1.62629,22.768
"Armadillo",0.25,"Small",18,132044,10.8659,7.86335,1298,"SparseICP PointToPlane (p=0.400000)",0.0279765,2.73798e-05,0.00136899,0.000152831,1,7,0,0,8.3066,8.3066,0.618086,4.3266,0.515029,3.6052,1.18577,8.3004
"Armadillo",0.25,"Small",19,132045,15.599,6.8355,1298,"ESA+SparseICP PointToPlane (p=0.400000)",116.23,0.510371,25.5185,0.0468125,1,12,0.00133042,22.2324,18.1619,40.3943,0.862758,10.3531,0.594108,7.1293,1.51274,18.1529
"Armadillo",0.25,"Small",19,132045,15.599,6.8355,1298,"SparseICP PointToPlane (p=0.400000)",0,3.26517e-05,0.00163258,0.000143573,1,6,0,0,6.7893,6.7893,0.578,3.468,0.4986,2.9916,1.13052,6.7831
"Armadillo",0.25,"Medium",0,133026,68.7377,18.4786,1298,"ESA+SparseICP PointToPlane (p=0.400000)",0,3.14167e-05,0.00157083,0.000146344,1,3,4.61509e-05,23.8473,2.3236,26.1709,0.266433,0.7993,0.4513,1.3539,0.7723,2.3169
"Armadillo",0.25,"Medium",0,133026,68.7377,18.4786,1298,"SparseICP PointToPlane (p=0.400000)",119.481,12.2236,611.182,10.9111,1,31,0,0,112.511,112.511,1.88425,58.4118,1.7173,53.2362,3.62905,112.501
"Armadillo",0.25,"Medium",1,133027,61.789,19.5626,1298,"ESA+SparseICP PointToPlane (p=0.400000)",145.959,1.05513,52.7566,0.0491382,1,16,0.00201344,21.7746,22.7482,44.5228,0.758706,12.1393,0.607619,9.7219,1.42117,22.7387
"Armadillo",0.25,"Medium",1,133027,61.789,19.5626,1298,"SparseICP PointToPlane (p=0.400000)",0,7.93866e-05,0.00396933,0.000160974,1,12,0,0,18.5775,18.5775,0.91115,10.9338,0.583575,7.0029,1.54737,18.5685
"Armadillo",0.25,"Medium",2,133028,69.1119,24.7089,1298,"ESA+SparseICP PointToPlane (p=0.400000)",59.6469,0.502636,25.1318,0.033667,1,7,0.00094835,26.7581,9.9022,36.6603,0.8047,5.6329,0.553757,3.8763,1.41324,9.8927
"Armadillo",0.25,"Medium",2,133028,69.1119,24.7089,1298,"SparseICP PointToPlane (p=0.400000)",28.2574,0.512169,25.6084,0.0522507,1,33,0,0,62.8184,62.8184,1.21435,40.0734,0.636667,21.01,1.90322,62.8063
"Armadillo",0.25,"Medium",3,133029,86.2911,24.3553,1298,"ESA+SparseICP PointToPlane (p=0.400000)",30.307,0.402471,20.1235,0.0433704,1,10,0.00227349,21.9847,16.3204,38.3051,0.97787,9.7787,0.59984,5.9984,1.63114,16.3114
"Armadillo",0.25,"Medium",3,133029,86.2911,24.3553,1298,"SparseICP PointToPlane (p=0.400000)",168.462,0.707051,35.3526,0.0529035,1,16,0,0,30.7877,30.7877,1.16439,18.6303,0.708106,11.3297,1.92371,30.7793
"Armadillo",0.25,"Medium",4,133030,45.2317,26.5758,1298,"ESA+SparseICP PointToPlane (p=0.400000)",57.6136,0.670475,33.5238,0.0467522,0,25,0.00144945,22.2111,40.3818,62.5929,0.948652,23.7163,0.611136,15.2784,1.61468,40.3669
"Armadillo",0.25,"Medium",4,133030,45.2317,26.5758,1298,"SparseICP PointToPlane (p=0.400000)",63.0343,0.522431,26.1215,0.034478,1,83,0,0,103.222,103.222,0.694142,57.6138,0.510136,42.3413,1.24343,103.205
"Armadillo",0.25,"Medium",5,133031,69.2514,19.8366,1298,"ESA+SparseICP PointToPlane (p=0.400000)",58.9152,0.36515,18.2575,0.0425414,1,3,0.000981216,20.894,4.4717,25.3657,0.862933,2.5888,0.569,1.707,1.48803,4.4641
"Armadillo",0.25,"Medium",5,133031,69.2514,19.8366,1298,"SparseICP PointToPlane (p=0.400000)",128.204,19.3913,969.565,18.3706,1,7,0,0,19.5886,19.5886,1.19631,8.3742,1.56494,10.9546,2.79749,19.5824
"Armadillo",0.25,"Medium",6,133032,85.9505,17.0746,1298,"ESA+SparseICP PointToPlane (p=0.400000)",66.7836,0.133144,6.6572,0.0409265,0,25,0.00127939,22.4158,42.0226,64.4384,1.02013,25.5033,0.60454,15.1135,1.68036,42.009
"Armadillo",0.25,"Medium",6,133032,85.9505,17.0746,1298,"SparseICP PointToPlane (p=0.400000)",152.864,5.99976,299.988,5.15607,1,26,0,0,89.8365,89.8365,1.79165,46.583,1.63764,42.5787,3.45474,89.8232
"Armadillo",0.25,"Medium",7,133033,51.2885,28.8106,1298,"ESA+SparseICP PointToPlane (p=0.400000)",34.6623,0.248436,12.4218,0.0420718,0,25,0.00152493,22.5966,38.9875,61.5841,0.903528,22.5882,0.600456,15.0114,1.55899,38.9748
"Armadillo",0.25,"Medium",7,133033,51.2885,28.8106,1298,"SparseICP PointToPlane (p=0.400000)",37.6516,0.094557,4.72785,0.0638001,1,38,0,0,65.8049,65.8049,1.07593,40.8854,0.609968,23.1788,1.73139,65.7927
"Armadillo",0.25,"Medium",8,133034,70.5827,26.516,1298,"ESA+SparseICP PointToPlane (p=0.400000)",0,4.84393e-05,0.00242196,0.000149849,1,4,0.000235358,21.4101,3.384,24.7941,0.304925,1.2197,0.479925,1.9197,0.8441,3.3764
"Armadillo",0.25,"Medium",8,133034,70.5827,26.516,1298,"SparseICP PointToPlane (p=0.400000)",61.3198,0.637109,31.8554,0.0392163,1,10,0,0,19.5764,19.5764,1.2593,12.593,0.64403,6.4403,1.957,19.57
"Armadillo",0.25,"Medium",9,133035,58.1059,16.8631,1298,"ESA+SparseICP PointToPlane (p=0.400000)",0,1.65236e-05,0.000826181,0.000157075,1,4,5.47835e-05,23.632,3.1158,26.7478,0.251175,1.0047,0.475325,1.9013,0.777025,3.1081
"Armadillo",0.25,"Medium",9,133035,58.1059,16.8631,1298,"SparseICP PointToPlane (p=0.400000)",28.9838,0.464668,23.2334,0.0477043,1,29,0,0,52.1015,52.1015,1.12753,32.6983,0.616524,17.8792,1.79623,52.0907
"Armadillo",0.25,"Medium",10,133036,55.8088,27.6072,1298,"ESA+SparseICP PointToPlane (p=0.400000)",134.279,0.568889,28.4444,0.0464379,1,12,0.00150276,22.8295,22.6299,45.4594,1.20077,14.4093,0.630658,7.5679,1.88506,22.6207
"Armadillo",0.25,"Medium",10,133036,55.8088,27.6072,1298,"SparseICP PointToPlane (p=0.400000)",43.6837,0.267264,13.3632,0.0497018,1,11,0,0,22.3691,22.3691,1.33658,14.7024,0.642609,7.0687,2.03291,22.362
"Armadillo",0.25,"Medium",11,133037,53.0415,21.9457,1298,"ESA+SparseICP PointToPlane (p=0.400000)",67.323,0.713034,35.6517,0.0460202,1,2,0.00150527,23.858,3.3987,27.2567,1.06585,2.1317,0.57415,1.1483,1.6961,3.3922
"Armadillo",0.25,"Medium",11,133037,53.0415,21.9457,1298,"SparseICP PointToPlane (p=0.400000)",53.4662,0.48057,24.0285,0.053086,1,19,0,0,34.3906,34.3906,1.12839,21.4395,0.627821,11.9286,1.80959,34.3823
"Armadillo",0.25,"Medium",12,133038,86.9437,15.2356,1298,"ESA+SparseICP PointToPlane (p=0.400000)",30.4508,0.488033,24.4016,0.0458938,0,25,0.00281252,19.6319,43.1092,62.7411,1.06078,26.5195,0.609012,15.2253,1.72391,43.0977
"Armadillo",0.25,"Medium",12,133038,86.9437,15.2356,1298,"SparseICP PointToPlane (p=0.400000)",117.112,0.535428,26.7714,0.0493338,1,14,0,0,27.4485,27.4485,1.28654,18.0115,0.619843,8.6778,1.96004,27.4405
"Armadillo",0.25,"Medium",13,133039,61.663,15.7036,1298,"ESA+SparseICP PointToPlane (p=0.400000)",129.924,0.991949,49.5975,0.0550275,1,12,0.0017456,23.0856,23.0888,46.1744,1.23399,14.8079,0.635742,7.6289,1.92322,23.0787
"Armadillo",0.25,"Medium",13,133039,61.663,15.7036,1298,"SparseICP PointToPlane (p=0.400000)",0,4.82669e-05,0.00241335,0.000146309,1,7,0,0,9.2051,9.2051,0.712843,4.9899,0.5462,3.8234,1.31327,9.1929
"Armadillo",0.25,"Medium",14,133040,68.7943,20.4869,1298,"ESA+SparseICP PointToPlane (p=0.400000)",164.557,0.893375,44.6687,0.0515405,0,25,0.00159314,23.3918,40.7827,64.1745,0.962636,24.0659,0.615392,15.3848,1.63078,40.7694
"Armadillo",0.25,"Medium",14,133040,68.7943,20.4869,1298,"SparseICP PointToPlane (p=0.400000)",71.9285,0.600134,30.0067,0.0473471,1,13,0,0,21.6339,21.6339,0.966762,12.5679,0.643546,8.3661,1.66348,21.6253
"Armadillo",0.25,"Medium",15,133041,61.6249,19.6429,1298,"ESA+SparseICP PointToPlane (p=0.400000)",55.4209,0.174587,8.72933,0.0427949,1,8,0.00148639,21.6833,13.7848,35.4681,1.06608,8.5286,0.5994,4.7952,1.72206,13.7765
"Armadillo",0.25,"Medium",15,133041,61.6249,19.6429,1298,"SparseICP PointToPlane (p=0.400000)",59.5801,0.637064,31.8532,0.0538803,1,12,0,0,22.4559,22.4559,1.17925,14.151,0.639275,7.6713,1.87069,22.4483
"Armadillo",0.25,"Medium",16,133042,60.5277,28.5606,1298,"ESA+SparseICP PointToPlane (p=0.400000)",147.414,1.27995,63.9977,0.0450332,1,16,0.00241687,21.6478,26.8008,48.4486,1.01826,16.2922,0.602725,9.6436,1.67434,26.7894
"Armadillo",0.25,"Medium",16,133042,60.5277,28.5606,1298,"SparseICP PointToPlane (p=0.400000)",165.357,10.9946,549.73,10.2578,1,25,0,0,80.9398,80.9398,1.4471,36.1776,1.76052,44.0129,3.23718,80.9294
"Armadillo",0.25,"Medium",17,133043,71.0418,21.5609,1298,"ESA+SparseICP PointToPlane (p=0.400000)",0,6.75274e-05,0.00337637,0.000161638,1,4,0.000166946,23.4693,3.2963,26.7656,0.3034,1.2136,0.460075,1.8403,0.822,3.288
"Armadillo",0.25,"Medium",17,133043,71.0418,21.5609,1298,"SparseICP PointToPlane (p=0.400000)",64.4951,15.3762,768.811,14.6878,0,100,0,0,522.005,522.005,3.57766,357.766,1.62078,162.078,5.21984,521.984
"Armadillo",0.25,"Medium",18,133044,78.8458,27.0248,1298,"ESA+SparseICP PointToPlane (p=0.400000)",66.4379,0.174178,8.70892,0.0420976,1,2,0.00145783,23.0406,3.4426,26.4832,1.04355,2.0871,0.6127,1.2254,1.7171,3.4342
"Armadillo",0.25,"Medium",18,133044,78.8458,27.0248,1298,"SparseICP PointToPlane (p=0.400000)",149.231,5.28752,264.376,5.5293,1,93,0,0,284.742,284.742,1.48362,137.976,1.55652,144.756,3.06153,284.723
"Armadillo",0.25,"Medium",19,133045,55.3813,21.5024,1298,"ESA+SparseICP PointToPlane (p=0.400000)",100.337,0.594314,29.7157,0.0421019,1,16,0.00133795,21.5991,26.323,47.9221,1.00156,16.0249,0.585769,9.3723,1.64463,26.314
"Armadillo",0.25,"Medium",19,133045,55.3813,21.5024,1298,"SparseICP PointToPlane (p=0.400000)",105.208,11.6909,584.544,11.1925,0,100,0,0,324.372,324.372,1.66198,166.198,1.56102,156.102,3.24352,324.352
"Armadillo",0.25,"Large",0,134026,165.763,69.693,1298,"ESA+SparseICP PointToPlane (p=0.400000)",55.3944,1.23354,61.677,0.0453187,1,18,0.00221755,18.1914,28.1557,46.3471,0.907378,16.3328,0.601267,10.8228,1.56366,28.1459
"Armadillo",0.25,"Large",0,134026,165.763,69.693,1298,"SparseICP PointToPlane (p=0.400000)",168.217,19.4584,972.918,17.8038,1,75,0,0,179.545,179.545,0.776565,58.2424,1.59579,119.685,2.39372,179.529
"Armadillo",0.25,"Large",1,134027,173.517,62.6901,1298,"ESA+SparseICP PointToPlane (p=0.400000)",130.943,2.14013,107.007,0.0456627,1,3,0.00274394,23.9488,4.6581,28.6069,0.904167,2.7125,0.582067,1.7462,1.55037,4.6511
"Armadillo",0.25,"Large",1,134027,173.517,62.6901,1298,"SparseICP PointToPlane (p=0.400000)",113.773,2.01864,100.932,0.0476146,1,8,0,0,18.7573,18.7573,1.51669,12.1335,0.777737,6.2219,2.34385,18.7508
"Armadillo",0.25,"Large",2,134028,121.479,45.5735,1298,"ESA+SparseICP PointToPlane (p=0.400000)",62.227,0.546096,27.3048,0.0466619,1,5,0.00224055,18.954,8.2503,27.2043,0.97482,4.8741,0.61628,3.0814,1.64838,8.2419
"Armadillo",0.25,"Large",2,134028,121.479,45.5735,1298,"SparseICP PointToPlane (p=0.400000)",81.5872,0.350455,17.5228,0.0810061,1,7,0,0,11.4858,11.4858,0.870886,6.0962,0.721257,5.0488,1.64,11.48
"Armadillo",0.25,"Large",3,134029,171.16,57.3209,1298,"ESA+SparseICP PointToPlane (p=0.400000)",95.8407,1.49747,74.8733,0.0586901,0,25,0.00292519,18.068,46.3847,64.4527,1.15656,28.9139,0.6443,16.1075,1.85492,46.3729
"Armadillo",0.25,"Large",3,134029,171.16,57.3209,1298,"SparseICP PointToPlane (p=0.400000)",105.965,13.9836,699.18,12.1806,1,3,0,0,9.5295,9.5295,1.52033,4.561,1.61897,4.8569,3.17427,9.5228
"Armadillo",0.25,"Large",4,134030,129.531,64.4395,1298,"ESA+SparseICP PointToPlane (p=0.400000)",146.467,1.68515,84.2573,0.0461469,1,11,0.0016975,22.9969,18.6617,41.6586,1.04214,11.4635,0.595509,6.5506,1.69572,18.6529
"Armadillo",0.25,"Large",4,134030,129.531,64.4395,1298,"SparseICP PointToPlane (p=0.400000)",71.6268,1.66874,83.437,0.0431947,1,11,0,0,24.9372,24.9372,1.48045,16.2849,0.729445,8.0239,2.26613,24.9274
"Armadillo",0.25,"Large",5,134031,160.718,68.9167,1298,"ESA+SparseICP PointToPlane (p=0.400000)",65.482,1.20641,60.3205,0.0395917,0,25,0.00269894,20.7271,43.5746,64.3017,1.08247,27.0617,0.606832,15.1708,1.74247,43.5618
"Armadillo",0.25,"Large",5,134031,160.718,68.9167,1298,"SparseICP PointToPlane (p=0.400000)",176.637,8.09656,404.828,8.36956,0,100,0,0,227.276,227.276,0.687036,68.7036,1.56566,156.566,2.27256,227.256
"Armadillo",0.25,"Large",6,134032,143.307,62.9986,1298,"ESA+SparseICP PointToPlane (p=0.400000)",146.207,2.06474,103.237,0.0450696,0,25,0.00140405,21.5888,37.5015,59.0903,0.848272,21.2068,0.59816,14.954,1.49959,37.4898
"Armadillo",0.25,"Large",6,134032,143.307,62.9986,1298,"SparseICP PointToPlane (p=0.400000)",65.6328,21.9562,1097.81,19.9002,1,5,0,0,22.497,22.497,2.74018,13.7009,1.72414,8.6207,4.49806,22.4903
"Armadillo",0.25,"Large",7,134033,121.266,41.4684,1298,"ESA+SparseICP PointToPlane (p=0.400000)",74.9603,0.871851,43.5925,0.0440043,1,12,0.00132655,23.9052,18.365,42.2702,0.878433,10.5412,0.595992,7.1519,1.52968,18.3562
"Armadillo",0.25,"Large",7,134033,121.266,41.4684,1298,"SparseICP PointToPlane (p=0.400000)",170.462,20.6741,1033.7,19.9635,1,3,0,0,10.9554,10.9554,2.08067,6.242,1.52773,4.5832,3.64993,10.9498
"Armadillo",0.25,"Large",8,134034,120.667,65.0312,1298,"ESA+SparseICP PointToPlane (p=0.400000)",61.8106,0.912905,45.6452,0.032552,1,10,0.0010057,20.1379,15.2071,35.345,0.88706,8.8706,0.5766,5.766,1.51982,15.1982
"Armadillo",0.25,"Large",8,134034,120.667,65.0312,1298,"SparseICP PointToPlane (p=0.400000)",138.273,2.56609,128.305,0.0495183,1,9,0,0,19.6116,19.6116,1.43878,12.949,0.687267,6.1854,2.17829,19.6046
"Armadillo",0.25,"Large",9,134035,179.899,53.8723,1298,"ESA+SparseICP PointToPlane (p=0.400000)",156.75,1.5435,77.1751,0.0423133,1,3,0.00172755,18.3822,5.5123,23.8945,1.15277,3.4583,0.624567,1.8737,1.83497,5.5049
"Armadillo",0.25,"Large",9,134035,179.899,53.8723,1298,"SparseICP PointToPlane (p=0.400000)",177.286,0.449247,22.4623,0.0593945,0,100,0,0,144.435,144.435,0.839776,83.9776,0.565593,56.5593,1.44415,144.415
"Armadillo",0.25,"Large",10,134036,158.069,44.3288,1298,"ESA+SparseICP PointToPlane (p=0.400000)",114.637,1.1282,56.41,0.046717,1,19,0.00169124,22.518,30.0933,52.6113,0.920253,17.4848,0.609426,11.5791,1.58325,30.0818
"Armadillo",0.25,"Large",10,134036,158.069,44.3288,1298,"SparseICP PointToPlane (p=0.400000)",95.0051,14.3033,715.165,13.1503,1,2,0,0,6.9166,6.9166,1.7355,3.471,1.68055,3.3611,3.45495,6.9099
"Armadillo",0.25,"Large",11,134037,121.962,42.1106,1298,"ESA+SparseICP PointToPlane (p=0.400000)",135.313,1.12346,56.1729,0.0444649,1,19,0.00121282,19.9415,32.0803,52.0218,1.04253,19.808,0.592495,11.2574,1.68792,32.0705
"Armadillo",0.25,"Large",11,134037,121.962,42.1106,1298,"SparseICP PointToPlane (p=0.400000)",103.207,0.870378,43.5189,0.0526459,1,60,0,0,136.18,136.18,0.920408,55.2245,1.32132,79.279,2.26941,136.165
"Armadillo",0.25,"Large",12,134038,150.904,50.6448,1298,"ESA+SparseICP PointToPlane (p=0.400000)",135.083,2.27804,113.902,0.046947,1,18,0.00271067,16.3864,28.735,45.1214,0.93485,16.8273,0.607344,10.9322,1.59583,28.7249
"Armadillo",0.25,"Large",12,134038,150.904,50.6448,1298,"SparseICP PointToPlane (p=0.400000)",98.5969,1.51972,75.9859,0.0434462,1,9,0,0,21.2893,21.2893,1.54829,13.9346,0.767967,6.9117,2.36478,21.283
"Armadillo",0.25,"Large",13,134039,128.965,55.7432,1298,"ESA+SparseICP PointToPlane (p=0.400000)",64.0496,0.218307,10.9153,0.047888,1,21,0.00214532,19.8743,33.9697,53.844,0.953443,20.0223,0.610419,12.8188,1.61708,33.9587
"Armadillo",0.25,"Large",13,134039,128.965,55.7432,1298,"SparseICP PointToPlane (p=0.400000)",150.858,9.65266,482.633,7.42053,1,17,0,0,53.4264,53.4264,1.35734,23.0747,1.75264,29.7948,3.14214,53.4164
"Armadillo",0.25,"Large",14,134040,134.691,61.5817,1298,"ESA+SparseICP PointToPlane (p=0.400000)",54.3995,1.20628,60.3141,0.0452489,0,25,0.00216481,20.7144,37.3312,58.0456,0.838796,20.9699,0.601268,15.0317,1.49274,37.3184
"Armadillo",0.25,"Large",14,134040,134.691,61.5817,1298,"SparseICP PointToPlane (p=0.400000)",76.7886,7.1073,355.365,7.36809,0,100,0,0,257.07,257.07,1.03973,103.973,1.51135,151.135,2.57049,257.049
"Armadillo",0.25,"Large",15,134041,120.734,66.7183,1298,"ESA+SparseICP PointToPlane (p=0.400000)",0,0.000148776,0.00743881,0.000148963,1,4,0.000575646,18.8045,3.4841,22.2886,0.35105,1.4042,0.4602,1.8408,0.86935,3.4774
"Armadillo",0.25,"Large",15,134041,120.734,66.7183,1298,"SparseICP PointToPlane (p=0.400000)",139.909,5.10413,255.207,6.02987,1,3,0,0,12.944,12.944,2.53197,7.5959,1.7477,5.2431,4.31307,12.9392
"Armadillo",0.25,"Large",16,134042,155.994,48.6734,1298,"ESA+SparseICP PointToPlane (p=0.400000)",65.5341,1.35491,67.7455,0.0420432,1,12,0.00108851,20.9551,21.9358,42.8909,1.16927,14.0313,0.603992,7.2479,1.82709,21.9251
"Armadillo",0.25,"Large",16,134042,155.994,48.6734,1298,"SparseICP PointToPlane (p=0.400000)",87.4657,14.1684,708.419,13.6806,1,2,0,0,4.7997,4.7997,0.632,1.264,1.7334,3.4668,2.39725,4.7945
"Armadillo",0.25,"Large",17,134043,146.681,53.3092,1298,"ESA+SparseICP PointToPlane (p=0.400000)",40.7587,0.904434,45.2217,0.0493669,1,12,0.00172645,20.2714,20.8531,41.1245,1.07127,12.8552,0.6087,7.3044,1.73696,20.8435
"Armadillo",0.25,"Large",17,134043,146.681,53.3092,1298,"SparseICP PointToPlane (p=0.400000)",174.595,1.17205,58.6025,0.068367,0,100,0,0,240.632,240.632,1.04838,104.838,1.33251,133.251,2.40612,240.612
"Armadillo",0.25,"Large",18,134044,172.817,55.6964,1298,"ESA+SparseICP PointToPlane (p=0.400000)",59.0757,0.745531,37.2766,0.0398533,1,11,0.001417,19.6566,16.0146,35.6712,0.814755,8.9623,0.586218,6.4484,1.45505,16.0056
"Armadillo",0.25,"Large",18,134044,172.817,55.6964,1298,"SparseICP PointToPlane (p=0.400000)",157.325,0.512502,25.6251,0.0619619,1,9,0,0,17.5071,17.5071,1.20488,10.8439,0.688244,6.1942,1.94449,17.5004
"Armadillo",0.25,"Large",19,134045,144.577,57.3316,1298,"ESA+SparseICP PointToPlane (p=0.400000)",0,4.03265e-05,0.00201632,0.000153255,1,4,0.00041548,20.9038,3.4647,24.3685,0.353775,1.4151,0.455625,1.8225,0.8641,3.4564
"Armadillo",0.25,"Large",19,134045,144.577,57.3316,1298,"SparseICP PointToPlane (p=0.400000)",178.832,7.303,365.15,6.00279,1,12,0,0,40.9301,40.9301,1.61757,19.4108,1.76021,21.1225,3.41027,40.9233
"Armadillo",1,"Identity",0,1102025,0,0,5190,"ESA+SparseICP PointToPlane (p=0.400000)",0,6.76993e-06,0.000338497,0.000157962,1,2,2.59535e-05,177.048,5.9445,182.993,0.8685,1.737,1.85815,3.7163,2.9572,5.9144
"Armadillo",1,"Identity",0,1102025,0,0,5190,"SparseICP PointToPlane (p=0.400000)",0,7.05274e-06,0.000352637,0.000158047,1,1,0,0,3.0839,3.0839,1.0159,1.0159,1.7973,1.7973,3.045,3.045
"Buddha",1,"Small",0,202026,14.1615,6.41024,10989,"ESA+SparseICP PointToPlane (p=0.400000)",0,3.13515e-06,0.000156758,7.94406e-05,1,2,3.4514e-05,367.193,25.8033,392.997,9.86865,19.7373,2.4324,4.8648,12.884,25.7679
"Buddha",1,"Small",0,202026,14.1615,6.41024,10989,"SparseICP PointToPlane (p=0.400000)",0.0279765,3.22641e-06,0.000161321,7.95412e-05,1,6,0,0,56.8264,56.8264,6.05732,36.3439,2.97558,17.8535,9.46598,56.7959
"Buddha",1,"Small",1,202027,16.8662,5.39699,10989,"ESA+SparseICP PointToPlane (p=0.400000)",0,3.43435e-06,0.000171717,7.92517e-05,1,2,3.25466e-05,324.749,13.5001,338.249,2.4389,4.8778,3.72275,7.4455,6.7281,13.4562
"Buddha",1,"Small",1,202027,16.8662,5.39699,10989,"SparseICP PointToPlane (p=0.400000)",0.0279765,3.32139e-06,0.00016607,7.93387e-05,1,6,0,0,52.0297,52.0297,5.43347,32.6008,2.79852,16.7911,8.6672,52.0032
"Buddha",1,"Small",2,202028,10.3666,5.06195,10989,"ESA+SparseICP PointToPlane (p=0.400000)",0,2.51591e-06,0.000125795,7.80348e-05,1,2,3.47604e-05,299.76,14.0885,313.849,2.6216,5.2432,3.8046,7.6092,7.0267,14.0534
"Buddha",1,"Small",2,202028,10.3666,5.06195,10989,"SparseICP PointToPlane (p=0.400000)",0,2.45982e-06,0.000122991,7.78388e-05,1,5,0,0,43.5819,43.5819,5.12024,25.6012,3.1447,15.7235,8.71048,43.5524
"Buddha",1,"Small",3,202029,18.8187,3.22581,10989,"ESA+SparseICP PointToPlane (p=0.400000)",0,2.33456e-06,0.000116728,8.2275e-05,1,2,3.56207e-05,313.825,13.7451,327.57,2.44615,4.8923,3.8201,7.6402,6.8546,13.7092
"Buddha",1,"Small",3,202029,18.8187,3.22581,10989,"SparseICP PointToPlane (p=0.400000)",0,1.9749e-06,9.8745e-05,8.20601e-05,1,6,0,0,55.1701,55.1701,5.53058,33.1835,3.23347,19.4008,9.18967,55.138
"Buddha",1,"Small",4,202030,10.9161,7.31017,10989,"ESA+SparseICP PointToPlane (p=0.400000)",0,2.80333e-06,0.000140166,7.9267e-05,1,2,3.2874e-05,294.976,13.9054,308.881,2.48865,4.9773,3.86345,7.7269,6.9341,13.8682
"Buddha",1,"Small",4,202030,10.9161,7.31017,10989,"SparseICP PointToPlane (p=0.400000)",0,3.1805e-06,0.000159025,7.92772e-05,1,5,0,0,47.4068,47.4068,5.88898,29.4449,3.14582,15.7291,9.47518,47.3759
"Buddha",1,"Small",5,202031,19.226,7.08138,10989,"ESA+SparseICP PointToPlane (p=0.400000)",0,6.17932e-06,0.000308966,7.50197e-05,1,2,3.16998e-05,316.147,13.9947,330.142,2.55275,5.1055,3.8375,7.675,6.9791,13.9582
"Buddha",1,"Small",5,202031,19.226,7.08138,10989,"SparseICP PointToPlane (p=0.400000)",0,7.4959e-06,0.000374795,7.5957e-05,1,6,0,0,61.8949,61.8949,6.90827,41.4496,3.0158,18.0948,10.3108,61.8645
"Buddha",1,"Small",6,202032,13.9065,3.34364,10989,"ESA+SparseICP PointToPlane (p=0.400000)",0,2.74808e-06,0.000137404,7.86152e-05,1,2,3.29183e-05,314.676,13.7523,328.428,2.4292,4.8584,3.8527,7.7054,6.8584,13.7168
"Buddha",1,"Small",6,202032,13.9065,3.34364,10989,"SparseICP PointToPlane (p=0.400000)",0,2.84066e-06,0.000142033,7.86415e-05,1,5,0,0,45.6554,45.6554,5.27744,26.3872,3.38114,16.9057,9.12502,45.6251
"Buddha",1,"Small",7,202033,14.2856,4.36875,10989,"ESA+SparseICP PointToPlane (p=0.400000)",0,5.07344e-06,0.000253672,7.89566e-05,1,2,3.37402e-05,322.252,12.8837,335.135,2.8058,5.6116,3.13215,6.2643,6.42405,12.8481
"Buddha",1,"Small",7,202033,14.2856,4.36875,10989,"SparseICP PointToPlane (p=0.400000)",0,5.00281e-06,0.00025014,7.89338e-05,1,5,0,0,39.1406,39.1406,4.81678,24.0839,2.62038,13.1019,7.82192,39.1096
"Buddha",1,"Small",8,202034,15.7583,6.52973,10989,"ESA+SparseICP PointToPlane (p=0.400000)",0,3.82855e-06,0.000191427,7.8105e-05,1,2,3.24373e-05,318.413,14.2268,332.64,2.65905,5.3181,3.85435,7.7087,7.0952,14.1904
"Buddha",1,"Small",8,202034,15.7583,6.52973,10989,"SparseICP PointToPlane (p=0.400000)",0,3.43327e-06,0.000171664,7.96097e-05,1,6,0,0,61.4132,61.4132,5.8858,35.3148,3.77118,22.6271,10.2303,61.3819
"Buddha",1,"Small",9,202035,19.7903,3.90712,10989,"ESA+SparseICP PointToPlane (p=0.400000)",0,4.20968e-06,0.000210484,7.94324e-05,1,2,3.14816e-05,322.559,13.9482,336.507,2.55435,5.1087,3.80265,7.6053,6.9543,13.9086
"Buddha",1,"Small",9,202035,19.7903,3.90712,10989,"SparseICP PointToPlane (p=0.400000)",0.0279765,3.58086e-06,0.000179043,7.95325e-05,1,5,0,0,44.3327,44.3327,5.80544,29.0272,2.68368,13.4184,8.85932,44.2966
"Buddha",1,"Small",10,202036,18.9912,3.72692,10989,"ESA+SparseICP PointToPlane (p=0.400000)",0,4.7147e-06,0.000235735,7.79909e-05,1,2,3.32074e-05,332.598,12.83,345.428,2.57965,5.1593,3.3394,6.6788,6.3978,12.7956
"Buddha",1,"Small",10,202036,18.9912,3.72692,10989,"SparseICP PointToPlane (p=0.400000)",0,5.45822e-06,0.000272911,7.803e-05,1,5,0,0,43.2609,43.2609,5.5045,27.5225,2.7324,13.662,8.64624,43.2312
"Buddha",1,"Small",11,202037,17.5007,4.90266,10989,"ESA+SparseICP PointToPlane (p=0.400000)",0,5.75688e-06,0.000287844,7.73088e-05,1,2,3.47881e-05,269.236,14.0204,283.256,2.5487,5.0974,3.8048,7.6096,6.99275,13.9855
"Buddha",1,"Small",11,202037,17.5007,4.90266,10989,"SparseICP PointToPlane (p=0.400000)",0,4.87361e-06,0.000243681,7.84817e-05,1,6,0,0,61.6894,61.6894,6.42575,38.5545,3.36278,20.1767,10.2754,61.6526
"Buddha",1,"Small",12,202038,10.0026,7.47155,10989,"ESA+SparseICP PointToPlane (p=0.400000)",0,2.41108e-06,0.000120554,7.73738e-05,1,2,3.54351e-05,318.512,14.1848,332.697,2.71855,5.4371,3.7711,7.5422,7.0692,14.1384
"Buddha",1,"Small",12,202038,10.0026,7.47155,10989,"SparseICP PointToPlane (p=0.400000)",0,2.78513e-06,0.000139256,7.72397e-05,1,6,0,0,56.1958,56.1958,6.05545,36.3327,2.91033,17.462,9.36073,56.1644
"Buddha",1,"Small",13,202039,11.3365,4.54808,10989,"ESA+SparseICP PointToPlane (p=0.400000)",0,2.15254e-06,0.000107627,8.28498e-05,1,2,3.39558e-05,289.946,13.8248,303.77,2.4242,4.8484,3.8659,7.7318,6.89435,13.7887
"Buddha",1,"Small",13,202039,11.3365,4.54808,10989,"SparseICP PointToPlane (p=0.400000)",0.0279765,2.03731e-06,0.000101865,8.27335e-05,1,5,0,0,44.5653,44.5653,5.02484,25.1242,3.39248,16.9624,8.90694,44.5347
"Buddha",1,"Small",14,202040,12.6231,7.892,10989,"ESA+SparseICP PointToPlane (p=0.400000)",0.0279765,3.23109e-06,0.000161554,7.75645e-05,1,2,3.33482e-05,328.538,11.5144,340.053,2.67505,5.3501,2.6912,5.3824,5.73985,11.4797
"Buddha",1,"Small",14,202040,12.6231,7.892,10989,"SparseICP PointToPlane (p=0.400000)",0,3.03115e-06,0.000151558,7.70391e-05,1,5,0,0,45.4376,45.4376,6.04078,30.2039,2.68108,13.4054,9.08148,45.4074
"Buddha",1,"Small",15,202041,14.0257,7.39671,10989,"ESA+SparseICP PointToPlane (p=0.400000)",0,5.03882e-06,0.000251941,7.68265e-05,1,2,3.44235e-05,288.79,13.9727,302.763,2.5235,5.047,3.8276,7.6552,6.9605,13.921
"Buddha",1,"Small",15,202041,14.0257,7.39671,10989,"SparseICP PointToPlane (p=0.400000)",0,4.73382e-06,0.000236691,7.69724e-05,1,6,0,0,65.9162,65.9162,6.58165,39.4899,3.86967,23.218,10.9806,65.8835
"Buddha",1,"Small",16,202042,11.7295,4.93549,10989,"ESA+SparseICP PointToPlane (p=0.400000)",0,5.6157e-06,0.000280785,7.65037e-05,1,2,3.88345e-05,321.92,13.6089,335.529,2.41845,4.8369,3.786,7.572,6.78685,13.5737
"Buddha",1,"Small",16,202042,11.7295,4.93549,10989,"SparseICP PointToPlane (p=0.400000)",0,5.33501e-06,0.00026675,7.64511e-05,1,5,0,0,50.9553,50.9553,5.7884,28.942,3.8583,19.2915,10.1849,50.9243
"Buddha",1,"Small",17,202043,10.8711,7.06781,10989,"ESA+SparseICP PointToPlane (p=0.400000)",0,1.20649e-06,6.03244e-05,9.81829e-05,1,2,3.82235e-05,324.287,13.9006,338.188,2.5464,5.0928,3.8082,7.6164,6.9326,13.8652
"Buddha",1,"Small",17,202043,10.8711,7.06781,10989,"SparseICP PointToPlane (p=0.400000)",0,1.39488e-06,6.97438e-05,9.99836e-05,1,5,0,0,45.4154,45.4154,5.81716,29.0858,2.84762,14.2381,9.07696,45.3848
"Buddha",1,"Small",18,202044,15.5575,4.92935,10989,"ESA+SparseICP PointToPlane (p=0.400000)",0,2.69262e-06,0.000134631,7.68386e-05,1,2,3.71197e-05,316.088,13.7584,329.847,2.3935,4.787,3.87145,7.7429,6.8582,13.7164
"Buddha",1,"Small",18,202044,15.5575,4.92935,10989,"SparseICP PointToPlane (p=0.400000)",0,2.8186e-06,0.00014093,7.70594e-05,1,6,0,0,52.2668,52.2668,5.41172,32.4703,2.89405,17.3643,8.7056,52.2336
"Buddha",1,"Small",19,202045,11.3644,4.57502,10989,"ESA+SparseICP PointToPlane (p=0.400000)",0,5.29912e-06,0.000264956,7.61382e-05,1,2,3.46354e-05,305.466,13.6196,319.085,2.36055,4.7211,3.8479,7.6958,6.7902,13.5804
"Buddha",1,"Small",19,202045,11.3644,4.57502,10989,"SparseICP PointToPlane (p=0.400000)",0,5.15736e-06,0.000257868,7.77042e-05,1,5,0,0,44.9917,44.9917,5.16844,25.8422,3.33192,16.6596,8.99246,44.9623
"Buddha",1,"Medium",0,203026,52.8914,20.3009,10989,"ESA+SparseICP PointToPlane (p=0.400000)",0,6.24097e-06,0.000312049,8.12291e-05,1,2,3.8781e-05,313.899,15.0388,328.938,3.0197,6.0394,3.878,7.756,7.5022,15.0044
"Buddha",1,"Medium",0,203026,52.8914,20.3009,10989,"SparseICP PointToPlane (p=0.400000)",122.51,0.672937,33.6468,0.889929,0,100,0,0,2620.33,2620.33,13.8984,1389.84,12.1537,1215.37,26.2028,2620.28
"Buddha",1,"Medium",1,203027,45.1511,23.9327,10989,"ESA+SparseICP PointToPlane (p=0.400000)",0,5.73439e-06,0.00028672,7.60938e-05,1,9,0.00161839,304.47,77.1318,381.602,5.08774,45.7897,3.05121,27.4609,8.56558,77.0902
"Buddha",1,"Medium",1,203027,45.1511,23.9327,10989,"SparseICP PointToPlane (p=0.400000)",0.0279765,5.35273e-06,0.000267637,7.63885e-05,1,9,0,0,100.552,100.552,7.48256,67.343,3.35711,30.214,11.1681,100.513
"Buddha",1,"Medium",2,203028,45.9502,16.376,10989,"ESA+SparseICP PointToPlane (p=0.400000)",0,5.23184e-06,0.000261592,7.57944e-05,1,2,3.79882e-05,300.375,13.9445,314.32,2.4599,4.9198,3.9155,7.831,6.95465,13.9093
"Buddha",1,"Medium",2,203028,45.9502,16.376,10989,"SparseICP PointToPlane (p=0.400000)",0,7.12198e-06,0.000356099,7.58152e-05,1,10,0,0,115.894,115.894,7.70047,77.0047,3.50975,35.0975,11.586,115.86
"Buddha",1,"Medium",3,203029,76.7734,22.617,10989,"ESA+SparseICP PointToPlane (p=0.400000)",0,5.90646e-06,0.000295323,7.49193e-05,1,6,0.000455024,292.483,46.9739,339.457,4.22838,25.3703,3.13583,18.815,7.82223,46.9334
"Buddha",1,"Medium",3,203029,76.7734,22.617,10989,"SparseICP PointToPlane (p=0.400000)",112.328,7.9905,399.525,7.65572,0,100,0,0,3232.99,3232.99,19.7674,1976.74,12.4111,1241.11,32.3292,3232.92
"Buddha",1,"Medium",4,203030,55.0663,20.4694,10989,"ESA+SparseICP PointToPlane (p=0.400000)",0,5.28376e-06,0.000264188,8.18343e-05,1,2,3.64969e-05,288.975,13.8185,302.794,2.4899,4.9798,3.8226,7.6452,6.89125,13.7825
"Buddha",1,"Medium",4,203030,55.0663,20.4694,10989,"SparseICP PointToPlane (p=0.400000)",167.718,17.3657,868.287,15.8609,1,6,0,0,193.515,193.515,20.6555,123.933,11.3873,68.3236,32.2474,193.484
"Buddha",1,"Medium",5,203031,59.3229,26.0974,10989,"ESA+SparseICP PointToPlane (p=0.400000)",0,6.51589e-06,0.000325795,7.65932e-05,1,3,4.47484e-05,318.903,20.2961,339.199,2.8347,8.5041,3.4023,10.2069,6.75347,20.2604
"Buddha",1,"Medium",5,203031,59.3229,26.0974,10989,"SparseICP PointToPlane (p=0.400000)",0,5.90827e-06,0.000295413,7.6597e-05,1,26,0,0,644.798,644.798,16.4974,428.934,8.06613,209.72,24.7981,644.752
"Buddha",1,"Medium",6,203032,63.4798,18.8728,10989,"ESA+SparseICP PointToPlane (p=0.400000)",0,2.14964e-06,0.000107482,7.39626e-05,1,4,7.59026e-05,311.454,30.1972,341.651,3.12747,12.5099,3.81822,15.2729,7.54025,30.161
"Buddha",1,"Medium",6,203032,63.4798,18.8728,10989,"SparseICP PointToPlane (p=0.400000)",0,1.64404e-06,8.22018e-05,7.43551e-05,1,11,0,0,116.536,116.536,7.11708,78.2879,3.12353,34.3588,10.5896,116.486
"Buddha",1,"Medium",7,203033,70.4738,18.2828,10989,"ESA+SparseICP PointToPlane (p=0.400000)",0,8.60663e-07,4.30331e-05,7.58831e-05,1,2,3.68481e-05,295.717,14.0741,309.791,2.6173,5.2346,3.82595,7.6519,7.01985,14.0397
"Buddha",1,"Medium",7,203033,70.4738,18.2828,10989,"SparseICP PointToPlane (p=0.400000)",0,9.81782e-07,4.90891e-05,7.66041e-05,1,19,0,0,357.049,357.049,12.3211,234.1,6.18674,117.548,18.79,357.01
"Buddha",1,"Medium",8,203034,64.7055,16.7924,10989,"ESA+SparseICP PointToPlane (p=0.400000)",0,4.39723e-06,0.000219862,7.73019e-05,1,3,3.92793e-05,282.529,21.1726,303.701,2.66207,7.9862,3.79517,11.3855,7.04553,21.1366
"Buddha",1,"Medium",8,203034,64.7055,16.7924,10989,"SparseICP PointToPlane (p=0.400000)",0.0279765,4.19251e-06,0.000209625,7.74783e-05,1,13,0,0,136.97,136.97,6.95135,90.3676,3.20155,41.6202,10.5334,136.934
"Buddha",1,"Medium",9,203035,86.4356,28.5434,10989,"ESA+SparseICP PointToPlane (p=0.400000)",0,2.9118e-06,0.00014559,7.76369e-05,1,4,0.000127536,301.132,30.1951,331.327,3.11422,12.4569,3.8445,15.378,7.53938,30.1575
"Buddha",1,"Medium",9,203035,86.4356,28.5434,10989,"SparseICP PointToPlane (p=0.400000)",178.528,0.817874,40.8937,0.0788036,1,26,0,0,480.074,480.074,12.2124,317.522,5.97679,155.397,18.4628,480.034
"Buddha",1,"Medium",10,203036,51.4741,28.1281,10989,"ESA+SparseICP PointToPlane (p=0.400000)",0,3.02473e-06,0.000151236,7.73011e-05,1,3,3.7617e-05,287.687,22.0672,309.754,2.95327,8.8598,3.8036,11.4108,7.34397,22.0319
"Buddha",1,"Medium",10,203036,51.4741,28.1281,10989,"SparseICP PointToPlane (p=0.400000)",0,2.64893e-06,0.000132447,7.77489e-05,1,11,0,0,135.898,135.898,8.4843,93.3273,3.52605,38.7865,12.3515,135.866
"Buddha",1,"Medium",11,203037,64.6759,19.5065,10989,"ESA+SparseICP PointToPlane (p=0.400000)",170.403,0.726936,36.3468,0.0408535,1,3,0.00180669,290.103,44.873,334.976,9.67787,29.0336,4.7228,14.1684,14.9465,44.8396
"Buddha",1,"Medium",11,203037,64.6759,19.5065,10989,"SparseICP PointToPlane (p=0.400000)",0,1.16568e-05,0.00058284,7.50749e-05,1,16,0,0,178.391,178.391,7.53249,120.52,3.26474,52.2358,11.1457,178.331
"Buddha",1,"Medium",12,203038,50.1718,29.414,10989,"ESA+SparseICP PointToPlane (p=0.400000)",0,3.72627e-06,0.000186314,7.80991e-05,1,7,0.00083716,298.827,64.5203,363.347,4.67271,32.709,3.96126,27.7288,9.21181,64.4827
"Buddha",1,"Medium",12,203038,50.1718,29.414,10989,"SparseICP PointToPlane (p=0.400000)",0.0279765,4.09988e-06,0.000204994,7.82668e-05,1,7,0,0,80.4314,80.4314,7.73364,54.1355,3.41051,23.8736,11.4837,80.386
"Buddha",1,"Medium",13,203039,72.3953,21.1476,10989,"ESA+SparseICP PointToPlane (p=0.400000)",0.0279765,3.63758e-06,0.000181879,7.79257e-05,1,2,3.50842e-05,297.872,13.6331,311.505,2.3744,4.7488,3.84365,7.6873,6.7991,13.5982
"Buddha",1,"Medium",13,203039,72.3953,21.1476,10989,"SparseICP PointToPlane (p=0.400000)",168.422,0.363183,18.1592,0.0424435,1,33,0,0,903.62,903.62,17.0992,564.274,10.0813,332.685,27.3812,903.581
"Buddha",1,"Medium",14,203040,65.5986,24.0163,10989,"ESA+SparseICP PointToPlane (p=0.400000)",0,3.74147e-06,0.000187073,7.82435e-05,1,4,0.000140091,292.377,31.5855,323.963,3.51708,14.0683,3.79225,15.169,7.887,31.548
"Buddha",1,"Medium",14,203040,65.5986,24.0163,10989,"SparseICP PointToPlane (p=0.400000)",0,3.70677e-06,0.000185338,7.8351e-05,1,7,0,0,72.2712,72.2712,6.65386,46.577,3.32739,23.2917,10.3201,72.2408
"Buddha",1,"Medium",15,203041,58.9289,17.1102,10989,"ESA+SparseICP PointToPlane (p=0.400000)",0.0279765,3.6492e-06,0.00018246,7.63197e-05,1,3,4.06534e-05,297.885,20.3113,318.196,2.87147,8.6144,3.35887,10.0766,6.75563,20.2669
"Buddha",1,"Medium",15,203041,58.9289,17.1102,10989,"SparseICP PointToPlane (p=0.400000)",0,4.05347e-06,0.000202674,7.63344e-05,1,7,0,0,83.8103,83.8103,8.17377,57.2164,3.46107,24.2275,11.9686,83.7799
"Buddha",1,"Medium",16,203042,59.5291,22.6966,10989,"ESA+SparseICP PointToPlane (p=0.400000)",0,1.07689e-05,0.000538444,7.49141e-05,1,3,3.75727e-05,308.803,20.7049,329.508,2.47913,7.4374,3.80803,11.4241,6.88663,20.6599
"Buddha",1,"Medium",16,203042,59.5291,22.6966,10989,"SparseICP PointToPlane (p=0.400000)",162.339,0.845179,42.2589,0.0410762,1,93,0,0,3346.86,3346.86,23.8679,2219.71,11.9647,1112.72,35.9871,3346.8
"Buddha",1,"Medium",17,203043,60.5762,18.8729,10989,"ESA+SparseICP PointToPlane (p=0.400000)",0,2.73991e-06,0.000136995,8.01982e-05,1,4,0.000119832,307.405,29.1136,336.519,3.25432,13.0173,3.4911,13.9644,7.26947,29.0779
"Buddha",1,"Medium",17,203043,60.5762,18.8729,10989,"SparseICP PointToPlane (p=0.400000)",0,2.39209e-06,0.000119604,8.00156e-05,1,9,0,0,101.328,101.328,7.68163,69.1347,3.23991,29.1592,11.2539,101.285
"Buddha",1,"Medium",18,203044,64.7793,18.1268,10989,"ESA+SparseICP PointToPlane (p=0.400000)",0,5.20466e-06,0.000260233,8.47437e-05,1,2,3.46202e-05,325.748,14.2811,340.029,2.4459,4.8918,4.0339,8.0678,7.1223,14.2446
"Buddha",1,"Medium",18,203044,64.7793,18.1268,10989,"SparseICP PointToPlane (p=0.400000)",133.347,0.493694,24.6847,0.0423473,1,22,0,0,359.144,359.144,10.6864,235.101,5.32801,117.216,16.3193,359.024
"Buddha",1,"Medium",19,203045,47.7486,18.1185,10989,"ESA+SparseICP PointToPlane (p=0.400000)",0,2.58663e-06,0.000129331,8.05046e-05,1,3,5.08439e-05,302.899,20.7471,323.647,2.7959,8.3877,3.5376,10.6128,6.9029,20.7087
"Buddha",1,"Medium",19,203045,47.7486,18.1185,10989,"SparseICP PointToPlane (p=0.400000)",0,3.09862e-06,0.000154931,8.0402e-05,1,8,0,0,79.7148,79.7148,6.13386,49.0709,3.42284,27.3827,9.9605,79.684
"Buddha",1,"Large",0,204026,172.773,40.5935,10989,"ESA+SparseICP PointToPlane (p=0.400000)",0,1.86827e-05,0.000934133,8.08025e-05,1,7,0.0010131,282.742,65.5277,348.269,5.04123,35.2886,3.7807,26.4649,9.35554,65.4888
"Buddha",1,"Large",0,204026,172.773,40.5935,10989,"SparseICP PointToPlane (p=0.400000)",179.972,1.61703,80.8517,0.0792729,1,30,0,0,404.215,404.215,9.06982,272.095,4.06493,121.948,13.4715,404.146
"Buddha",1,"Large",1,204027,148.668,42.959,10989,"ESA+SparseICP PointToPlane (p=0.400000)",157.435,1.60804,80.4018,0.0410098,1,5,0.00168851,304.428,71.9116,376.34,9.69286,48.4643,4.22662,21.1331,14.3746,71.8731
"Buddha",1,"Large",1,204027,148.668,42.959,10989,"SparseICP PointToPlane (p=0.400000)",126.224,1.44472,72.2359,0.0431768,1,47,0,0,1007.43,1007.43,13.5835,638.423,7.60308,357.345,21.4333,1007.36
"Buddha",1,"Large",2,204028,166.288,46.3335,10989,"ESA+SparseICP PointToPlane (p=0.400000)",0,6.69631e-06,0.000334816,7.98413e-05,1,3,4.79282e-05,290.49,22.366,312.856,3.0145,9.0435,3.84627,11.5388,7.44303,22.3291
"Buddha",1,"Large",2,204028,166.288,46.3335,10989,"SparseICP PointToPlane (p=0.400000)",106.818,5.60207,280.104,6.09586,0,100,0,0,4110.89,4110.89,28.4666,2846.66,12.4911,1249.11,41.1083,4110.83
"Buddha",1,"Large",3,204029,159.757,68.5953,10989,"ESA+SparseICP PointToPlane (p=0.400000)",0,8.02989e-06,0.000401494,7.66817e-05,1,5,0.000241377,256.279,37.4052,293.684,3.62998,18.1499,3.3281,16.6405,7.47332,37.3666
"Buddha",1,"Large",3,204029,159.757,68.5953,10989,"SparseICP PointToPlane (p=0.400000)",143.935,1.36888,68.444,0.0443214,1,31,0,0,416.782,416.782,9.22699,286.037,3.8674,119.889,13.4432,416.74
"Buddha",1,"Large",4,204030,128.077,64.8547,10989,"ESA+SparseICP PointToPlane (p=0.400000)",179.224,2.25421,112.711,0.0761339,1,14,0.0301316,255.971,218.222,474.193,10.5004,147.006,4.74179,66.3851,15.5843,218.18
"Buddha",1,"Large",4,204030,128.077,64.8547,10989,"SparseICP PointToPlane (p=0.400000)",177.241,2.60538,130.269,0.0771128,1,39,0,0,559.853,559.853,9.64948,376.33,4.39058,171.233,14.3536,559.791
"Buddha",1,"Large",5,204031,124.375,62.4927,10989,"ESA+SparseICP PointToPlane (p=0.400000)",0,2.62337e-05,0.00131168,7.82217e-05,1,3,5.30214e-05,293.81,21.7929,315.603,2.8571,8.5713,3.81113,11.4334,7.2481,21.7443
"Buddha",1,"Large",5,204031,124.375,62.4927,10989,"SparseICP PointToPlane (p=0.400000)",179.616,2.45972,122.986,0.07996,1,92,0,0,1839.85,1839.85,11.489,1056.98,8.27546,761.342,19.9977,1839.79
"Buddha",1,"Large",6,204032,140.593,59.0856,10989,"ESA+SparseICP PointToPlane (p=0.400000)",132.748,1.20529,60.2646,0.0423896,1,4,0.00180605,281.063,53.9885,335.052,8.8975,35.59,4.09877,16.3951,13.4865,53.9459
"Buddha",1,"Large",6,204032,140.593,59.0856,10989,"SparseICP PointToPlane (p=0.400000)",175.276,2.35102,117.551,0.0781077,1,8,0,0,140.583,140.583,12.3761,99.009,4.91079,39.2863,17.567,140.536
"Buddha",1,"Large",7,204033,122.004,54.5342,10989,"ESA+SparseICP PointToPlane (p=0.400000)",135.932,1.91699,95.8495,0.0451905,0,25,0.00374585,268.976,312.588,581.563,8.39751,209.938,3.72933,93.2333,12.5016,312.541
"Buddha",1,"Large",7,204033,122.004,54.5342,10989,"SparseICP PointToPlane (p=0.400000)",152.723,2.03475,101.738,0.0433887,1,24,0,0,340.109,340.109,9.98238,239.577,3.85691,92.5658,14.1688,340.052
"Buddha",1,"Large",8,204034,129.823,43.2089,10989,"ESA+SparseICP PointToPlane (p=0.400000)",0.0279765,1.2832e-05,0.000641602,7.83477e-05,1,3,4.75847e-05,262.469,21.473,283.942,2.73757,8.2127,3.81573,11.4472,7.14557,21.4367
"Buddha",1,"Large",8,204034,129.823,43.2089,10989,"SparseICP PointToPlane (p=0.400000)",0,1.34309e-05,0.000671545,7.90376e-05,1,69,0,0,1870.75,1870.75,16.5089,1139.11,10.4091,718.226,27.1117,1870.7
"Buddha",1,"Large",9,204035,172.946,50.4387,10989,"ESA+SparseICP PointToPlane (p=0.400000)",0.0279765,1.77235e-05,0.000886175,7.7844e-05,1,9,0.0011783,268.059,83.0298,351.089,5.19206,46.7285,3.52146,31.6931,9.22123,82.9911
"Buddha",1,"Large",9,204035,172.946,50.4387,10989,"SparseICP PointToPlane (p=0.400000)",178.636,0.807115,40.3558,0.0734228,1,27,0,0,389.181,389.181,9.88039,266.771,4.21239,113.734,14.412,389.123
"Buddha",1,"Large",10,204036,134.138,44.9399,10989,"ESA+SparseICP PointToPlane (p=0.400000)",0,3.42517e-06,0.000171259,8.05714e-05,1,3,4.22601e-05,311.971,19.7931,331.764,2.5839,7.7517,3.46213,10.3864,6.58583,19.7575
"Buddha",1,"Large",10,204036,134.138,44.9399,10989,"SparseICP PointToPlane (p=0.400000)",84.1293,2.43666,121.833,1.1062,0,100,0,0,2818.23,2818.23,15.9569,1595.69,12.0716,1207.16,28.1817,2818.17
"Buddha",1,"Large",11,204037,153.299,63.2566,10989,"ESA+SparseICP PointToPlane (p=0.400000)",0,2.06772e-05,0.00103386,8.15074e-05,1,3,9.31115e-05,290.924,20.3938,311.318,3.3689,10.1067,2.97433,8.923,6.78587,20.3576
"Buddha",1,"Large",11,204037,153.299,63.2566,10989,"SparseICP PointToPlane (p=0.400000)",178.855,1.93751,96.8754,0.0749757,1,23,0,0,366.467,366.467,10.8908,250.489,4.74288,109.086,15.9317,366.428
"Buddha",1,"Large",12,204038,147.847,66.6445,10989,"ESA+SparseICP PointToPlane (p=0.400000)",165.031,2.59605,129.803,0.0421858,1,13,0.0124972,259.997,178.073,438.07,9.39666,122.157,3.90048,50.7062,13.6948,178.032
"Buddha",1,"Large",12,204038,147.847,66.6445,10989,"SparseICP PointToPlane (p=0.400000)",142.708,2.48372,124.186,0.0446472,1,37,0,0,768.05,768.05,13.559,501.683,6.93629,256.643,20.7568,768.002
"Buddha",1,"Large",13,204039,121.021,51.5067,10989,"ESA+SparseICP PointToPlane (p=0.400000)",0.0395647,1.34604e-05,0.00067302,8.05733e-05,1,8,0.000918812,260.321,71.2922,331.613,5.2479,41.9832,3.20431,25.6345,8.90554,71.2443
"Buddha",1,"Large",13,204039,121.021,51.5067,10989,"SparseICP PointToPlane (p=0.400000)",79.4113,0.90069,45.0345,0.0516666,1,55,0,0,1321.08,1321.08,13.1382,722.601,10.7013,588.572,24.0184,1321.01
"Buddha",1,"Large",14,204040,179.68,52.6431,10989,"ESA+SparseICP PointToPlane (p=0.400000)",0,5.15503e-06,0.000257751,7.6376e-05,1,6,0.00119535,279.909,53.7274,333.636,4.4693,26.8158,3.90427,23.4256,8.94848,53.6909
"Buddha",1,"Large",14,204040,179.68,52.6431,10989,"SparseICP PointToPlane (p=0.400000)",179.361,1.87536,93.7682,0.0764404,1,40,0,0,746.24,746.24,11.434,457.361,6.96054,278.422,18.6547,746.19
"Buddha",1,"Large",15,204041,177.553,59.1925,10989,"ESA+SparseICP PointToPlane (p=0.400000)",0.0395647,1.32345e-06,6.61723e-05,8.02093e-05,1,3,9.75764e-05,310.911,21.7223,332.633,3.31507,9.9452,3.40077,10.2023,7.22747,21.6824
"Buddha",1,"Large",15,204041,177.553,59.1925,10989,"SparseICP PointToPlane (p=0.400000)",160.961,11.5556,577.781,10.2028,1,2,0,0,48.7729,48.7729,11.4139,22.8279,12.7353,25.4705,24.3719,48.7437
"Buddha",1,"Large",16,204042,136.452,49.2332,10989,"ESA+SparseICP PointToPlane (p=0.400000)",130.091,1.70066,85.0328,0.0428681,1,22,0.00184007,286.501,272.923,559.423,8.4521,185.946,3.57646,78.6821,12.4035,272.877
"Buddha",1,"Large",16,204042,136.452,49.2332,10989,"SparseICP PointToPlane (p=0.400000)",178.885,1.13334,56.6671,0.0740927,1,32,0,0,563.875,563.875,11.5156,368.499,5.82331,186.346,17.6198,563.832
"Buddha",1,"Large",17,204043,158.099,42.3852,10989,"ESA+SparseICP PointToPlane (p=0.400000)",0,6.123e-06,0.00030615,7.49563e-05,1,7,0.00120369,287.334,61.7459,349.08,5.24541,36.7179,3.1279,21.8953,8.81343,61.694
"Buddha",1,"Large",17,204043,158.099,42.3852,10989,"SparseICP PointToPlane (p=0.400000)",178.332,1.60822,80.4108,0.0790962,1,63,0,0,856.514,856.514,9.13627,575.585,4.14002,260.821,13.5944,856.444
"Buddha",1,"Large",18,204044,155.641,64.1696,10989,"ESA+SparseICP PointToPlane (p=0.400000)",133.502,0.723104,36.1552,0.0422576,1,15,0.0020954,326.125,185.863,511.988,8.52229,127.834,3.49921,52.4881,12.3857,185.785
"Buddha",1,"Large",18,204044,155.641,64.1696,10989,"SparseICP PointToPlane (p=0.400000)",160.876,0.758014,37.9007,0.0411093,1,11,0,0,206.312,206.312,12.8684,141.552,5.61029,61.7132,18.752,206.272
"Buddha",1,"Large",19,204045,163.625,44.2969,10989,"ESA+SparseICP PointToPlane (p=0.400000)",0,6.83046e-06,0.000341523,7.80728e-05,1,3,5.23748e-05,274.428,21.9493,296.377,2.91767,8.753,3.80977,11.4293,7.30507,21.9152
"Buddha",1,"Large",19,204045,163.625,44.2969,10989,"SparseICP PointToPlane (p=0.400000)",178.091,1.67616,83.8081,0.0744037,1,7,0,0,110.709,110.709,10.1899,71.3294,5.30079,37.1055,15.8112,110.678
"Buddha",0.75,"Small",0,212026,10.1177,5.283,8242,"ESA+SparseICP PointToPlane (p=0.400000)",0,1.24227e-05,0.000621133,7.91059e-05,1,2,3.29175e-05,204.923,10.0503,214.973,1.68385,3.3677,2.87255,5.7451,5.0062,10.0124
"Buddha",0.75,"Small",0,212026,10.1177,5.283,8242,"SparseICP PointToPlane (p=0.400000)",0,1.23709e-05,0.000618543,7.92441e-05,1,5,0,0,35.9417,35.9417,3.77324,18.8662,2.9857,14.9285,7.18342,35.9171
"Buddha",0.75,"Small",1,212027,18.5885,3.75907,8242,"ESA+SparseICP PointToPlane (p=0.400000)",0,8.30552e-06,0.000415276,7.84982e-05,1,2,3.41635e-05,201.241,11.0485,212.29,2.1897,4.3794,2.87705,5.7541,5.5002,11.0004
"Buddha",0.75,"Small",1,212027,18.5885,3.75907,8242,"SparseICP PointToPlane (p=0.400000)",0,7.81956e-06,0.000390978,7.91954e-05,1,6,0,0,45.0035,45.0035,4.0973,24.5838,2.99678,17.9807,7.49605,44.9763
"Buddha",0.75,"Small",2,212028,10.4072,5.5647,8242,"ESA+SparseICP PointToPlane (p=0.400000)",0,1.02309e-05,0.000511547,8.00642e-05,1,2,3.30528e-05,206.055,10.1521,216.207,1.65335,3.3067,2.9003,5.8006,5.05495,10.1099
"Buddha",0.75,"Small",2,212028,10.4072,5.5647,8242,"SparseICP PointToPlane (p=0.400000)",0,9.9112e-06,0.00049556,7.93778e-05,1,5,0,0,35.3037,35.3037,3.67202,18.3601,2.96542,14.8271,7.05576,35.2788
"Buddha",0.75,"Small",3,212029,10.726,5.9933,8242,"ESA+SparseICP PointToPlane (p=0.400000)",0,7.23333e-06,0.000361667,8.02895e-05,1,2,3.14952e-05,186.196,10.2408,196.437,1.71195,3.4239,2.8758,5.7516,5.09205,10.1841
"Buddha",0.75,"Small",3,212029,10.726,5.9933,8242,"SparseICP PointToPlane (p=0.400000)",0,6.99441e-06,0.000349721,7.96515e-05,1,6,0,0,44.5807,44.5807,3.97297,23.8378,3.03985,18.2391,7.42587,44.5552
"Buddha",0.75,"Small",4,212030,10.1491,7.33202,8242,"ESA+SparseICP PointToPlane (p=0.400000)",176.398,0.287277,14.3639,0.0678638,1,8,0.00426163,205.785,84.9703,290.755,6.80127,54.4102,3.47772,27.8218,10.6156,84.9249
"Buddha",0.75,"Small",4,212030,10.1491,7.33202,8242,"SparseICP PointToPlane (p=0.400000)",0,6.80433e-06,0.000340216,7.46369e-05,1,5,0,0,28.628,28.628,3.49908,17.4954,1.95092,9.7546,5.71918,28.5959
"Buddha",0.75,"Small",5,212031,17.5425,7.08572,8242,"ESA+SparseICP PointToPlane (p=0.400000)",0,1.11542e-05,0.000557712,8.21603e-05,1,2,3.17107e-05,216.444,9.9708,226.415,1.6603,3.3206,2.8723,5.7446,4.9672,9.9344
"Buddha",0.75,"Small",5,212031,17.5425,7.08572,8242,"SparseICP PointToPlane (p=0.400000)",0.0279765,1.11473e-05,0.000557366,8.20452e-05,1,7,0,0,52.1671,52.1671,4.4787,31.3509,2.64251,18.4976,7.44859,52.1401
"Buddha",0.75,"Small",6,212032,13.7108,5.65115,8242,"ESA+SparseICP PointToPlane (p=0.400000)",0,1.12666e-05,0.000563332,7.64878e-05,1,2,3.35096e-05,204.105,10.3065,214.412,1.83895,3.6779,2.86585,5.7317,5.13495,10.2699
"Buddha",0.75,"Small",6,212032,13.7108,5.65115,8242,"SparseICP PointToPlane (p=0.400000)",0,1.14178e-05,0.000570889,7.6647e-05,1,6,0,0,42.8809,42.8809,3.8643,23.1858,2.8703,17.2218,7.14213,42.8528
"Buddha",0.75,"Small",7,212033,10.9458,4.05279,8242,"ESA+SparseICP PointToPlane (p=0.400000)",0,8.29343e-06,0.000414671,7.70166e-05,1,2,3.58313e-05,220.802,10.224,231.026,1.73625,3.4725,2.8685,5.737,5.08995,10.1799
"Buddha",0.75,"Small",7,212033,10.9458,4.05279,8242,"SparseICP PointToPlane (p=0.400000)",0,8.05354e-06,0.000402677,7.69943e-05,1,5,0,0,33.0501,33.0501,3.23364,16.1682,2.94676,14.7338,6.60504,33.0252
"Buddha",0.75,"Small",8,212034,15.2282,4.63075,8242,"ESA+SparseICP PointToPlane (p=0.400000)",0,7.73064e-06,0.000386532,7.66994e-05,1,2,3.37049e-05,218.553,10.2649,228.818,1.8093,3.6186,2.8584,5.7168,5.11195,10.2239
"Buddha",0.75,"Small",8,212034,15.2282,4.63075,8242,"SparseICP PointToPlane (p=0.400000)",0,7.23408e-06,0.000361704,7.62042e-05,1,6,0,0,42.5098,42.5098,3.89865,23.3919,2.80413,16.8248,7.08062,42.4837
"Buddha",0.75,"Small",9,212035,13.8283,7.25691,8242,"ESA+SparseICP PointToPlane (p=0.400000)",177.859,0.327481,16.3741,0.0613497,0,25,0.00318413,180.215,257.505,437.72,6.89852,172.463,3.11859,77.9648,10.2982,257.455
"Buddha",0.75,"Small",9,212035,13.8283,7.25691,8242,"SparseICP PointToPlane (p=0.400000)",0.0279765,1.1535e-05,0.000576751,7.78832e-05,1,5,0,0,29.75,29.75,3.70578,18.5289,1.97362,9.8681,5.94298,29.7149
"Buddha",0.75,"Small",10,212036,14.4405,4.63651,8242,"ESA+SparseICP PointToPlane (p=0.400000)",0,8.1255e-06,0.000406275,8.05755e-05,1,2,4.01181e-05,182.173,10.25,192.423,1.80835,3.6167,2.8483,5.6966,5.10355,10.2071
"Buddha",0.75,"Small",10,212036,14.4405,4.63651,8242,"SparseICP PointToPlane (p=0.400000)",0.0279765,7.32178e-06,0.000366089,8.04724e-05,1,5,0,0,37.0269,37.0269,3.99992,19.9996,2.98116,14.9058,7.39964,36.9982
"Buddha",0.75,"Small",11,212037,19.657,4.91365,8242,"ESA+SparseICP PointToPlane (p=0.400000)",0,8.16351e-06,0.000408175,7.49654e-05,1,2,3.37001e-05,208.945,10.2334,219.178,1.7092,3.4184,2.86945,5.7389,5.09585,10.1917
"Buddha",0.75,"Small",11,212037,19.657,4.91365,8242,"SparseICP PointToPlane (p=0.400000)",0,7.9123e-06,0.000395615,7.6978e-05,1,6,0,0,44.4357,44.4357,4.20045,25.2027,2.8183,16.9098,7.40167,44.41
"Buddha",0.75,"Small",12,212038,18.2334,4.20517,8242,"ESA+SparseICP PointToPlane (p=0.400000)",0.0279765,1.09916e-05,0.000549581,7.59926e-05,1,2,3.51266e-05,204.681,9.9653,214.646,1.6483,3.2966,2.86505,5.7301,4.96295,9.9259
"Buddha",0.75,"Small",12,212038,18.2334,4.20517,8242,"SparseICP PointToPlane (p=0.400000)",0.0279765,1.11369e-05,0.000556845,7.60899e-05,1,6,0,0,42.1853,42.1853,3.9577,23.7462,2.69363,16.1618,7.02663,42.1598
"Buddha",0.75,"Small",13,212039,14.4534,5.8649,8242,"ESA+SparseICP PointToPlane (p=0.400000)",0,8.39894e-06,0.000419947,7.90073e-05,1,2,3.45135e-05,199.164,10.5543,209.718,1.91215,3.8243,2.8987,5.7974,5.2555,10.511
"Buddha",0.75,"Small",13,212039,14.4534,5.8649,8242,"SparseICP PointToPlane (p=0.400000)",0,8.31456e-06,0.000415728,7.91138e-05,1,6,0,0,45.3476,45.3476,4.07245,24.4347,3.06345,18.3807,7.55352,45.3211
"Buddha",0.75,"Small",14,212040,18.8237,4.94039,8242,"ESA+SparseICP PointToPlane (p=0.400000)",0,1.1235e-05,0.000561752,7.9538e-05,1,3,3.69043e-05,215.373,15.4032,230.776,1.77327,5.3198,2.88317,8.6495,5.12003,15.3601
"Buddha",0.75,"Small",14,212040,18.8237,4.94039,8242,"SparseICP PointToPlane (p=0.400000)",0,1.04185e-05,0.000520924,7.97732e-05,1,6,0,0,45.2516,45.2516,4.19983,25.199,2.95415,17.7249,7.53762,45.2257
"Buddha",0.75,"Small",15,212041,12.9588,3.358,8242,"ESA+SparseICP PointToPlane (p=0.400000)",0,9.21815e-06,0.000460907,7.77937e-05,1,2,3.58381e-05,219.755,10.0169,229.771,1.6568,3.3136,2.87935,5.7587,4.98785,9.9757
"Buddha",0.75,"Small",15,212041,12.9588,3.358,8242,"SparseICP PointToPlane (p=0.400000)",0,9.3689e-06,0.000468445,7.77385e-05,1,6,0,0,39.3426,39.3426,3.16125,18.9675,2.9608,17.7648,6.55278,39.3167
"Buddha",0.75,"Small",16,212042,10.1075,7.80081,8242,"ESA+SparseICP PointToPlane (p=0.400000)",121.527,0.299167,14.9583,0.0411497,1,5,0.00130079,194.557,49.5629,244.12,6.15062,30.7531,3.36792,16.8396,9.90584,49.5292
"Buddha",0.75,"Small",16,212042,10.1075,7.80081,8242,"SparseICP PointToPlane (p=0.400000)",0,1.10637e-05,0.000553187,7.78061e-05,1,5,0,0,32.0139,32.0139,3.98254,19.9127,2.10176,10.5088,6.39596,31.9798
"Buddha",0.75,"Small",17,212043,10.6189,5.53686,8242,"ESA+SparseICP PointToPlane (p=0.400000)",0,6.52679e-06,0.00032634,7.73923e-05,1,2,3.87363e-05,199.174,9.9422,209.116,1.61795,3.2359,2.8908,5.7816,4.95205,9.9041
"Buddha",0.75,"Small",17,212043,10.6189,5.53686,8242,"SparseICP PointToPlane (p=0.400000)",0,6.58344e-06,0.000329172,7.73164e-05,1,6,0,0,40.7484,40.7484,3.53055,21.1833,2.85432,17.1259,6.7871,40.7226
"Buddha",0.75,"Small",18,212044,19.1094,7.72986,8242,"ESA+SparseICP PointToPlane (p=0.400000)",0,7.22625e-06,0.000361313,7.66391e-05,1,2,3.68275e-05,214.982,10.1449,225.127,1.6968,3.3936,2.8665,5.733,5.0533,10.1066
"Buddha",0.75,"Small",18,212044,19.1094,7.72986,8242,"SparseICP PointToPlane (p=0.400000)",0,7.16551e-06,0.000358276,7.71053e-05,1,6,0,0,48.7293,48.7293,4.78232,28.6939,2.95353,17.7212,8.1174,48.7044
"Buddha",0.75,"Small",19,212045,11.9167,3.88662,8242,"ESA+SparseICP PointToPlane (p=0.400000)",0,5.82961e-06,0.00029148,7.77301e-05,1,2,3.59285e-05,189.237,10.1758,199.413,1.74195,3.4839,2.86865,5.7373,5.0694,10.1388
"Buddha",0.75,"Small",19,212045,11.9167,3.88662,8242,"SparseICP PointToPlane (p=0.400000)",0,6.8303e-06,0.000341515,7.95188e-05,1,5,0,0,33.1774,33.1774,3.27822,16.3911,2.90968,14.5484,6.63064,33.1532
"Buddha",0.75,"Medium",0,213026,78.4251,26.9397,8242,"ESA+SparseICP PointToPlane (p=0.400000)",0,1.53565e-05,0.000767824,7.89303e-05,1,10,0.00159492,179.656,69.2567,248.913,3.799,37.99,2.73896,27.3896,6.9211,69.211
"Buddha",0.75,"Medium",0,213026,78.4251,26.9397,8242,"SparseICP PointToPlane (p=0.400000)",0.0395647,1.47293e-05,0.000736464,7.89156e-05,1,16,0,0,119.729,119.729,4.86272,77.8035,2.36824,37.8919,7.48101,119.696
"Buddha",0.75,"Medium",1,213027,58.7692,21.8097,8242,"ESA+SparseICP PointToPlane (p=0.400000)",0,8.19973e-06,0.000409987,7.91581e-05,1,2,3.45623e-05,208.429,10.0884,218.518,1.73515,3.4703,2.83465,5.6693,5.02645,10.0529
"Buddha",0.75,"Medium",1,213027,58.7692,21.8097,8242,"SparseICP PointToPlane (p=0.400000)",172.524,8.37782,418.891,8.16306,1,59,0,0,1001.31,1001.31,7.51301,443.268,9.34411,551.302,16.9707,1001.27
"Buddha",0.75,"Medium",2,213028,57.8415,22.7722,8242,"ESA+SparseICP PointToPlane (p=0.400000)",0,7.47143e-06,0.000373571,7.71609e-05,1,2,3.50601e-05,227.113,10.4653,237.578,1.8812,3.7624,2.89565,5.7913,5.21175,10.4235
"Buddha",0.75,"Medium",2,213028,57.8415,22.7722,8242,"SparseICP PointToPlane (p=0.400000)",0,6.22671e-06,0.000311335,7.67313e-05,1,24,0,0,213.155,213.155,5.77714,138.651,2.83565,68.0556,8.88013,213.123
"Buddha",0.75,"Medium",3,213029,53.1818,19.4224,8242,"ESA+SparseICP PointToPlane (p=0.400000)",126.006,0.67155,33.5775,0.0410129,1,21,0.00120418,206.023,190.339,396.362,6.00518,126.109,2.75379,57.8295,9.06149,190.291
"Buddha",0.75,"Medium",3,213029,53.1818,19.4224,8242,"SparseICP PointToPlane (p=0.400000)",0.0279765,1.2396e-05,0.000619799,8.21472e-05,1,16,0,0,135.333,135.333,5.74202,91.8724,2.46369,39.4191,8.45602,135.296
"Buddha",0.75,"Medium",4,213030,62.9458,19.3402,8242,"ESA+SparseICP PointToPlane (p=0.400000)",0,8.94953e-06,0.000447477,7.65335e-05,1,4,6.53933e-05,195.9,21.1353,217.035,1.93245,7.7298,2.89317,11.5727,5.2731,21.0924
"Buddha",0.75,"Medium",4,213030,62.9458,19.3402,8242,"SparseICP PointToPlane (p=0.400000)",0,7.26806e-06,0.000363403,7.74527e-05,1,17,0,0,132.765,132.765,4.98956,84.8225,2.54156,43.2066,7.80795,132.735
"Buddha",0.75,"Medium",5,213031,45.4829,19.2137,8242,"ESA+SparseICP PointToPlane (p=0.400000)",0.0395647,9.52323e-06,0.000476162,7.81052e-05,1,3,4.79217e-05,208.197,16.4744,224.671,2.18653,6.5596,2.84663,8.5399,5.47793,16.4338
"Buddha",0.75,"Medium",5,213031,45.4829,19.2137,8242,"SparseICP PointToPlane (p=0.400000)",0.0395647,9.76809e-06,0.000488404,7.8631e-05,1,12,0,0,98.5633,98.5633,5.20628,62.4753,2.69559,32.3471,8.21133,98.536
"Buddha",0.75,"Medium",6,213032,88.4869,24.7842,8242,"ESA+SparseICP PointToPlane (p=0.400000)",0,7.86962e-06,0.000393481,8.2369e-05,1,9,0.00119128,195.92,62.9702,258.89,3.65658,32.9092,2.93338,26.4004,6.99183,62.9265
"Buddha",0.75,"Medium",6,213032,88.4869,24.7842,8242,"SparseICP PointToPlane (p=0.400000)",144.39,0.719258,35.9629,0.0383181,1,69,0,0,1387.06,1387.06,11.7517,810.869,8.21875,567.094,20.1016,1387.01
"Buddha",0.75,"Medium",7,213033,81.0094,27.6815,8242,"ESA+SparseICP PointToPlane (p=0.400000)",127.434,0.611603,30.5801,0.0417476,1,14,0.00157844,188.616,128.914,317.53,6.03209,84.4493,2.86713,40.1398,9.20491,128.869
"Buddha",0.75,"Medium",7,213033,81.0094,27.6815,8242,"SparseICP PointToPlane (p=0.400000)",179.785,0.86909,43.4545,0.0621132,1,27,0,0,358.733,358.733,8.55519,230.99,4.526,122.202,13.2847,358.687
"Buddha",0.75,"Medium",8,213034,73.2984,20.4122,8242,"ESA+SparseICP PointToPlane (p=0.400000)",0,7.03141e-06,0.00035157,9.18673e-05,1,5,0.00028384,184.761,29.5427,214.303,2.5681,12.8405,2.90386,14.5193,5.89986,29.4993
"Buddha",0.75,"Medium",8,213034,73.2984,20.4122,8242,"SparseICP PointToPlane (p=0.400000)",125.571,882.156,44107.8,881.527,1,12,0,0,230.149,230.149,9.95078,119.409,9.09463,109.136,19.1759,230.111
"Buddha",0.75,"Medium",9,213035,75.6627,26.6007,8242,"ESA+SparseICP PointToPlane (p=0.400000)",0,1.28268e-05,0.000641341,7.86493e-05,1,7,0.000854738,189.942,46.8845,236.827,3.39179,23.7425,2.88563,20.1994,6.69193,46.8435
"Buddha",0.75,"Medium",9,213035,75.6627,26.6007,8242,"SparseICP PointToPlane (p=0.400000)",0,1.06912e-05,0.000534561,7.85056e-05,1,11,0,0,131.542,131.542,7.83664,86.203,3.88954,42.7849,11.9553,131.508
"Buddha",0.75,"Medium",10,213036,60.8437,18.2382,8242,"ESA+SparseICP PointToPlane (p=0.400000)",0,9.98517e-06,0.000499259,7.91726e-05,1,5,0.000256942,195.131,29.8158,224.947,2.61642,13.0821,2.892,14.46,5.95468,29.7734
"Buddha",0.75,"Medium",10,213036,60.8437,18.2382,8242,"SparseICP PointToPlane (p=0.400000)",65.0523,0.362402,18.1201,0.0419643,1,6,0,0,65.9249,65.9249,7.57942,45.4765,3.1089,18.6534,10.9832,65.8995
"Buddha",0.75,"Medium",11,213037,74.6716,24.0635,8242,"ESA+SparseICP PointToPlane (p=0.400000)",0,6.30226e-06,0.000315113,7.77378e-05,1,2,4.03666e-05,181.067,10.6662,191.733,1.9556,3.9112,2.86845,5.7369,5.31475,10.6295
"Buddha",0.75,"Medium",11,213037,74.6716,24.0635,8242,"SparseICP PointToPlane (p=0.400000)",0.0279765,6.71604e-06,0.000335802,7.57671e-05,1,20,0,0,174.476,174.476,5.50987,110.197,2.88681,57.7361,8.72208,174.441
"Buddha",0.75,"Medium",12,213038,65.388,27.2096,8242,"ESA+SparseICP PointToPlane (p=0.400000)",0,9.29744e-06,0.000464872,7.52976e-05,1,9,0.00141104,204.712,65.9798,270.692,4.07079,36.6371,2.86284,25.7656,7.32683,65.9415
"Buddha",0.75,"Medium",12,213038,65.388,27.2096,8242,"SparseICP PointToPlane (p=0.400000)",0.0279765,9.51195e-06,0.000475598,7.55925e-05,1,47,0,0,1053.01,1053.01,14.1561,665.335,8.11352,381.336,22.4034,1052.96
"Buddha",0.75,"Medium",13,213039,66.2643,22.4477,8242,"ESA+SparseICP PointToPlane (p=0.400000)",0,9.03345e-06,0.000451673,7.84737e-05,1,4,8.68942e-05,205.71,21.5866,227.297,2.05455,8.2182,2.90223,11.6089,5.3861,21.5444
"Buddha",0.75,"Medium",13,213039,66.2643,22.4477,8242,"SparseICP PointToPlane (p=0.400000)",0,8.82561e-06,0.000441281,7.77325e-05,1,19,0,0,152.932,152.932,5.26025,99.9448,2.52626,47.9989,8.04702,152.893
"Buddha",0.75,"Medium",14,213040,88.3961,18.8268,8242,"ESA+SparseICP PointToPlane (p=0.400000)",0,1.03883e-05,0.000519414,7.80966e-05,1,4,9.70751e-05,225.75,22.4087,248.159,2.26943,9.0777,2.87423,11.4969,5.59178,22.3671
"Buddha",0.75,"Medium",14,213040,88.3961,18.8268,8242,"SparseICP PointToPlane (p=0.400000)",165.665,9.20555,460.277,8.11813,0,100,0,0,1505.76,1505.76,5.6512,565.12,9.29636,929.636,15.0572,1505.72
"Buddha",0.75,"Medium",15,213041,69.7221,20.6717,8242,"ESA+SparseICP PointToPlane (p=0.400000)",49.7499,0.32502,16.251,0.03986,1,3,0.00163238,188.983,31.9399,220.923,6.7572,20.2716,3.46717,10.4015,10.6333,31.8998
"Buddha",0.75,"Medium",15,213041,69.7221,20.6717,8242,"SparseICP PointToPlane (p=0.400000)",0,1.25535e-05,0.000627676,7.5072e-05,1,13,0,0,101.787,101.787,4.97139,64.6281,2.56526,33.3484,7.8276,101.759
"Buddha",0.75,"Medium",16,213042,61.5962,21.5594,8242,"ESA+SparseICP PointToPlane (p=0.400000)",0,7.41942e-06,0.000370971,7.67581e-05,1,4,9.50486e-05,206.248,22.3217,228.57,2.25727,9.0291,2.86898,11.4759,5.56942,22.2777
"Buddha",0.75,"Medium",16,213042,61.5962,21.5594,8242,"SparseICP PointToPlane (p=0.400000)",0,8.0455e-06,0.000402275,7.67678e-05,1,16,0,0,143.73,143.73,5.73036,91.6858,2.97833,47.6533,8.98132,143.701
"Buddha",0.75,"Medium",17,213043,57.8988,25.2557,8242,"ESA+SparseICP PointToPlane (p=0.400000)",0,1.04777e-05,0.000523884,8.09152e-05,1,2,3.2904e-05,188.727,10.6789,199.406,1.9539,3.9078,2.8745,5.749,5.3191,10.6382
"Buddha",0.75,"Medium",17,213043,57.8988,25.2557,8242,"SparseICP PointToPlane (p=0.400000)",178.831,1.01618,50.8089,0.066276,1,58,0,0,590.492,590.492,6.70598,388.947,3.23784,187.795,10.18,590.442
"Buddha",0.75,"Medium",18,213044,52.257,22.0659,8242,"ESA+SparseICP PointToPlane (p=0.400000)",0,7.27439e-06,0.000363719,7.91459e-05,1,6,0.000421934,197.207,35.9348,233.141,2.65422,15.9253,2.90167,17.41,5.9827,35.8962
"Buddha",0.75,"Medium",18,213044,52.257,22.0659,8242,"SparseICP PointToPlane (p=0.400000)",0,7.78762e-06,0.000389381,7.9006e-05,1,9,0,0,68.8546,68.8546,4.68238,42.1414,2.66276,23.9648,7.64672,68.8205
"Buddha",0.75,"Medium",19,213045,47.7183,26.2952,8242,"ESA+SparseICP PointToPlane (p=0.400000)",0,8.18294e-06,0.000409147,8.09137e-05,1,2,3.69959e-05,198.672,10.2157,208.887,1.7515,3.503,2.8548,5.7096,5.0878,10.1756
"Buddha",0.75,"Medium",19,213045,47.7183,26.2952,8242,"SparseICP PointToPlane (p=0.400000)",0.0279765,6.47382e-06,0.000323691,8.07229e-05,1,11,0,0,90.6767,90.6767,5.193,57.123,2.75211,30.2732,8.24078,90.6486
"Buddha",0.75,"Large",0,214026,121.446,48.2926,8242,"ESA+SparseICP PointToPlane (p=0.400000)",0,1.66835e-05,0.000834174,8.06825e-05,1,6,0.000592607,163.564,38.1689,201.733,2.97678,17.8607,2.94758,17.6855,6.35448,38.1269
"Buddha",0.75,"Large",0,214026,121.446,48.2926,8242,"SparseICP PointToPlane (p=0.400000)",173.786,0.751401,37.57,0.0686296,1,26,0,0,273.943,273.943,7.04351,183.131,3.2532,84.5833,10.5345,273.898
"Buddha",0.75,"Large",1,214027,136.479,60.1812,8242,"ESA+SparseICP PointToPlane (p=0.400000)",121.076,1.04754,52.3772,0.0400712,1,3,0.00161959,198.436,30.7508,229.187,6.31353,18.9406,3.52213,10.5664,10.2366,30.7098
"Buddha",0.75,"Large",1,214027,136.479,60.1812,8242,"SparseICP PointToPlane (p=0.400000)",174.521,2.1701,108.505,0.130675,0,100,0,0,2539.31,2539.31,15.971,1597.1,9.31163,931.163,25.3926,2539.26
"Buddha",0.75,"Large",2,214028,124.808,66.7461,8242,"ESA+SparseICP PointToPlane (p=0.400000)",0,1.31685e-05,0.000658426,7.7389e-05,1,3,7.15545e-05,174.799,15.9998,190.799,2.02737,6.0821,2.8639,8.5917,5.31953,15.9586
"Buddha",0.75,"Large",2,214028,124.808,66.7461,8242,"SparseICP PointToPlane (p=0.400000)",173.858,2.34899,117.45,0.0608265,1,80,0,0,1426,1426,11.0214,881.713,6.63441,530.753,17.8243,1425.95
"Buddha",0.75,"Large",3,214029,171.143,42.9256,8242,"ESA+SparseICP PointToPlane (p=0.400000)",0,1.53981e-05,0.000769906,7.7986e-05,1,6,0.000480823,175.713,37.7622,213.475,2.92997,17.5798,2.92693,17.5616,6.28643,37.7186
"Buddha",0.75,"Large",3,214029,171.143,42.9256,8242,"SparseICP PointToPlane (p=0.400000)",179.812,1.52242,76.1209,0.0629288,1,35,0,0,344.555,344.555,6.62748,231.962,2.9761,104.163,9.84315,344.51
"Buddha",0.75,"Large",4,214030,121.847,58.2281,8242,"ESA+SparseICP PointToPlane (p=0.400000)",70.9416,1.20367,60.1836,0.0420838,0,25,0.00211216,184.425,228.443,412.868,6.10362,152.59,2.74907,68.7268,9.13581,228.395
"Buddha",0.75,"Large",4,214030,121.847,58.2281,8242,"SparseICP PointToPlane (p=0.400000)",178.417,9.22596,461.298,6.46206,1,25,0,0,445.597,445.597,8.44789,211.197,9.26094,231.523,17.8222,445.556
"Buddha",0.75,"Large",5,214031,163.094,60.9409,8242,"ESA+SparseICP PointToPlane (p=0.400000)",178.349,18.1984,909.92,19.1874,1,15,0.0295485,169.313,316.899,486.211,11.198,167.97,9.78718,146.808,21.1239,316.859
"Buddha",0.75,"Large",5,214031,163.094,60.9409,8242,"SparseICP PointToPlane (p=0.400000)",121.182,19.7449,987.247,20.5309,1,18,0,0,322.892,322.892,8.65222,155.74,9.16854,165.034,17.9367,322.861
"Buddha",0.75,"Large",6,214032,143.969,58.8956,8242,"ESA+SparseICP PointToPlane (p=0.400000)",0.0395647,4.5054e-06,0.00022527,7.92026e-05,1,4,6.8024e-05,170.292,21.7227,192.014,2.11232,8.4493,2.8842,11.5368,5.4203,21.6812
"Buddha",0.75,"Large",6,214032,143.969,58.8956,8242,"SparseICP PointToPlane (p=0.400000)",131.398,3.32262,166.131,2.92439,0,100,0,0,2236.35,2236.35,12.7194,1271.94,9.5346,953.46,22.3631,2236.31
"Buddha",0.75,"Large",7,214033,160.418,42.7622,8242,"ESA+SparseICP PointToPlane (p=0.400000)",131.971,1.39135,69.5677,0.0412381,1,13,0.0014599,157.946,128.269,286.216,6.34388,82.4704,3.18261,41.3739,9.86345,128.225
"Buddha",0.75,"Large",7,214033,160.418,42.7622,8242,"SparseICP PointToPlane (p=0.400000)",174.291,0.945902,47.2951,0.0752072,1,8,0,0,91.5301,91.5301,7.95601,63.6481,3.25499,26.0399,11.4365,91.4921
"Buddha",0.75,"Large",8,214034,125.366,43.1229,8242,"ESA+SparseICP PointToPlane (p=0.400000)",0,1.17358e-05,0.00058679,7.74951e-05,1,5,0.000282173,193.597,30.2518,223.849,2.72814,13.6407,2.88306,14.4153,6.04164,30.2082
"Buddha",0.75,"Large",8,214034,125.366,43.1229,8242,"SparseICP PointToPlane (p=0.400000)",153.906,1.55076,77.538,0.0396795,1,30,0,0,475.011,475.011,8.36996,251.099,7.31541,219.462,15.8321,474.963
"Buddha",0.75,"Large",9,214035,136.473,68.6772,8242,"ESA+SparseICP PointToPlane (p=0.400000)",0,3.03179e-06,0.00015159,7.76463e-05,1,5,0.00151891,176.301,32.5554,208.856,3.13452,15.6726,2.925,14.625,6.50294,32.5147
"Buddha",0.75,"Large",9,214035,136.473,68.6772,8242,"SparseICP PointToPlane (p=0.400000)",0.0559529,8.199e-06,0.00040995,7.65033e-05,1,77,0,0,1314.28,1314.28,9.43932,726.828,7.47889,575.875,17.0679,1314.23
"Buddha",0.75,"Large",10,214036,120.886,57.1726,8242,"ESA+SparseICP PointToPlane (p=0.400000)",178.451,1.52462,76.2312,0.0678911,0,25,0.0113097,190.402,247.258,437.66,6.59198,164.8,3.01973,75.4933,9.88842,247.211
"Buddha",0.75,"Large",10,214036,120.886,57.1726,8242,"SparseICP PointToPlane (p=0.400000)",177.373,1.22032,61.0158,0.0569666,1,75,0,0,1388.42,1388.42,12.2686,920.149,6.06763,455.072,18.5115,1388.36
"Buddha",0.75,"Large",11,214037,126.651,59.4339,8242,"ESA+SparseICP PointToPlane (p=0.400000)",0,2.04459e-05,0.00102229,7.8743e-05,1,16,0.00332742,207.805,114.829,322.634,4.20033,67.2052,2.64569,42.3311,7.17382,114.781
"Buddha",0.75,"Large",11,214037,126.651,59.4339,8242,"SparseICP PointToPlane (p=0.400000)",178.266,1.47473,73.7363,0.060416,1,57,0,0,918.431,918.431,9.01756,514.001,6.93733,395.428,16.1119,918.38
"Buddha",0.75,"Large",12,214038,156.321,54.4653,8242,"ESA+SparseICP PointToPlane (p=0.400000)",125.996,1.87261,93.6303,0.0418714,1,7,0.00209765,198.815,70.438,269.253,6.13947,42.9763,3.49624,24.4737,10.0565,70.3957
"Buddha",0.75,"Large",12,214038,156.321,54.4653,8242,"SparseICP PointToPlane (p=0.400000)",126.435,7.44164,372.082,4.84828,1,35,0,0,659.377,659.377,9.44614,330.615,9.28129,324.845,18.8382,659.336
"Buddha",0.75,"Large",13,214039,158.13,59.4774,8242,"ESA+SparseICP PointToPlane (p=0.400000)",172.652,2.39032,119.516,0.0680966,1,6,0.00589222,193.299,69.8832,263.183,7.11232,42.6739,4.1305,24.783,11.6399,69.8392
"Buddha",0.75,"Large",13,214039,158.13,59.4774,8242,"SparseICP PointToPlane (p=0.400000)",155.93,1.81174,90.5872,0.0595373,1,6,0,0,72.8923,72.8923,8.54647,51.2788,3.38525,20.3115,12.1435,72.8608
"Buddha",0.75,"Large",14,214040,130.172,41.2132,8242,"ESA+SparseICP PointToPlane (p=0.400000)",146.516,1.57025,78.5127,0.0385848,1,4,0.00137627,184.981,40.9826,225.964,6.28163,25.1265,3.53618,14.1447,10.2353,40.9412
"Buddha",0.75,"Large",14,214040,130.172,41.2132,8242,"SparseICP PointToPlane (p=0.400000)",175.594,1.19024,59.5119,0.0626613,1,28,0,0,332.041,332.041,7.95981,222.875,3.66815,102.708,11.8571,332
"Buddha",0.75,"Large",15,214041,124.079,68.9574,8242,"ESA+SparseICP PointToPlane (p=0.400000)",0,2.08365e-05,0.00104182,7.92347e-05,1,4,0.000332115,178.627,23.7896,202.417,2.61583,10.4633,2.87495,11.4998,5.93782,23.7513
"Buddha",0.75,"Large",15,214041,124.079,68.9574,8242,"SparseICP PointToPlane (p=0.400000)",179.544,2.71491,135.745,0.0631921,1,10,0,0,125.42,125.42,8.33124,83.3124,3.97272,39.7272,12.5388,125.388
"Buddha",0.75,"Large",16,214042,150.827,58.2233,8242,"ESA+SparseICP PointToPlane (p=0.400000)",0,1.66389e-05,0.000831947,7.96745e-05,1,8,0.00104493,204.261,51.8985,256.159,3.21655,25.7324,2.84936,22.7949,6.48201,51.8561
"Buddha",0.75,"Large",16,214042,150.827,58.2233,8242,"SparseICP PointToPlane (p=0.400000)",172.24,2.11595,105.798,0.0712148,1,11,0,0,131.73,131.73,8.12787,89.4066,3.61336,39.747,11.9724,131.697
"Buddha",0.75,"Large",17,214043,135.335,41.9289,8242,"ESA+SparseICP PointToPlane (p=0.400000)",69.7606,0.730104,36.5052,0.0415946,1,3,0.0018056,192.53,31.6577,224.188,6.6006,19.8018,3.50187,10.5056,10.5386,31.6158
"Buddha",0.75,"Large",17,214043,135.335,41.9289,8242,"SparseICP PointToPlane (p=0.400000)",123.367,1.09868,54.9341,0.646502,0,100,0,0,2279.99,2279.99,13.4115,1341.15,9.27546,927.546,22.7994,2279.94
"Buddha",0.75,"Large",18,214044,121.704,67.8659,8242,"ESA+SparseICP PointToPlane (p=0.400000)",0.0395647,1.24273e-05,0.000621364,7.63788e-05,1,12,0.00179376,159.948,87.4755,247.423,3.90819,46.8983,2.98822,35.8587,7.28569,87.4283
"Buddha",0.75,"Large",18,214044,121.704,67.8659,8242,"SparseICP PointToPlane (p=0.400000)",126.415,1.36572,68.2861,0.0413515,1,59,0,0,903.74,903.74,10.6045,625.666,4.5,265.5,15.3167,903.686
"Buddha",0.75,"Large",19,214045,124.233,50.6783,8242,"ESA+SparseICP PointToPlane (p=0.400000)",138.17,1.45442,72.7213,0.0373394,0,25,0.00158986,188.301,224.673,412.974,5.8884,147.21,2.79739,69.9348,8.98484,224.621
"Buddha",0.75,"Large",19,214045,124.233,50.6783,8242,"SparseICP PointToPlane (p=0.400000)",102.363,11.7676,588.38,11.2732,1,2,0,0,42.058,42.058,12.2716,24.5432,8.6055,17.211,21.0127,42.0253
"Buddha",0.5,"Small",0,222026,14.6305,7.67393,5495,"ESA+SparseICP PointToPlane (p=0.400000)",0,1.27648e-05,0.00063824,7.86313e-05,1,3,3.29817e-05,130.874,9.8914,140.765,1.0865,3.2595,1.9154,5.7462,3.28667,9.86
"Buddha",0.5,"Small",0,222026,14.6305,7.67393,5495,"SparseICP PointToPlane (p=0.400000)",0,1.2717e-05,0.00063585,7.8733e-05,1,6,0,0,28.6819,28.6819,2.39067,14.344,2.11398,12.6839,4.77685,28.6611
"Buddha",0.5,"Small",1,222027,17.9254,3.38558,5495,"ESA+SparseICP PointToPlane (p=0.400000)",0,1.47277e-05,0.000736386,8.02822e-05,1,2,3.1645e-05,112.794,6.7723,119.567,1.12975,2.2595,1.9524,3.9048,3.36895,6.7379
"Buddha",0.5,"Small",1,222027,17.9254,3.38558,5495,"SparseICP PointToPlane (p=0.400000)",0,1.60215e-05,0.000801074,8.05861e-05,1,5,0,0,22.3704,22.3704,2.18138,10.9069,2.00636,10.0318,4.47026,22.3513
"Buddha",0.5,"Small",2,222028,19.3612,4.40078,5495,"ESA+SparseICP PointToPlane (p=0.400000)",177.409,0.199374,9.96869,0.0477634,1,9,0.00216951,115.281,59.705,174.986,3.82817,34.4535,2.54277,22.8849,6.62909,59.6618
"Buddha",0.5,"Small",2,222028,19.3612,4.40078,5495,"SparseICP PointToPlane (p=0.400000)",0.0279765,1.34491e-05,0.000672457,8.40476e-05,1,7,0,0,28.4475,28.4475,2.09539,14.6677,1.7316,12.1212,4.05927,28.4149
"Buddha",0.5,"Small",3,222029,12.5487,7.75199,5495,"ESA+SparseICP PointToPlane (p=0.400000)",0,9.72936e-06,0.000486468,8.36211e-05,1,2,3.57484e-05,131.833,6.5987,138.432,1.0789,2.1578,1.91475,3.8295,3.27805,6.5561
"Buddha",0.5,"Small",3,222029,12.5487,7.75199,5495,"SparseICP PointToPlane (p=0.400000)",0,1.03286e-05,0.000516428,8.30254e-05,1,7,0,0,33.7796,33.7796,2.48976,17.4283,2.06114,14.428,4.82254,33.7578
"Buddha",0.5,"Small",4,222030,18.0247,3.83449,5495,"ESA+SparseICP PointToPlane (p=0.400000)",0,1.08613e-05,0.000543067,7.93348e-05,1,2,3.03113e-05,127.448,6.8561,134.304,1.159,2.318,1.96275,3.9255,3.41045,6.8209
"Buddha",0.5,"Small",4,222030,18.0247,3.83449,5495,"SparseICP PointToPlane (p=0.400000)",0,1.11947e-05,0.000559733,7.95211e-05,1,6,0,0,28.2038,28.2038,2.37882,14.2729,2.0437,12.2622,4.6973,28.1838
"Buddha",0.5,"Small",5,222031,17.3118,4.15774,5495,"ESA+SparseICP PointToPlane (p=0.400000)",0,1.20586e-05,0.000602932,8.04969e-05,1,2,3.66472e-05,123.409,7.0403,130.45,1.28025,2.5605,1.9291,3.8582,3.5027,7.0054
"Buddha",0.5,"Small",5,222031,17.3118,4.15774,5495,"SparseICP PointToPlane (p=0.400000)",0,1.21943e-05,0.000609717,8.16363e-05,1,5,0,0,21.2781,21.2781,1.95618,9.7809,2.02146,10.1073,4.25154,21.2577
"Buddha",0.5,"Small",6,222032,10.9932,7.81802,5495,"ESA+SparseICP PointToPlane (p=0.400000)",0,1.46803e-05,0.000734014,7.72948e-05,1,2,3.40039e-05,115.263,7.0112,122.274,1.2654,2.5308,1.9205,3.841,3.48735,6.9747
"Buddha",0.5,"Small",6,222032,10.9932,7.81802,5495,"SparseICP PointToPlane (p=0.400000)",0,1.41649e-05,0.000708244,8.01121e-05,1,8,0,0,42.7679,42.7679,2.85292,22.8234,2.21766,17.7413,5.34325,42.746
"Buddha",0.5,"Small",7,222033,11.9042,3.67023,5495,"ESA+SparseICP PointToPlane (p=0.400000)",0,1.23887e-05,0.000619433,7.89573e-05,1,3,3.44891e-05,128.627,9.869,138.496,1.04563,3.1369,1.92733,5.782,3.27437,9.8231
"Buddha",0.5,"Small",7,222033,11.9042,3.67023,5495,"SparseICP PointToPlane (p=0.400000)",0,1.24632e-05,0.000623162,7.91416e-05,1,4,0,0,16.4109,16.4109,1.86103,7.4441,1.9449,7.7796,4.09773,16.3909
"Buddha",0.5,"Small",8,222034,15.4585,5.4283,5495,"ESA+SparseICP PointToPlane (p=0.400000)",0,1.43266e-05,0.00071633,8.10821e-05,1,2,3.38044e-05,125.563,6.4938,132.057,1.04285,2.0857,1.905,3.81,3.22845,6.4569
"Buddha",0.5,"Small",8,222034,15.4585,5.4283,5495,"SparseICP PointToPlane (p=0.400000)",0,1.41035e-05,0.000705173,8.22389e-05,1,6,0,0,28.3527,28.3527,2.40167,14.41,2.0453,12.2718,4.72202,28.3321
"Buddha",0.5,"Small",9,222035,15.7865,5.70631,5495,"ESA+SparseICP PointToPlane (p=0.400000)",134.733,0.194218,9.71089,0.0327979,1,4,0.00103127,126.889,23.2926,150.181,3.23725,12.949,2.27775,9.111,5.81187,23.2475
"Buddha",0.5,"Small",9,222035,15.7865,5.70631,5495,"SparseICP PointToPlane (p=0.400000)",0,1.19902e-05,0.000599509,7.73126e-05,1,6,0,0,25.4781,25.4781,1.9572,11.7432,1.99837,11.9902,4.24305,25.4583
"Buddha",0.5,"Small",10,222036,11.6027,3.02041,5495,"ESA+SparseICP PointToPlane (p=0.400000)",0,1.59918e-05,0.000799592,7.84338e-05,1,2,3.24721e-05,143.188,6.9682,150.156,1.2314,2.4628,1.9381,3.8762,3.46585,6.9317
"Buddha",0.5,"Small",10,222036,11.6027,3.02041,5495,"SparseICP PointToPlane (p=0.400000)",0,1.59111e-05,0.000795556,7.85759e-05,1,5,0,0,21.2108,21.2108,1.98068,9.9034,1.97686,9.8843,4.23788,21.1894
"Buddha",0.5,"Small",11,222037,19.8731,5.14348,5495,"ESA+SparseICP PointToPlane (p=0.400000)",0,9.17921e-06,0.00045896,8.08026e-05,1,3,3.69179e-05,124.999,10.1122,135.111,1.1503,3.4509,1.92043,5.7613,3.35717,10.0715
"Buddha",0.5,"Small",11,222037,19.8731,5.14348,5495,"SparseICP PointToPlane (p=0.400000)",0,9.1504e-06,0.00045752,8.04516e-05,1,6,0,0,25.264,25.264,1.95803,11.7482,1.97632,11.8579,4.20728,25.2437
"Buddha",0.5,"Small",12,222038,15.2141,5.74453,5495,"ESA+SparseICP PointToPlane (p=0.400000)",0,1.68788e-05,0.000843941,7.83079e-05,1,2,3.42905e-05,124.404,6.692,131.096,1.1105,2.221,1.9295,3.859,3.3266,6.6532
"Buddha",0.5,"Small",12,222038,15.2141,5.74453,5495,"SparseICP PointToPlane (p=0.400000)",0,1.65152e-05,0.000825762,7.70136e-05,1,6,0,0,30.6486,30.6486,2.69417,16.165,2.13068,12.7841,5.10468,30.6281
"Buddha",0.5,"Small",13,222039,17.543,4.27307,5495,"ESA+SparseICP PointToPlane (p=0.400000)",0,1.3443e-05,0.000672152,8.10161e-05,1,2,3.35303e-05,123.877,6.7637,130.641,1.1663,2.3326,1.90985,3.8197,3.3646,6.7292
"Buddha",0.5,"Small",13,222039,17.543,4.27307,5495,"SparseICP PointToPlane (p=0.400000)",0.0279765,1.30087e-05,0.000650436,8.09474e-05,1,5,0,0,24.4319,24.4319,2.54036,12.7018,2.0675,10.3375,4.8824,24.412
"Buddha",0.5,"Small",14,222040,17.4076,7.40496,5495,"ESA+SparseICP PointToPlane (p=0.400000)",133.198,0.206884,10.3442,0.0344303,1,6,0.000873021,126.241,34.6934,160.935,3.16072,18.9643,2.34765,14.0859,5.7747,34.6482
"Buddha",0.5,"Small",14,222040,17.4076,7.40496,5495,"SparseICP PointToPlane (p=0.400000)",0,8.98552e-06,0.000449276,7.78107e-05,1,7,0,0,33.8919,33.8919,2.48673,17.4071,2.06663,14.4664,4.83846,33.8692
"Buddha",0.5,"Small",15,222041,16.5804,3.31608,5495,"ESA+SparseICP PointToPlane (p=0.400000)",0,1.37757e-05,0.000688784,7.77255e-05,1,2,3.16997e-05,129.15,6.8422,135.992,1.169,2.338,1.9188,3.8376,3.40685,6.8137
"Buddha",0.5,"Small",15,222041,16.5804,3.31608,5495,"SparseICP PointToPlane (p=0.400000)",0,1.38023e-05,0.000690114,7.7609e-05,1,6,0,0,27.8864,27.8864,2.30363,13.8218,2.06632,12.3979,4.64317,27.859
"Buddha",0.5,"Small",16,222042,16.0923,7.64269,5495,"ESA+SparseICP PointToPlane (p=0.400000)",0,1.09635e-05,0.000548173,7.61701e-05,1,3,3.77384e-05,128.369,10.1319,138.5,1.15403,3.4621,1.90783,5.7235,3.3645,10.0935
"Buddha",0.5,"Small",16,222042,16.0923,7.64269,5495,"SparseICP PointToPlane (p=0.400000)",0,1.04487e-05,0.000522437,7.69883e-05,1,5,0,0,22.7963,22.7963,2.27236,11.3618,2.00044,10.0022,4.55518,22.7759
"Buddha",0.5,"Small",17,222043,14.3022,5.27315,5495,"ESA+SparseICP PointToPlane (p=0.400000)",0,1.59391e-05,0.000796953,7.7966e-05,1,2,3.41407e-05,121.891,7.3603,129.252,1.43195,2.8639,1.9061,3.8122,3.6563,7.3126
"Buddha",0.5,"Small",17,222043,14.3022,5.27315,5495,"SparseICP PointToPlane (p=0.400000)",0,1.48718e-05,0.000743588,7.73363e-05,1,5,0,0,21.106,21.106,1.94852,9.7426,1.9956,9.978,4.21728,21.0864
"Buddha",0.5,"Small",18,222044,15.1289,7.88845,5495,"ESA+SparseICP PointToPlane (p=0.400000)",0,1.25559e-05,0.000627796,7.65044e-05,1,2,3.46607e-05,136.28,7.0996,143.379,1.24775,2.4955,1.94495,3.8899,3.5238,7.0476
"Buddha",0.5,"Small",18,222044,15.1289,7.88845,5495,"SparseICP PointToPlane (p=0.400000)",0,1.26911e-05,0.000634555,7.60957e-05,1,7,0,0,37.0962,37.0962,2.89381,20.2567,2.12931,14.9052,5.29597,37.0718
"Buddha",0.5,"Small",19,222045,17.5494,3.15388,5495,"ESA+SparseICP PointToPlane (p=0.400000)",179.721,0.132271,6.61356,0.0484086,0,25,0.00201677,128.883,151.406,280.289,3.69108,92.2769,2.15909,53.9772,6.05434,151.358
"Buddha",0.5,"Small",19,222045,17.5494,3.15388,5495,"SparseICP PointToPlane (p=0.400000)",0,1.33198e-05,0.000665991,7.87235e-05,1,6,0,0,23.364,23.364,2.39285,14.3571,1.31807,7.9084,3.88967,23.338
"Buddha",0.5,"Medium",0,223026,81.1854,27.8217,5495,"ESA+SparseICP PointToPlane (p=0.400000)",0,5.77621e-06,0.000288811,7.67277e-05,1,2,3.76794e-05,122.556,6.4859,129.042,1.0353,2.0706,1.9062,3.8124,3.2242,6.4484
"Buddha",0.5,"Medium",0,223026,81.1854,27.8217,5495,"SparseICP PointToPlane (p=0.400000)",146.765,28.1988,1409.94,28.8015,0,100,0,0,1216.22,1216.22,5.77393,577.393,6.31122,631.122,12.1618,1216.18
"Buddha",0.5,"Medium",1,223027,85.1759,27.3216,5495,"ESA+SparseICP PointToPlane (p=0.400000)",0,7.48219e-06,0.000374109,8.01596e-05,1,2,3.25653e-05,119.78,6.7387,126.519,1.14195,2.2839,1.91895,3.8379,3.34115,6.6823
"Buddha",0.5,"Medium",1,223027,85.1759,27.3216,5495,"SparseICP PointToPlane (p=0.400000)",175.429,0.100019,5.00093,0.0416176,1,14,0,0,104.502,104.502,4.86309,68.0832,2.40451,33.6631,7.46271,104.478
"Buddha",0.5,"Medium",2,223028,73.6763,17.6894,5495,"ESA+SparseICP PointToPlane (p=0.400000)",141.445,0.520879,26.044,0.0329519,1,9,0.00102669,114.219,51.5351,165.754,3.09659,27.8693,2.345,21.105,5.72198,51.4978
"Buddha",0.5,"Medium",2,223028,73.6763,17.6894,5495,"SparseICP PointToPlane (p=0.400000)",159.137,6.54882,327.441,5.44356,0,100,0,0,1249.04,1249.04,6.1957,619.57,6.22094,622.094,12.4899,1248.99
"Buddha",0.5,"Medium",3,223029,47.5896,29.8708,5495,"ESA+SparseICP PointToPlane (p=0.400000)",0.0279765,1.37176e-05,0.000685878,8.15785e-05,1,3,4.31938e-05,123.713,10.5024,134.216,1.27367,3.821,1.91547,5.7464,3.48493,10.4548
"Buddha",0.5,"Medium",3,223029,47.5896,29.8708,5495,"SparseICP PointToPlane (p=0.400000)",177.465,3.57489,178.745,2.35968,1,49,0,0,642.34,642.34,6.76208,331.342,6.2646,306.965,13.1084,642.311
"Buddha",0.5,"Medium",4,223030,66.2645,27.8736,5495,"ESA+SparseICP PointToPlane (p=0.400000)",0,1.90228e-05,0.000951138,7.81619e-05,1,5,0.000151227,121.877,17.7202,139.597,1.33272,6.6636,1.92058,9.6029,3.53762,17.6881
"Buddha",0.5,"Medium",4,223030,66.2645,27.8736,5495,"SparseICP PointToPlane (p=0.400000)",58.1529,12.5515,627.577,12.1771,0,100,0,0,1640.13,1640.13,9.93793,993.793,6.38766,638.766,16.4009,1640.09
"Buddha",0.5,"Medium",5,223031,67.4746,24.4164,5495,"ESA+SparseICP PointToPlane (p=0.400000)",0,1.25231e-05,0.000626155,7.78469e-05,1,3,3.52839e-05,116.007,10.5346,126.542,1.2958,3.8874,1.91377,5.7413,3.5012,10.5036
"Buddha",0.5,"Medium",5,223031,67.4746,24.4164,5495,"SparseICP PointToPlane (p=0.400000)",0,1.32916e-05,0.000664581,7.81921e-05,1,17,0,0,86.8343,86.8343,2.83402,48.1784,2.03675,34.6248,5.10636,86.8081
"Buddha",0.5,"Medium",6,223032,71.3523,25.0418,5495,"ESA+SparseICP PointToPlane (p=0.400000)",117.461,0.529511,26.4756,0.0358359,1,8,0.00110771,138.136,47.8805,186.017,3.33839,26.7071,2.36627,18.9302,5.97886,47.8309
"Buddha",0.5,"Medium",6,223032,71.3523,25.0418,5495,"SparseICP PointToPlane (p=0.400000)",174.614,0.797663,39.8832,0.047277,0,100,0,0,1468.54,1468.54,8.69722,869.722,5.90673,590.673,14.6849,1468.49
"Buddha",0.5,"Medium",7,223033,45.6465,22.6497,5495,"ESA+SparseICP PointToPlane (p=0.400000)",0,1.17751e-05,0.000588753,7.94893e-05,1,2,3.08388e-05,125.638,6.8879,132.526,1.1929,2.3858,1.95125,3.9025,3.42765,6.8553
"Buddha",0.5,"Medium",7,223033,45.6465,22.6497,5495,"SparseICP PointToPlane (p=0.400000)",4.8128,0.105682,5.28408,0.0430817,1,7,0,0,49.7411,49.7411,4.20677,29.4474,2.6374,18.4618,7.10287,49.7201
"Buddha",0.5,"Medium",8,223034,64.2458,23.4229,5495,"ESA+SparseICP PointToPlane (p=0.400000)",0,1.32797e-05,0.000663983,7.95979e-05,1,6,0.000426612,121.273,25.3312,146.604,1.9706,11.8236,1.96423,11.7854,4.21643,25.2986
"Buddha",0.5,"Medium",8,223034,64.2458,23.4229,5495,"SparseICP PointToPlane (p=0.400000)",142.811,15.0107,750.536,14.0648,1,3,0,0,36.7771,36.7771,5.95273,17.8582,6.1519,18.4557,12.2527,36.7582
"Buddha",0.5,"Medium",9,223035,89.2337,25.1398,5495,"ESA+SparseICP PointToPlane (p=0.400000)",0,1.03399e-05,0.000516996,7.70689e-05,1,5,0.000165608,115.306,18.1514,133.457,1.40104,7.0052,1.92812,9.6406,3.62304,18.1152
"Buddha",0.5,"Medium",9,223035,89.2337,25.1398,5495,"SparseICP PointToPlane (p=0.400000)",0,9.57588e-06,0.000478794,7.88662e-05,1,34,0,0,390.073,390.073,6.78592,230.721,4.57417,155.522,11.472,390.047
"Buddha",0.5,"Medium",10,223036,61.9655,29.8693,5495,"ESA+SparseICP PointToPlane (p=0.400000)",0,1.61785e-05,0.000808926,8.05884e-05,1,3,3.26912e-05,114.555,9.8028,124.358,1.07613,3.2284,1.90157,5.7047,3.2567,9.7701
"Buddha",0.5,"Medium",10,223036,61.9655,29.8693,5495,"SparseICP PointToPlane (p=0.400000)",176.56,1.07367,53.6837,0.0489071,1,45,0,0,556.036,556.036,7.91351,356.108,4.32899,194.805,12.3556,556.003
"Buddha",0.5,"Medium",11,223037,46.2028,27.5762,5495,"ESA+SparseICP PointToPlane (p=0.400000)",0,1.78323e-05,0.000891617,7.86926e-05,1,11,0.00108988,119.475,51.3454,170.821,2.28045,25.0849,2.09028,22.9931,4.66362,51.2998
"Buddha",0.5,"Medium",11,223037,46.2028,27.5762,5495,"SparseICP PointToPlane (p=0.400000)",0,1.77082e-05,0.000885411,7.88149e-05,1,15,0,0,90.8434,90.8434,4.02887,60.433,1.84277,27.6415,6.05375,90.8063
"Buddha",0.5,"Medium",12,223038,83.0875,25.262,5495,"ESA+SparseICP PointToPlane (p=0.400000)",0,1.32612e-05,0.000663061,8.18027e-05,1,3,3.57195e-05,131.98,10.0249,142.005,1.0934,3.2802,1.91803,5.7541,3.33047,9.9914
"Buddha",0.5,"Medium",12,223038,83.0875,25.262,5495,"SparseICP PointToPlane (p=0.400000)",114.143,0.760915,38.0457,0.0382514,1,8,0,0,60.205,60.205,4.69321,37.5457,2.58947,20.7158,7.52288,60.183
"Buddha",0.5,"Medium",13,223039,68.7676,18.8196,5495,"ESA+SparseICP PointToPlane (p=0.400000)",0,1.70841e-05,0.000854206,7.92449e-05,1,3,5.33223e-05,122.55,19.3433,141.893,4.04403,12.1321,1.9901,5.9703,6.4231,19.2693
"Buddha",0.5,"Medium",13,223039,68.7676,18.8196,5495,"SparseICP PointToPlane (p=0.400000)",0,1.40066e-05,0.000700329,7.83045e-05,1,18,0,0,141.76,141.76,5.52758,99.4965,2.13852,38.4934,7.87381,141.729
"Buddha",0.5,"Medium",14,223040,58.6,21.3912,5495,"ESA+SparseICP PointToPlane (p=0.400000)",46.4934,0.260681,13.034,0.0342574,0,25,0.00144353,169.912,158.166,328.079,3.96798,99.1995,2.09684,52.4209,6.32355,158.089
"Buddha",0.5,"Medium",14,223040,58.6,21.3912,5495,"SparseICP PointToPlane (p=0.400000)",100.193,0.638483,31.9241,0.038781,1,23,0,0,214.169,214.169,6.13127,141.019,3.03097,69.7122,9.30892,214.105
"Buddha",0.5,"Medium",15,223041,45.3723,24.4619,5495,"ESA+SparseICP PointToPlane (p=0.400000)",0,1.25991e-05,0.000629955,9.3878e-05,1,12,0.00100014,146.349,59.4697,205.818,2.52327,30.2792,2.11493,25.3792,4.95084,59.4101
"Buddha",0.5,"Medium",15,223041,45.3723,24.4619,5495,"SparseICP PointToPlane (p=0.400000)",0,1.22918e-05,0.000614588,9.43957e-05,1,8,0,0,44.3232,44.3232,3.6949,29.5592,1.66204,13.2963,5.53689,44.2951
"Buddha",0.5,"Medium",16,223042,73.1127,19.4127,5495,"ESA+SparseICP PointToPlane (p=0.400000)",0,1.12444e-05,0.00056222,7.69553e-05,1,7,0.000676654,140.635,32.0643,172.699,2.16,15.12,2.1001,14.7007,4.57421,32.0195
"Buddha",0.5,"Medium",16,223042,73.1127,19.4127,5495,"SparseICP PointToPlane (p=0.400000)",178.232,10.4035,520.177,8.77193,0,100,0,0,1376.92,1376.92,7.15034,715.034,6.53276,653.276,13.7681,1376.81
"Buddha",0.5,"Medium",17,223043,78.6571,17.9259,5495,"ESA+SparseICP PointToPlane (p=0.400000)",0,1.31297e-05,0.000656487,7.32609e-05,1,10,0.000901783,144.023,46.868,190.891,2.27057,22.7057,2.10678,21.0678,4.68195,46.8195
"Buddha",0.5,"Medium",17,223043,78.6571,17.9259,5495,"SparseICP PointToPlane (p=0.400000)",173.149,0.768557,38.4279,0.0501685,1,30,0,0,275.85,275.85,5.96043,178.813,3.03805,91.1414,9.19265,275.779
"Buddha",0.5,"Medium",18,223044,80.0655,16.7125,5495,"ESA+SparseICP PointToPlane (p=0.400000)",0,1.38644e-05,0.000693222,7.99579e-05,1,9,0.00133573,126.32,43.5229,169.843,2.38704,21.4834,2.11621,19.0459,4.82911,43.462
"Buddha",0.5,"Medium",18,223044,80.0655,16.7125,5495,"SparseICP PointToPlane (p=0.400000)",69.9399,0.341869,17.0935,0.0451052,1,8,0,0,57.1745,57.1745,4.49816,35.9853,2.41702,19.3362,7.14286,57.1429
"Buddha",0.5,"Medium",19,223045,77.4126,25.7589,5495,"ESA+SparseICP PointToPlane (p=0.400000)",77.5295,0.291503,14.5751,0.0370428,1,7,0.00112012,128.755,41.4891,170.245,3.25726,22.8008,2.38693,16.7085,5.91964,41.4375
"Buddha",0.5,"Medium",19,223045,77.4126,25.7589,5495,"SparseICP PointToPlane (p=0.400000)",137.921,0.456794,22.8397,0.0332119,1,17,0,0,109.107,109.107,4.11568,69.9666,2.08568,35.4566,6.41541,109.062
"Buddha",0.5,"Large",0,224026,162.512,63.3078,5495,"ESA+SparseICP PointToPlane (p=0.400000)",0,2.27323e-05,0.00113661,7.80186e-05,1,5,0.000495074,118.149,20.4048,138.554,1.7369,8.6845,2.0364,10.182,4.07254,20.3627
"Buddha",0.5,"Large",0,224026,162.512,63.3078,5495,"SparseICP PointToPlane (p=0.400000)",172.326,2.45161,122.581,0.0501713,1,41,0,0,299.486,299.486,4.74925,194.719,2.39175,98.0619,7.30345,299.442
"Buddha",0.5,"Large",1,224027,159.761,40.1977,5495,"ESA+SparseICP PointToPlane (p=0.400000)",0,1.02406e-05,0.00051203,8.0424e-05,1,6,0.000291626,121.628,22.9049,144.532,1.59465,9.5679,1.93423,11.6054,3.81133,22.868
"Buddha",0.5,"Large",1,224027,159.761,40.1977,5495,"SparseICP PointToPlane (p=0.400000)",67.0324,0.819236,40.9618,0.0367591,1,57,0,0,672.17,672.17,7.08258,403.707,4.54358,258.984,11.7911,672.09
"Buddha",0.5,"Large",2,224028,168.212,66.8537,5495,"ESA+SparseICP PointToPlane (p=0.400000)",173.644,7.14961,357.48,5.8878,0,25,0.0238713,109.298,371.472,480.77,8.09409,202.352,6.66849,166.712,14.8551,371.377
"Buddha",0.5,"Large",2,224028,168.212,66.8537,5495,"SparseICP PointToPlane (p=0.400000)",176.028,2.52707,126.354,0.0701804,1,27,0,0,178.561,178.561,4.22474,114.068,2.20063,59.4169,6.60983,178.466
"Buddha",0.5,"Large",3,224029,164.374,53.8583,5495,"ESA+SparseICP PointToPlane (p=0.400000)",175.431,2.15594,107.797,0.0475949,1,8,0.00206043,115.608,54.5996,170.208,3.99824,31.9859,2.56814,20.5451,6.82012,54.561
"Buddha",0.5,"Large",3,224029,164.374,53.8583,5495,"SparseICP PointToPlane (p=0.400000)",79.8219,1.38285,69.1425,0.0367592,1,50,0,0,472.911,472.911,4.93648,246.824,4.41364,220.682,9.45749,472.874
"Buddha",0.5,"Large",4,224030,123.764,48.7448,5495,"ESA+SparseICP PointToPlane (p=0.400000)",0,1.12853e-05,0.000564265,7.60355e-05,1,9,0.000746702,109.621,37.8361,147.457,1.91134,17.2021,2.00277,18.0249,4.19968,37.7971
"Buddha",0.5,"Large",4,224030,123.764,48.7448,5495,"SparseICP PointToPlane (p=0.400000)",176.57,1.81823,90.9113,0.0720863,0,100,0,0,1929.68,1929.68,13.5501,1355.01,5.6588,565.88,19.2963,1929.63
"Buddha",0.5,"Large",5,224031,128.018,54.9504,5495,"ESA+SparseICP PointToPlane (p=0.400000)",0,2.89132e-06,0.000144566,7.58202e-05,1,11,0.00115182,103.103,51.8606,154.964,2.34404,25.7844,2.09358,23.0294,4.7115,51.8265
"Buddha",0.5,"Large",5,224031,128.018,54.9504,5495,"SparseICP PointToPlane (p=0.400000)",133.303,1.78554,89.277,0.0337506,1,17,0,0,102.23,102.23,3.91345,66.5287,1.93087,32.8248,6.01192,102.203
"Buddha",0.5,"Large",6,224032,159.562,65.6734,5495,"ESA+SparseICP PointToPlane (p=0.400000)",0,2.97663e-05,0.00148831,8.19888e-05,1,6,0.00218343,114.547,25.8881,140.435,2.02997,12.1798,2.0022,12.0132,4.30828,25.8497
"Buddha",0.5,"Large",6,224032,159.562,65.6734,5495,"SparseICP PointToPlane (p=0.400000)",77.5693,2133.87,106693,1821.02,1,98,0,0,938.094,938.094,3.29913,323.314,6.19833,607.436,9.57198,938.054
"Buddha",0.5,"Large",7,224033,172.053,65.2336,5495,"ESA+SparseICP PointToPlane (p=0.400000)",91.5739,1.42444,71.2218,0.0400998,1,5,0.00158242,97.6756,33.5652,131.241,4.04962,20.2481,2.39426,11.9713,6.70512,33.5256
"Buddha",0.5,"Large",7,224033,172.053,65.2336,5495,"SparseICP PointToPlane (p=0.400000)",168.512,1.41481,70.7405,0.0560841,1,12,0,0,83.8044,83.8044,4.22669,50.7203,2.5658,30.7896,6.98056,83.7667
"Buddha",0.5,"Large",8,224034,169.685,64.0558,5495,"ESA+SparseICP PointToPlane (p=0.400000)",0,1.44054e-05,0.000720269,8.0265e-05,1,8,0.00191512,103.234,37.6791,140.914,2.33051,18.6441,2.09903,16.7922,4.7045,37.636
"Buddha",0.5,"Large",8,224034,169.685,64.0558,5495,"SparseICP PointToPlane (p=0.400000)",137.173,6.34125,317.063,5.81748,0,100,0,0,1275.03,1275.03,6.43093,643.093,6.24574,624.574,12.7499,1274.99
"Buddha",0.5,"Large",9,224035,121.271,67.2705,5495,"ESA+SparseICP PointToPlane (p=0.400000)",0.0279765,2.31105e-05,0.00115552,7.61625e-05,1,4,0.000790014,103.31,16.0341,119.344,1.78175,7.127,1.9448,7.7792,4.00063,16.0025
"Buddha",0.5,"Large",9,224035,121.271,67.2705,5495,"SparseICP PointToPlane (p=0.400000)",169.934,2.64186,132.093,0.0613111,1,77,0,0,804.265,804.265,5.56238,428.304,4.77545,367.71,10.4445,804.224
"Buddha",0.5,"Large",10,224036,129.314,41.9729,5495,"ESA+SparseICP PointToPlane (p=0.400000)",0,2.45588e-05,0.00122794,8.42049e-05,1,4,0.000148111,114.207,14.6418,128.849,1.45555,5.8222,1.91395,7.6558,3.65178,14.6071
"Buddha",0.5,"Large",10,224036,129.314,41.9729,5495,"SparseICP PointToPlane (p=0.400000)",172.704,1.25031,62.5153,0.0501811,1,37,0,0,456.94,456.94,7.44169,275.343,4.79928,177.573,12.3489,456.91
"Buddha",0.5,"Large",11,224037,162.734,48.162,5495,"ESA+SparseICP PointToPlane (p=0.400000)",0,2.11999e-05,0.00106,7.96711e-05,1,8,0.00185539,104.488,39.2845,143.773,2.5229,20.1832,2.10214,16.8171,4.90452,39.2362
"Buddha",0.5,"Large",11,224037,162.734,48.162,5495,"SparseICP PointToPlane (p=0.400000)",111.309,9.54735,477.368,9.65191,0,100,0,0,932.847,932.847,2.95797,295.797,6.29628,629.628,9.32791,932.791
"Buddha",0.5,"Large",12,224038,131.385,60.6959,5495,"ESA+SparseICP PointToPlane (p=0.400000)",173.27,2.33642,116.821,0.0505334,1,17,0.00352112,117.428,112.9,230.328,4.07529,69.28,2.34462,39.8585,6.63874,112.859
"Buddha",0.5,"Large",12,224038,131.385,60.6959,5495,"SparseICP PointToPlane (p=0.400000)",177.841,2.1057,105.285,0.0659379,1,82,0,0,527.586,527.586,4.23742,347.469,2.04343,167.561,6.43313,527.516
"Buddha",0.5,"Large",13,224039,168.7,66.1312,5495,"ESA+SparseICP PointToPlane (p=0.400000)",132.438,1.54729,77.3644,0.0337842,1,18,0.00210434,102.117,103.105,205.222,3.1932,57.4776,2.27203,40.8965,5.72531,103.055
"Buddha",0.5,"Large",13,224039,168.7,66.1312,5495,"SparseICP PointToPlane (p=0.400000)",91.8848,5.75086,287.543,5.44814,0,100,0,0,1540.79,1540.79,8.98929,898.929,6.34603,634.603,15.4074,1540.74
"Buddha",0.5,"Large",14,224040,169.246,65.1967,5495,"ESA+SparseICP PointToPlane (p=0.400000)",143.974,3.99505,199.753,1.21094,0,25,0.0213374,105.407,325.467,430.875,6.31904,157.976,6.6072,165.18,13.017,325.425
"Buddha",0.5,"Large",14,224040,169.246,65.1967,5495,"SparseICP PointToPlane (p=0.400000)",176.917,0.767636,38.3818,0.0567731,1,8,0,0,63.7126,63.7126,5.23476,41.8781,2.58981,20.7185,7.96062,63.685
"Buddha",0.5,"Large",15,224041,132.495,50.4467,5495,"ESA+SparseICP PointToPlane (p=0.400000)",0,1.1423e-05,0.000571149,7.69636e-05,1,5,0.000755554,121.446,21.1422,142.588,1.97022,9.8511,1.97114,9.8557,4.22194,21.1097
"Buddha",0.5,"Large",15,224041,132.495,50.4467,5495,"SparseICP PointToPlane (p=0.400000)",0.0395647,1.13265e-05,0.000566323,7.68416e-05,1,55,0,0,625.768,625.768,7.3873,406.302,3.86486,212.568,11.3769,625.731
"Buddha",0.5,"Large",16,224042,179.722,42.9367,5495,"ESA+SparseICP PointToPlane (p=0.400000)",120.781,1.00366,50.1829,0.0350731,0,25,0.000968471,104.365,140.082,244.447,3.30507,82.6267,2.06345,51.5863,5.60138,140.035
"Buddha",0.5,"Large",16,224042,179.722,42.9367,5495,"SparseICP PointToPlane (p=0.400000)",173.087,1.15657,57.8285,0.0510811,1,39,0,0,388.232,388.232,5.9396,231.644,3.89724,151.993,9.95358,388.19
"Buddha",0.5,"Large",17,224043,177.077,55.2486,5495,"ESA+SparseICP PointToPlane (p=0.400000)",172.697,1.11744,55.8719,0.0498713,1,7,0.00278722,109.499,49.934,159.433,4.27561,29.9293,2.58513,18.0959,7.12606,49.8824
"Buddha",0.5,"Large",17,224043,177.077,55.2486,5495,"SparseICP PointToPlane (p=0.400000)",115.312,1.73157,86.5784,0.0420521,1,19,0,0,121.8,121.8,4.23953,80.5511,2.00164,38.0311,6.40895,121.77
"Buddha",0.5,"Large",18,224044,179.742,46.4513,5495,"ESA+SparseICP PointToPlane (p=0.400000)",0,1.20786e-05,0.000603931,8.16582e-05,1,5,0.00141822,110.494,20.6615,131.156,1.8866,9.433,1.95638,9.7819,4.12494,20.6247
"Buddha",0.5,"Large",18,224044,179.742,46.4513,5495,"SparseICP PointToPlane (p=0.400000)",175.146,1.64789,82.3944,0.0616558,1,12,0,0,83.074,83.074,4.25748,51.0897,2.47213,29.6656,6.92081,83.0497
"Buddha",0.5,"Large",19,224045,130.353,44.5855,5495,"ESA+SparseICP PointToPlane (p=0.400000)",0,1.68456e-05,0.000842281,8.05103e-05,1,3,9.13269e-05,107.59,10.6022,118.192,1.2922,3.8766,1.9416,5.8248,3.5212,10.5636
"Buddha",0.5,"Large",19,224045,130.353,44.5855,5495,"SparseICP PointToPlane (p=0.400000)",94.6925,16.0484,802.421,14.9414,1,3,0,0,38.6312,38.6312,6.27853,18.8356,6.4402,19.3206,12.8709,38.6128
"Buddha",0.25,"Small",0,232026,12.3936,7.58976,2747,"ESA+SparseICP PointToPlane (p=0.400000)",125.548,0.319369,15.9684,0.0264884,1,13,0.000488944,42.8525,32.4281,75.2806,1.24156,16.1403,1.12701,14.6511,2.4929,32.4077
"Buddha",0.25,"Small",0,232026,12.3936,7.58976,2747,"SparseICP PointToPlane (p=0.400000)",0,8.97926e-06,0.000448963,8.60512e-05,1,7,0,0,14.1324,14.1324,0.884386,6.1907,0.997786,6.9845,2.01679,14.1175
"Buddha",0.25,"Small",1,232027,11.9139,5.48404,2747,"ESA+SparseICP PointToPlane (p=0.400000)",0,1.48022e-05,0.000740112,8.88838e-05,1,4,4.62861e-05,50.0089,6.6668,56.6757,0.5786,2.3144,0.95315,3.8126,1.66268,6.6507
"Buddha",0.25,"Small",1,232027,11.9139,5.48404,2747,"SparseICP PointToPlane (p=0.400000)",0,1.52364e-05,0.00076182,8.69151e-05,1,8,0,0,17.5743,17.5743,1.04231,8.3385,1.02211,8.1769,2.19532,17.5626
"Buddha",0.25,"Small",2,232028,11.1113,3.83176,2747,"ESA+SparseICP PointToPlane (p=0.400000)",178.85,0.0349193,1.74596,0.0285962,1,9,0.000709888,50.6195,26.5793,77.1988,1.65843,14.9259,1.16159,10.4543,2.95111,26.56
"Buddha",0.25,"Small",2,232028,11.1113,3.83176,2747,"SparseICP PointToPlane (p=0.400000)",0.0279765,1.38711e-05,0.000693553,8.18769e-05,1,6,0,0,11.1862,11.1862,0.745217,4.4713,0.983283,5.8997,1.86178,11.1707
"Buddha",0.25,"Small",3,232029,12.588,7.30534,2747,"ESA+SparseICP PointToPlane (p=0.400000)",0,2.31835e-05,0.00115917,8.80695e-05,1,6,0.000381294,44.7435,11.5468,56.2903,0.79925,4.7955,0.984367,5.9062,1.92172,11.5303
"Buddha",0.25,"Small",3,232029,12.588,7.30534,2747,"SparseICP PointToPlane (p=0.400000)",0,2.25954e-05,0.00112977,8.47201e-05,1,7,0,0,15.4015,15.4015,1.04436,7.3105,1.0233,7.1631,2.19853,15.3897
"Buddha",0.25,"Small",4,232030,14.8431,6.87182,2747,"ESA+SparseICP PointToPlane (p=0.400000)",0,2.33501e-05,0.00116751,8.33023e-05,1,4,7.90724e-05,55.8855,7.3997,63.2852,0.7333,2.9332,0.977425,3.9097,1.846,7.384
"Buddha",0.25,"Small",4,232030,14.8431,6.87182,2747,"SparseICP PointToPlane (p=0.400000)",0.0279765,2.34823e-05,0.00117411,8.30315e-05,1,6,0,0,11.4738,11.4738,0.78065,4.6839,1.00123,6.0074,1.91028,11.4617
"Buddha",0.25,"Small",5,232031,17.9062,5.7833,2747,"ESA+SparseICP PointToPlane (p=0.400000)",126.766,0.159618,7.98092,0.0292546,1,21,0.000537889,53.4923,49.5165,103.009,1.0906,22.9026,1.14055,23.9515,2.35677,49.4921
"Buddha",0.25,"Small",5,232031,17.9062,5.7833,2747,"SparseICP PointToPlane (p=0.400000)",0,2.06821e-05,0.00103411,8.44924e-05,1,4,0,0,7.769,7.769,0.83125,3.325,0.977075,3.9083,1.93878,7.7551
"Buddha",0.25,"Small",6,232032,17.5757,5.74254,2747,"ESA+SparseICP PointToPlane (p=0.400000)",174.144,0.142396,7.11982,0.0384865,1,3,0.00127396,51.5582,8.4502,60.0084,1.53123,4.5937,1.16347,3.4904,2.81187,8.4356
"Buddha",0.25,"Small",6,232032,17.5757,5.74254,2747,"SparseICP PointToPlane (p=0.400000)",0,1.3551e-05,0.00067755,8.37985e-05,1,9,0,0,18.429,18.429,0.875922,7.8833,1.03772,9.3395,2.0462,18.4158
"Buddha",0.25,"Small",7,232033,10.4764,6.04924,2747,"ESA+SparseICP PointToPlane (p=0.400000)",17.522,0.413832,20.6916,0.0352459,1,9,0.00109902,49.7357,25.3967,75.1324,1.49648,13.4683,1.19409,10.7468,2.81968,25.3771
"Buddha",0.25,"Small",7,232033,10.4764,6.04924,2747,"SparseICP PointToPlane (p=0.400000)",0,1.78153e-05,0.000890766,8.6612e-05,1,5,0,0,9.8709,9.8709,0.86394,4.3197,0.97908,4.8954,1.97194,9.8597
"Buddha",0.25,"Small",8,232034,17.4878,5.36571,2747,"ESA+SparseICP PointToPlane (p=0.400000)",127.515,0.127556,6.3778,0.0265594,1,7,0.000648009,47.3207,17.8205,65.1412,1.29314,9.052,1.12199,7.8539,2.54209,17.7946
"Buddha",0.25,"Small",8,232034,17.4878,5.36571,2747,"SparseICP PointToPlane (p=0.400000)",0,1.90611e-05,0.000953057,8.46685e-05,1,7,0,0,15.0967,15.0967,1.00717,7.0502,1.01441,7.1009,2.1549,15.0843
"Buddha",0.25,"Small",9,232035,18.076,6.23514,2747,"ESA+SparseICP PointToPlane (p=0.400000)",0,1.57533e-05,0.000787664,8.00014e-05,1,4,7.84017e-05,48.848,6.9832,55.8312,0.64365,2.5746,0.969175,3.8767,1.74217,6.9687
"Buddha",0.25,"Small",9,232035,18.076,6.23514,2747,"SparseICP PointToPlane (p=0.400000)",0,1.5788e-05,0.0007894,8.00222e-05,1,6,0,0,12.2461,12.2461,0.920567,5.5234,0.9898,5.9388,2.03882,12.2329
"Buddha",0.25,"Small",10,232036,12.8247,5.48862,2747,"ESA+SparseICP PointToPlane (p=0.400000)",0.0279765,1.587e-05,0.000793502,8.11925e-05,1,6,0.000363203,49.3582,11.8185,61.1767,0.84905,5.0943,0.982267,5.8936,1.96683,11.801
"Buddha",0.25,"Small",10,232036,12.8247,5.48862,2747,"SparseICP PointToPlane (p=0.400000)",0,1.5192e-05,0.000759602,8.15958e-05,1,7,0,0,14.6701,14.6701,0.971514,6.8006,0.992429,6.947,2.09396,14.6577
"Buddha",0.25,"Small",11,232037,10.7278,5.49566,2747,"ESA+SparseICP PointToPlane (p=0.400000)",0,1.7007e-05,0.000850348,8.14349e-05,1,3,3.11069e-05,54.3838,5.144,59.5278,0.5849,1.7547,0.9872,2.9616,1.70923,5.1277
"Buddha",0.25,"Small",11,232037,10.7278,5.49566,2747,"SparseICP PointToPlane (p=0.400000)",0,1.75221e-05,0.000876107,8.21226e-05,1,6,0,0,12.473,12.473,0.936083,5.6165,1.0126,6.0756,2.07693,12.4616
"Buddha",0.25,"Small",12,232038,10.5403,6.19964,2747,"ESA+SparseICP PointToPlane (p=0.400000)",127.108,0.207687,10.3843,0.0274526,1,14,0.000497333,49.6552,33.3857,83.0409,1.13362,15.8707,1.12245,15.7143,2.38329,33.366
"Buddha",0.25,"Small",12,232038,10.5403,6.19964,2747,"SparseICP PointToPlane (p=0.400000)",0,1.90062e-05,0.000950312,8.19982e-05,1,5,0,0,9.5593,9.5593,0.81188,4.0594,0.96906,4.8453,1.9095,9.5475
"Buddha",0.25,"Small",13,232039,17.5042,5.67882,2747,"ESA+SparseICP PointToPlane (p=0.400000)",175.48,0.146389,7.31943,0.0284295,1,9,0.000686426,53.1549,25.8962,79.0511,1.5901,14.3109,1.15228,10.3705,2.87517,25.8765
"Buddha",0.25,"Small",13,232039,17.5042,5.67882,2747,"SparseICP PointToPlane (p=0.400000)",0,2.09072e-05,0.00104536,8.32998e-05,1,8,0,0,19.893,19.893,1.28302,10.2642,1.06899,8.5519,2.48481,19.8785
"Buddha",0.25,"Small",14,232040,11.1166,4.61241,2747,"ESA+SparseICP PointToPlane (p=0.400000)",132.799,0.138473,6.92365,0.0273321,1,6,0.000369002,58.0279,14.6682,72.6961,1.1952,7.1712,1.11888,6.7133,2.44198,14.6519
"Buddha",0.25,"Small",14,232040,11.1166,4.61241,2747,"SparseICP PointToPlane (p=0.400000)",0,1.85982e-05,0.000929912,8.13579e-05,1,5,0,0,9.5953,9.5953,0.81736,4.0868,0.96776,4.8388,1.91678,9.5839
"Buddha",0.25,"Small",15,232041,12.0024,6.03639,2747,"ESA+SparseICP PointToPlane (p=0.400000)",178.926,0.349771,17.4886,0.0420286,1,20,0.0016884,46.0099,59.8708,105.881,1.61754,32.3508,1.2529,25.0579,2.99247,59.8495
"Buddha",0.25,"Small",15,232041,12.0024,6.03639,2747,"SparseICP PointToPlane (p=0.400000)",0,1.26724e-05,0.000633621,8.7175e-05,1,8,0,0,18.147,18.147,1.10205,8.8164,1.02812,8.225,2.26652,18.1322
"Buddha",0.25,"Small",16,232042,15.6167,3.67132,2747,"ESA+SparseICP PointToPlane (p=0.400000)",0.0279765,1.33473e-05,0.000667365,7.96821e-05,1,3,3.35046e-05,50.8176,5.111,55.9286,0.619433,1.8583,0.947,2.841,1.6987,5.0961
"Buddha",0.25,"Small",16,232042,15.6167,3.67132,2747,"SparseICP PointToPlane (p=0.400000)",0,1.27007e-05,0.000635037,8.31147e-05,1,6,0,0,13.1328,13.1328,1.05292,6.3175,0.995883,5.9753,2.18672,13.1203
"Buddha",0.25,"Small",17,232043,17.8976,5.58817,2747,"ESA+SparseICP PointToPlane (p=0.400000)",146.58,0.128324,6.41619,0.0364643,1,10,0.00102713,49.9113,29.2473,79.1586,1.60924,16.0924,1.18316,11.8316,2.9228,29.228
"Buddha",0.25,"Small",17,232043,17.8976,5.58817,2747,"SparseICP PointToPlane (p=0.400000)",0,2.01909e-05,0.00100955,8.59721e-05,1,5,0,0,10.3306,10.3306,0.93782,4.6891,0.9958,4.979,2.06368,10.3184
"Buddha",0.25,"Small",18,232044,11.8793,6.93638,2747,"ESA+SparseICP PointToPlane (p=0.400000)",169.088,0.162634,8.13168,0.0389053,1,12,0.00104216,47.7715,33.0705,80.842,1.42028,17.0433,1.21863,14.6236,2.75438,33.0526
"Buddha",0.25,"Small",18,232044,11.8793,6.93638,2747,"SparseICP PointToPlane (p=0.400000)",0,1.94261e-05,0.000971307,7.79598e-05,1,10,0,0,23.9687,23.9687,1.18413,11.8413,1.07426,10.7426,2.3955,23.955
"Buddha",0.25,"Small",19,232045,13.3337,5.79833,2747,"ESA+SparseICP PointToPlane (p=0.400000)",123.31,0.241417,12.0708,0.026306,1,22,0.000694548,46.0528,54.1203,100.173,1.20184,26.4404,1.13153,24.8937,2.4588,54.0937
"Buddha",0.25,"Small",19,232045,13.3337,5.79833,2747,"SparseICP PointToPlane (p=0.400000)",0,2.39629e-05,0.00119815,8.24167e-05,1,4,0,0,7.6696,7.6696,0.817325,3.2693,0.963925,3.8557,1.91365,7.6546
"Buddha",0.25,"Medium",0,233026,71.0954,17.3128,2747,"ESA+SparseICP PointToPlane (p=0.400000)",176.02,0.547792,27.3896,0.0287755,1,17,0.000868643,38.3533,44.9752,83.3285,1.35909,23.1046,1.14933,19.5386,2.64425,44.9522
"Buddha",0.25,"Medium",0,233026,71.0954,17.3128,2747,"SparseICP PointToPlane (p=0.400000)",111.48,33.6246,1681.23,32.9072,1,89,0,0,672.854,672.854,4.30949,383.545,3.21164,285.836,7.55985,672.827
"Buddha",0.25,"Medium",1,233027,65.2418,16.8016,2747,"ESA+SparseICP PointToPlane (p=0.400000)",170.642,0.507352,25.3676,0.0383043,1,9,0.00138356,52.566,26.3543,78.9203,1.56737,14.1063,1.2354,11.1186,2.92632,26.3369
"Buddha",0.25,"Medium",1,233027,65.2418,16.8016,2747,"SparseICP PointToPlane (p=0.400000)",0,1.91643e-05,0.000958215,8.0045e-05,1,19,0,0,65.6326,65.6326,1.91091,36.3072,1.42496,27.0742,3.45346,65.6157
"Buddha",0.25,"Medium",2,233028,66.3379,17.1181,2747,"ESA+SparseICP PointToPlane (p=0.400000)",178.894,0.97376,48.688,0.0413219,1,3,0.00121115,46.0265,8.9847,55.0112,1.66377,4.9913,1.1983,3.5949,2.98883,8.9665
"Buddha",0.25,"Medium",2,233028,66.3379,17.1181,2747,"SparseICP PointToPlane (p=0.400000)",53.2131,5.72976,286.488,4.6381,0,100,0,0,588.509,588.509,2.65788,265.788,3.18619,318.619,5.88481,588.481
"Buddha",0.25,"Medium",3,233029,70.5129,26.841,2747,"ESA+SparseICP PointToPlane (p=0.400000)",174.945,1.05707,52.8534,0.0277364,1,7,0.000634525,46.5173,18.5282,65.0455,1.38049,9.6634,1.13121,7.9185,2.64441,18.5109
"Buddha",0.25,"Medium",3,233029,70.5129,26.841,2747,"SparseICP PointToPlane (p=0.400000)",113.506,8.46384,423.192,7.72204,0,100,0,0,1487.35,1487.35,11.6026,1160.26,3.23182,323.182,14.8732,1487.32
"Buddha",0.25,"Medium",4,233030,52.0322,21.2251,2747,"ESA+SparseICP PointToPlane (p=0.400000)",0,2.1583e-05,0.00107915,8.40288e-05,1,7,0.000396396,44.0992,13.0452,57.1444,0.727671,5.0937,1.00019,7.0013,1.86109,13.0276
"Buddha",0.25,"Medium",4,233030,52.0322,21.2251,2747,"SparseICP PointToPlane (p=0.400000)",38.6663,4.67784,233.892,4.5117,0,100,0,0,720.112,720.112,3.97977,397.977,3.18125,318.125,7.20084,720.084
"Buddha",0.25,"Medium",5,233031,55.0455,23.6272,2747,"ESA+SparseICP PointToPlane (p=0.400000)",136.362,0.844673,42.2336,0.0264207,1,9,0.000688494,51.0813,22.5035,73.5848,1.21872,10.9685,1.13532,10.2179,2.4983,22.4847
"Buddha",0.25,"Medium",5,233031,55.0455,23.6272,2747,"SparseICP PointToPlane (p=0.400000)",147.61,4.28187,214.093,2.74105,1,6,0,0,38.0649,38.0649,2.7116,16.2696,3.55595,21.3357,6.34203,38.0522
"Buddha",0.25,"Medium",6,233032,78.155,22.0447,2747,"ESA+SparseICP PointToPlane (p=0.400000)",167.047,0.806485,40.3242,0.0277286,1,19,0.000613601,50.1967,48.5288,98.7255,1.26966,24.1236,1.15108,21.8706,2.55292,48.5054
"Buddha",0.25,"Medium",6,233032,78.155,22.0447,2747,"SparseICP PointToPlane (p=0.400000)",77.0599,0.22896,11.448,0.0492556,1,28,0,0,76.8767,76.8767,1.56456,43.8078,1.09398,30.6315,2.74478,76.8539
"Buddha",0.25,"Medium",7,233033,66.0884,27.6175,2747,"ESA+SparseICP PointToPlane (p=0.400000)",133.346,0.956339,47.8169,0.0403161,1,5,0.00172552,40.8558,14.443,55.2988,1.57916,7.8958,1.17956,5.8978,2.88516,14.4258
"Buddha",0.25,"Medium",7,233033,66.0884,27.6175,2747,"SparseICP PointToPlane (p=0.400000)",151.63,1.28317,64.1586,0.0413502,1,27,0,0,157.477,157.477,3.84538,103.825,1.91983,51.8353,5.83185,157.46
"Buddha",0.25,"Medium",8,233034,58.8693,16.8902,2747,"ESA+SparseICP PointToPlane (p=0.400000)",20.6417,0.398061,19.903,0.0370345,1,13,0.00133294,57.1308,39.7729,96.9037,1.70685,22.189,1.22189,15.8846,3.05742,39.7464
"Buddha",0.25,"Medium",8,233034,58.8693,16.8902,2747,"SparseICP PointToPlane (p=0.400000)",0,2.23922e-05,0.00111961,8.53348e-05,1,46,0,0,112.702,112.702,1.4196,65.3015,0.946259,43.5279,2.44953,112.678
"Buddha",0.25,"Medium",9,233035,53.4655,22.7838,2747,"ESA+SparseICP PointToPlane (p=0.400000)",121.734,0.613697,30.6848,0.028364,1,22,0.000760951,47.764,53.3962,101.16,1.17201,25.7843,1.12952,24.8494,2.426,53.3721
"Buddha",0.25,"Medium",9,233035,53.4655,22.7838,2747,"SparseICP PointToPlane (p=0.400000)",78.1861,4.05268,202.634,3.82678,0,100,0,0,588.355,588.355,2.71981,271.981,3.12539,312.539,5.88327,588.327
"Buddha",0.25,"Medium",10,233036,86.295,24.7876,2747,"ESA+SparseICP PointToPlane (p=0.400000)",0,2.9826e-05,0.0014913,7.93612e-05,1,6,0.000500757,47.8685,11.3228,59.1913,0.780283,4.6817,0.970383,5.8223,1.88428,11.3057
"Buddha",0.25,"Medium",10,233036,86.295,24.7876,2747,"SparseICP PointToPlane (p=0.400000)",127.908,5.95665,297.832,0.716631,0,100,0,0,723.02,723.02,3.93928,393.928,3.25178,325.178,7.22991,722.991
"Buddha",0.25,"Medium",11,233037,84.7762,21.7242,2747,"ESA+SparseICP PointToPlane (p=0.400000)",0,1.47872e-05,0.000739358,9.74477e-05,1,3,3.5863e-05,54.8461,4.7672,59.6133,0.5092,1.5276,0.9472,2.8416,1.5842,4.7526
"Buddha",0.25,"Medium",11,233037,84.7762,21.7242,2747,"SparseICP PointToPlane (p=0.400000)",68.9406,0.570467,28.5234,0.0396123,1,12,0,0,38.6041,38.6041,1.82002,21.8403,1.28051,15.3661,3.21548,38.5858
"Buddha",0.25,"Medium",12,233038,63.332,23.2784,2747,"ESA+SparseICP PointToPlane (p=0.400000)",0,1.86167e-05,0.000930837,8.14398e-05,1,4,6.57953e-05,43.5071,7.3148,50.8219,0.709075,2.8363,0.9525,3.81,1.82507,7.3003
"Buddha",0.25,"Medium",12,233038,63.332,23.2784,2747,"SparseICP PointToPlane (p=0.400000)",0,1.30665e-05,0.000653324,8.00518e-05,1,10,0,0,28.909,28.909,1.57088,15.7088,1.18943,11.8943,2.88958,28.8958
"Buddha",0.25,"Medium",13,233039,72.5699,15.4285,2747,"ESA+SparseICP PointToPlane (p=0.400000)",0,2.23432e-05,0.00111716,8.35548e-05,1,5,0.000314449,48.2586,9.3777,57.6363,0.77908,3.8954,0.96304,4.8152,1.87176,9.3588
"Buddha",0.25,"Medium",13,233039,72.5699,15.4285,2747,"SparseICP PointToPlane (p=0.400000)",99.8151,7.65548,382.774,6.45845,0,100,0,0,552.195,552.195,2.27934,227.934,3.20166,320.166,5.52167,552.167
"Buddha",0.25,"Medium",14,233040,72.2454,23.2779,2747,"ESA+SparseICP PointToPlane (p=0.400000)",166.857,0.97113,48.5565,0.0398561,1,2,0.00165376,51.6558,6.1567,57.8125,1.77225,3.5445,1.16705,2.3341,3.06885,6.1377
"Buddha",0.25,"Medium",14,233040,72.2454,23.2779,2747,"SparseICP PointToPlane (p=0.400000)",69.2676,0.669944,33.4972,0.0460361,1,11,0,0,33.7304,33.7304,1.65311,18.1842,1.29742,14.2716,3.06513,33.7164
"Buddha",0.25,"Medium",15,233041,51.78,23.4517,2747,"ESA+SparseICP PointToPlane (p=0.400000)",131.528,0.87827,43.9135,0.0415536,1,2,0.00132568,49.5309,6.346,55.8769,1.8727,3.7454,1.1739,2.3478,3.1655,6.331
"Buddha",0.25,"Medium",15,233041,51.78,23.4517,2747,"SparseICP PointToPlane (p=0.400000)",0,2.24673e-05,0.00112337,8.46367e-05,1,27,0,0,62.537,62.537,1.06274,28.694,1.12556,30.39,2.31545,62.5171
"Buddha",0.25,"Medium",16,233042,63.2429,20.8195,2747,"ESA+SparseICP PointToPlane (p=0.400000)",0,1.84252e-05,0.000921259,8.34575e-05,1,3,3.58702e-05,53.6217,5.0057,58.6274,0.563533,1.6906,0.9573,2.8719,1.66343,4.9903
"Buddha",0.25,"Medium",16,233042,63.2429,20.8195,2747,"SparseICP PointToPlane (p=0.400000)",12.9316,0.462084,23.1042,0.0404124,1,10,0,0,33.0595,33.0595,1.9003,19.003,1.2686,12.686,3.30448,33.0448
"Buddha",0.25,"Medium",17,233043,83.0061,16.2746,2747,"ESA+SparseICP PointToPlane (p=0.400000)",121.787,0.474323,23.7161,0.0262854,1,22,0.000705718,54.0897,52.1368,106.227,1.10825,24.3815,1.13116,24.8856,2.36872,52.1119
"Buddha",0.25,"Medium",17,233043,83.0061,16.2746,2747,"SparseICP PointToPlane (p=0.400000)",161.822,0.636088,31.8044,0.229554,0,100,0,0,616.351,616.351,2.99308,299.308,3.1317,313.17,6.1632,616.32
"Buddha",0.25,"Medium",18,233044,79.9408,24.2341,2747,"ESA+SparseICP PointToPlane (p=0.400000)",0,1.75245e-05,0.000876225,8.39998e-05,1,10,0.000534871,52.4005,19.6517,72.0522,0.79534,7.9534,1.03693,10.3693,1.9632,19.632
"Buddha",0.25,"Medium",18,233044,79.9408,24.2341,2747,"SparseICP PointToPlane (p=0.400000)",37.058,0.348003,17.4001,0.0408565,1,19,0,0,55.5049,55.5049,1.54731,29.3989,1.25221,23.7919,2.92034,55.4865
"Buddha",0.25,"Medium",19,233045,74.9356,16.1755,2747,"ESA+SparseICP PointToPlane (p=0.400000)",166.721,0.279006,13.9503,0.0410513,1,15,0.00114972,50.3047,43.6652,93.9699,1.53594,23.0391,1.25097,18.7645,2.90957,43.6435
"Buddha",0.25,"Medium",19,233045,74.9356,16.1755,2747,"SparseICP PointToPlane (p=0.400000)",163.86,13.7296,686.479,13.2515,1,3,0,0,26.5228,26.5228,5.01317,15.0395,3.75067,11.252,8.8359,26.5077
"Buddha",0.25,"Large",0,234026,159.246,64.5903,2747,"ESA+SparseICP PointToPlane (p=0.400000)",0.0279765,1.38353e-05,0.000691767,9.1883e-05,1,4,0.000129669,41.585,7.0826,48.6676,0.669525,2.6781,0.9587,3.8348,1.76647,7.0659
"Buddha",0.25,"Large",0,234026,159.246,64.5903,2747,"SparseICP PointToPlane (p=0.400000)",58.9362,19.8424,992.12,17.8658,1,3,0,0,21.2371,21.2371,3.23287,9.6986,3.7699,11.3097,7.0759,21.2277
"Buddha",0.25,"Large",1,234027,157.432,69.2506,2747,"ESA+SparseICP PointToPlane (p=0.400000)",42.539,0.966048,48.3024,0.0418923,1,3,0.00167045,44.3952,9.3022,53.6974,1.74013,5.2204,1.22627,3.6788,3.09523,9.2857
"Buddha",0.25,"Large",1,234027,157.432,69.2506,2747,"SparseICP PointToPlane (p=0.400000)",141.41,6.46142,323.071,5.33339,0,100,0,0,665.515,665.515,3.39353,339.353,3.2211,322.11,6.65487,665.487
"Buddha",0.25,"Large",2,234028,164.716,60.343,2747,"ESA+SparseICP PointToPlane (p=0.400000)",119.324,39.2218,1961.09,38.6584,1,4,0.0156701,38.945,29.0492,67.9942,3.6962,14.7848,3.4846,13.9384,7.25872,29.0349
"Buddha",0.25,"Large",2,234028,164.716,60.343,2747,"SparseICP PointToPlane (p=0.400000)",81.5618,2.59961,129.981,1.22537,0,100,0,0,834.074,834.074,5.12913,512.913,3.17175,317.175,8.34043,834.043
"Buddha",0.25,"Large",3,234029,155.548,63.196,2747,"ESA+SparseICP PointToPlane (p=0.400000)",165.19,12.8521,642.606,10.4321,0,25,0.0108203,38.5805,178.609,217.19,3.71799,92.9497,3.37058,84.2644,7.14349,178.587
"Buddha",0.25,"Large",3,234029,155.548,63.196,2747,"SparseICP PointToPlane (p=0.400000)",173.761,2.64242,132.121,0.0424805,1,63,0,0,419.87,419.87,4.49107,282.938,2.11781,133.422,6.6641,419.838
"Buddha",0.25,"Large",4,234030,173.015,66.2835,2747,"ESA+SparseICP PointToPlane (p=0.400000)",131.653,2.09856,104.928,0.0404334,1,13,0.00262485,34.4925,37.1898,71.6823,1.46195,19.0054,1.26665,16.4664,2.85928,37.1706
"Buddha",0.25,"Large",4,234030,173.015,66.2835,2747,"SparseICP PointToPlane (p=0.400000)",170.609,8.10897,405.449,5.88075,0,100,0,0,846.433,846.433,5.15842,515.842,3.26469,326.469,8.46388,846.388
"Buddha",0.25,"Large",5,234031,158.865,64.4864,2747,"ESA+SparseICP PointToPlane (p=0.400000)",118.481,0.664036,33.2018,0.0272716,1,8,0.00068795,49.3313,19.395,68.7263,1.16874,9.3499,1.12641,9.0113,2.42206,19.3765
"Buddha",0.25,"Large",5,234031,158.865,64.4864,2747,"SparseICP PointToPlane (p=0.400000)",151.613,17.5041,875.206,15.9764,1,65,0,0,496.716,496.716,4.38675,285.139,3.21283,208.834,7.64141,496.692
"Buddha",0.25,"Large",6,234032,179.193,42.4138,2747,"ESA+SparseICP PointToPlane (p=0.400000)",0,1.0639e-05,0.000531952,8.67365e-05,1,4,0.000185785,45.9523,7.3744,53.3267,0.7429,2.9716,0.961475,3.8459,1.83948,7.3579
"Buddha",0.25,"Large",6,234032,179.193,42.4138,2747,"SparseICP PointToPlane (p=0.400000)",140.524,1.00202,50.1008,0.0431341,1,29,0,0,143.296,143.296,2.20486,63.9409,2.67326,77.5246,4.94061,143.278
"Buddha",0.25,"Large",7,234033,162.978,53.801,2747,"ESA+SparseICP PointToPlane (p=0.400000)",148.831,1.86725,93.3624,0.0324464,1,7,0.00162237,51.4368,19.038,70.4748,1.42306,9.9614,1.1651,8.1557,2.71717,19.0202
"Buddha",0.25,"Large",7,234033,162.978,53.801,2747,"SparseICP PointToPlane (p=0.400000)",170.759,1.8979,94.895,1.13127,0,100,0,0,777.627,777.627,4.49511,449.511,3.24165,324.165,7.77598,777.598
"Buddha",0.25,"Large",8,234034,157.781,50.5255,2747,"ESA+SparseICP PointToPlane (p=0.400000)",169.207,1.91632,95.8159,0.0291033,1,6,0.000579203,48.4471,15.9809,64.428,1.37995,8.2797,1.14507,6.8704,2.66043,15.9626
"Buddha",0.25,"Large",8,234034,157.781,50.5255,2747,"SparseICP PointToPlane (p=0.400000)",122.472,5.81902,290.951,3.9476,0,100,0,0,812.56,812.56,4.90402,490.402,3.18187,318.187,8.12533,812.533
"Buddha",0.25,"Large",9,234035,178.474,51.148,2747,"ESA+SparseICP PointToPlane (p=0.400000)",175.994,0.736701,36.8351,0.0417217,1,19,0.00175609,47.6404,55.9715,103.612,1.57696,29.9623,1.25386,23.8233,2.9447,55.9493
"Buddha",0.25,"Large",9,234035,178.474,51.148,2747,"SparseICP PointToPlane (p=0.400000)",138.623,11.6708,583.542,10.8074,1,72,0,0,500.604,500.604,3.79905,273.531,3.11371,224.187,6.95253,500.582
"Buddha",0.25,"Large",10,234036,124.382,45.2535,2747,"ESA+SparseICP PointToPlane (p=0.400000)",0,1.71697e-05,0.000858487,8.84662e-05,1,4,8.6678e-05,46.493,6.7543,53.2473,0.58065,2.3226,0.972725,3.8909,1.6849,6.7396
"Buddha",0.25,"Large",10,234036,124.382,45.2535,2747,"SparseICP PointToPlane (p=0.400000)",171.475,1.56416,78.2082,0.038751,1,10,0,0,43.666,43.666,2.58894,25.8894,1.66738,16.6738,4.36519,43.6519
"Buddha",0.25,"Large",11,234037,154.268,61.6608,2747,"ESA+SparseICP PointToPlane (p=0.400000)",111.385,5.52627,276.313,4.7683,0,25,0.0150768,36.2423,199.593,235.835,4.46075,111.519,3.47221,86.8052,7.98287,199.572
"Buddha",0.25,"Large",11,234037,154.268,61.6608,2747,"SparseICP PointToPlane (p=0.400000)",169.931,1.819,90.9498,0.0395215,1,66,0,0,213.087,213.087,1.5946,105.244,1.56492,103.285,3.22814,213.057
"Buddha",0.25,"Large",12,234038,137.323,64.1904,2747,"ESA+SparseICP PointToPlane (p=0.400000)",38.4449,0.439677,21.9839,0.0252569,1,13,0.00149968,34.7026,31.4991,66.2017,1.15149,14.9694,1.14749,14.9174,2.42141,31.4783
"Buddha",0.25,"Large",12,234038,137.323,64.1904,2747,"SparseICP PointToPlane (p=0.400000)",152.767,8.06096,403.048,6.45548,0,100,0,0,516.415,516.415,1.93778,193.778,3.18685,318.685,5.16388,516.388
"Buddha",0.25,"Large",13,234039,127.544,48.8591,2747,"ESA+SparseICP PointToPlane (p=0.400000)",74.5476,1.18578,59.2891,0.0350651,1,2,0.0007877,45.274,5.4152,50.6892,1.42955,2.8591,1.13325,2.2665,2.69835,5.3967
"Buddha",0.25,"Large",13,234039,127.544,48.8591,2747,"SparseICP PointToPlane (p=0.400000)",161.071,12.9149,645.747,10.8607,0,100,0,0,793.87,793.87,4.67036,467.036,3.22919,322.919,7.93837,793.837
"Buddha",0.25,"Large",14,234040,154.383,65.8561,2747,"ESA+SparseICP PointToPlane (p=0.400000)",0,7.04867e-05,0.00352433,7.84224e-05,1,20,0.0111549,36.9975,57.8584,94.8559,1.57909,31.5818,1.18483,23.6965,2.89162,57.8323
"Buddha",0.25,"Large",14,234040,154.383,65.8561,2747,"SparseICP PointToPlane (p=0.400000)",177.858,12.2716,613.58,11.1333,0,100,0,0,714.59,714.59,3.93008,393.008,3.17834,317.834,7.14561,714.561
"Buddha",0.25,"Large",15,234041,176.326,56.4545,2747,"ESA+SparseICP PointToPlane (p=0.400000)",0,4.07324e-05,0.00203662,9.16072e-05,1,5,0.00105242,40.5591,10.1543,50.7134,0.90348,4.5174,0.98878,4.9439,2.02736,10.1368
"Buddha",0.25,"Large",15,234041,176.326,56.4545,2747,"SparseICP PointToPlane (p=0.400000)",63.6721,25.7393,1286.96,24.5686,1,11,0,0,88.9993,88.9993,4.25816,46.8398,3.76875,41.4563,8.08966,88.9863
"Buddha",0.25,"Large",16,234042,150.731,41.4305,2747,"ESA+SparseICP PointToPlane (p=0.400000)",0,3.07349e-05,0.00153674,8.75364e-05,1,4,0.000111002,42.5197,6.5099,49.0296,0.5346,2.1384,0.958,3.832,1.6236,6.4944
"Buddha",0.25,"Large",16,234042,150.731,41.4305,2747,"SparseICP PointToPlane (p=0.400000)",179.167,2.10561,105.28,0.0534534,1,25,0,0,148.168,148.168,3.56637,89.1593,2.29381,57.3453,5.92608,148.152
"Buddha",0.25,"Large",17,234043,139.268,49.9482,2747,"ESA+SparseICP PointToPlane (p=0.400000)",0,3.53337e-05,0.00176669,8.32688e-05,1,5,0.000211679,49.6239,8.7165,58.3404,0.63234,3.1617,0.9567,4.7835,1.73954,8.6977
"Buddha",0.25,"Large",17,234043,139.268,49.9482,2747,"SparseICP PointToPlane (p=0.400000)",169.389,16.8972,844.858,15.2238,0,100,0,0,732.053,732.053,4.09324,409.324,3.18697,318.697,7.32025,732.025
"Buddha",0.25,"Large",18,234044,155.566,57.2005,2747,"ESA+SparseICP PointToPlane (p=0.400000)",146.708,1.95332,97.6658,0.0319933,1,6,0.00155787,46.1303,17.6553,63.7856,1.6312,9.7872,1.1764,7.0584,2.93958,17.6375
"Buddha",0.25,"Large",18,234044,155.566,57.2005,2747,"SparseICP PointToPlane (p=0.400000)",79.1866,9.07018,453.509,8.0749,1,2,0,0,16.7383,16.7383,4.8177,9.6354,3.47665,6.9533,8.3642,16.7284
"Buddha",0.25,"Large",19,234045,169.734,46.7081,2747,"ESA+SparseICP PointToPlane (p=0.400000)",179.139,1.14521,57.2606,0.0420546,0,25,0.00142384,44.9414,72.9346,117.876,1.54758,38.6894,1.25062,31.2654,2.91629,72.9072
"Buddha",0.25,"Large",19,234045,169.734,46.7081,2747,"SparseICP PointToPlane (p=0.400000)",82.153,10.2659,513.296,9.48302,1,20,0,0,121.659,121.659,2.8109,56.218,3.22878,64.5757,6.08215,121.643
"Buddha",1,"Identity",0,1202025,0,0,10989,"ESA+SparseICP PointToPlane (p=0.400000)",0,3.27013e-06,0.000163507,7.94057e-05,1,2,3.28045e-05,320.605,13.6715,334.276,2.4568,4.9136,3.7835,7.567,6.8178,13.6356
"Buddha",1,"Identity",0,1202025,0,0,10989,"SparseICP PointToPlane (p=0.400000)",0,3.03814e-06,0.000151907,8.01685e-05,1,1,0,0,6.6435,6.6435,2.0834,2.0834,3.8246,3.8246,6.6144,6.6144
